scheme,target,unit,domain_type,domain,records,DOI,descriptive_eligible,inferential_eligible,mean_measured,mean_measured_CI_low,mean_measured_CI_high,mean_predicted,mean_predicted_CI_low,mean_predicted_CI_high,MAE,MAE_CI_low,MAE_CI_high,bias,bias_CI_low,bias_CI_high,RMSE,RMSE_CI_low,RMSE_CI_high,R2,R2_CI_low,R2_CI_high,target_SD,target_SD_CI_low,target_SD_CI_high,MAE_over_target_SD,MAE_over_target_SD_CI_low,MAE_over_target_SD_CI_high,mean_feature_OOD_percentile,mean_feature_OOD_percentile_CI_low,mean_feature_OOD_percentile_CI_high,high_feature_OOD_fraction,high_feature_OOD_fraction_CI_low,high_feature_OOD_fraction_CI_high,mean_model_OOD_percentile,mean_model_OOD_percentile_CI_low,mean_model_OOD_percentile_CI_high,high_model_OOD_fraction,high_model_OOD_fraction_CI_low,high_model_OOD_fraction_CI_high,formula_unseen_fraction,formula_unseen_fraction_CI_low,formula_unseen_fraction_CI_high,coverage_90,coverage_90_CI_low,coverage_90_CI_high,coverage_95,coverage_95_CI_low,coverage_95_CI_high,interval_90_mean_width,interval_90_mean_width_CI_low,interval_90_mean_width_CI_high,interval_95_mean_width,interval_95_mean_width_CI_low,interval_95_mean_width_CI_high
DOI-grouped 5-fold,PCE,percentage point,A-site pattern,MA (no FA/Cs),4713,928,True,True,12.87309432521633,12.592742990921646,13.165808347649676,12.35951934128265,12.164565764382294,12.551971590959523,3.1049275645202554,2.983074985481496,3.2379884837908826,-0.5135749839336772,-0.7408057326870169,-0.29878178191590826,3.9759453485297818,3.827248079245603,4.152638500100086,0.3434957550138621,0.2842821942455916,0.3930432225084066,4.907063034937231,4.729874898010232,5.072521236142851,0.6327466230643137,0.6074937033625801,0.6618607245478955,0.5323243325151172,0.5143828658344839,0.5507903913806916,0.06199927840077434,0.04820897245414075,0.07731997377136025,0.3563104927768789,0.34457978522658145,0.36819039234783096,0.0,0.0,0.0,0.032132050181619146,0.022126798650050433,0.0427476591627108,0.8995349097921428,0.883905719736124,0.913695608478335,0.9476028860012038,0.9357888736149796,0.9585674335741908,12.510540507865446,12.297809208167813,12.719886056591822,15.764798947887451,15.498533247993874,16.03199847104933
DOI-grouped 5-fold,PCE,percentage point,A-site pattern,FA (no MA/Cs),301,62,True,True,10.524716396103894,9.176847805334628,11.854195803964028,9.762773133553166,8.689252653225479,10.77711579281896,3.2041040198995905,2.6498885212704675,3.7843260253128643,-0.7619432625507294,-1.6561408814204852,0.14667230935527234,4.120941367420101,3.4386702000379588,4.78900420585812,0.4464929718937246,0.24940976449544694,0.6025198686400112,5.539044645184581,4.820992883527857,6.093664100346197,0.5784578794982466,0.4928174483210645,0.6765724950916071,0.8083778529962224,0.7699358504589421,0.8494597797562695,0.3420332355816227,0.24187613071008593,0.4627602294127718,0.4456144397057887,0.3955108019016555,0.4968082786854929,0.0,0.0,0.0,0.14408602150537636,0.0703125,0.2264667277167277,0.904423264907136,0.8431780303030303,0.9581664862914864,0.9296798631476051,0.8778246766911539,0.9730613471673254,13.651456514288396,12.60800318039578,14.761177155908408,17.183865576440315,15.885971444442509,18.560651878566627
DOI-grouped 5-fold,PCE,percentage point,A-site pattern,Cs (no FA/MA),862,174,True,True,9.187875310193178,8.563610658381574,9.774560764666957,8.685784818863638,8.162573424014191,9.169052927399463,2.127235785014022,1.9185299805334273,2.339563500725961,-0.5020904913295375,-0.8180157175414717,-0.1546230522426295,2.8034988937541683,2.5529795872267558,3.061794539714019,0.5879555198739912,0.48751066536565396,0.6660081953156837,4.367453992802757,3.987449997851478,4.703535181575337,0.4870654135154143,0.4350898205950063,0.5481902581263737,0.8661713141934045,0.8470322968626591,0.8834010868837253,0.3157773436138286,0.24790165414954007,0.3806581645860187,0.40031219564523535,0.3739574682262538,0.4262567666880518,0.0,0.0,0.0,0.04490928555330178,0.01858670238537899,0.07305459574805045,0.9462843463350563,0.9248841540159837,0.9642980280244063,0.9798609253604182,0.9671821820204173,0.9908071225649352,10.655407847288194,10.111545962329977,11.235736000586977,13.413932676085812,12.732537914338163,14.117522950837653
DOI-grouped 5-fold,PCE,percentage point,A-site pattern,FA+MA,1107,255,True,True,16.216310927634456,15.74855172097753,16.656694961493784,15.567799278723296,15.21988833023534,15.882282310493231,2.6958824767640848,2.509656896228728,2.909751730589866,-0.6485116489111612,-0.9885096237681188,-0.2896629569866399,3.4503632074759985,3.192180520837754,3.7137572106507366,0.3261877692031987,0.1879752230699746,0.4496506997273943,4.203348212424856,3.782448292493109,4.5957612587768875,0.6413654878259221,0.5790309976070508,0.7082317011849715,0.607006516322511,0.5748767400587338,0.6379924719920196,0.08139420492361668,0.05297095074747459,0.11404453140838018,0.42637307469418934,0.4052506037832344,0.44639326905785254,0.0,0.0,0.0,0.05158730158730159,0.029663154514061003,0.07721770783785213,0.9279009443715326,0.9068525109911804,0.9482043636448616,0.9685131426307897,0.9538156349676711,0.9815261629758835,11.913288910251099,11.453560907874875,12.370068085424535,15.01851783019051,14.44139631563004,15.601886876941675
DOI-grouped 5-fold,PCE,percentage point,A-site pattern,FA+Cs,331,72,True,True,14.822288858767413,13.91043688729299,15.627748409923743,14.403206929285005,13.88896691920912,14.868207655056706,2.8554098617135697,2.4288375812555065,3.2816978385700204,-0.4190819294824052,-1.1088724845641686,0.31729287753307517,3.6227326016072547,3.0847322498412924,4.120584048107136,0.2606080409097411,0.04943062944764199,0.4223779606643034,4.213072355202439,3.5791942802152694,4.774118837112038,0.6777500173211163,0.5970900781872429,0.7868581217860291,0.7431261763459608,0.6929831252158603,0.7889790343675583,0.14814814814814817,0.07870370370370369,0.22414790868454662,0.5075398645805165,0.47430302635707494,0.5390738764279313,0.0,0.0,0.0,0.10509259259259258,0.045659436834094375,0.1769256756756757,0.920586069023569,0.8729992446789322,0.9646744056948798,0.9600799663299663,0.9269069617026098,0.990910049865746,13.466770866395622,12.71605820886908,14.362104142544405,16.943285277252734,15.980728347106545,18.045553588382933
DOI-grouped 5-fold,PCE,percentage point,A-site pattern,MA+Cs,38,15,True,False,13.412333333333333,12.05839848856209,14.762960937499999,11.430120747728994,10.290276646896402,12.61039543125941,3.1107247654901937,2.0673598071793653,4.303702206622475,-1.9822125856043393,-3.6450866431508495,-0.5737301288801168,3.9157097698061745,2.7413595863235667,5.030102859770205,-0.4953479519699888,-2.5515767402076666,0.2404855358081184,3.202132987036407,2.2689430093931,3.8770863593745406,0.9714539583720374,0.6603104517836407,1.5671927735429507,0.6375442527056804,0.5493465030957216,0.7311902121481796,0.06666666666666667,0.0,0.2222222222222222,0.44981681262597195,0.3623044124423491,0.5350638213071143,0.0,0.0,0.0,0.2,0.0,0.42857142857142855,0.9888888888888889,0.9642857142857143,1.0,1.0,1.0,1.0,14.759351996923117,13.275091095964806,16.521868678259885,18.579109313042704,16.701790467957164,20.823976748848587
DOI-grouped 5-fold,PCE,percentage point,A-site pattern,FA+MA+Cs,1665,342,True,True,16.199438759130693,15.796418929775122,16.574056832281087,15.855812490513713,15.640418581336212,16.064498882112083,2.929077758876944,2.706928027475055,3.160142959416229,-0.3436262686169798,-0.6872909611292445,0.02956202014423745,3.9827423894482417,3.6481919204266307,4.334901443992186,0.09505254431100996,-0.0012123383192717324,0.1905355373203852,4.186687393684047,3.8625285491737937,4.519436273789651,0.699617020199715,0.6598378208443407,0.7410250497464753,0.4735918816298908,0.4439289826561472,0.5071159582936612,0.04692839123953675,0.02708789272487627,0.06833706855295257,0.3827680732978091,0.3651319311296286,0.40289974603650214,0.0,0.0,0.0,0.0663630229419703,0.04288549542379626,0.0914096144010358,0.89261876443894,0.8673608832484836,0.9189814926362194,0.9335368862781144,0.9133163959435525,0.953339370512032,11.083631503383863,10.70446643929984,11.452944083654891,13.953113544513089,13.48410065533739,14.411180792598897
DOI-grouped 5-fold,PCE,percentage point,A-site pattern,Other/unknown,99,25,True,True,3.5105000529100527,1.4504131523569024,5.894630335097,3.863001779592712,2.7927889836986473,4.900326081104629,3.1053708841970296,1.9021689776444317,4.451362543092472,0.35250172668265906,-1.4595517861403526,1.8857252737640857,4.554117190228903,2.6658036199789796,6.3684987488850835,0.41880672256526774,-1.0170443029297784,0.5291018600193562,5.9737069108839655,1.9375536650029888,8.461041439337263,0.519839846601632,0.4126582421805383,1.1222253215552442,0.9549005901943617,0.9159695660249877,0.9860512694096585,0.8133333333333332,0.6666666666666666,0.9479366987179486,0.45995918741590686,0.3555251227932583,0.5568417237280271,0.0,0.0,0.0,0.6133333333333333,0.4332954545454545,0.7803606719367587,0.9492857142857143,0.863189052795031,1.0,0.995,0.9836956521739131,1.0,14.09682242738395,11.374227706613253,16.67871499230302,17.768591696455754,14.351939861006088,21.006487664941144
DOI-grouped 5-fold,PCE,percentage point,B-site pattern,Pb (no Sn),8768,1660,True,True,13.794119849836822,13.583307436376133,14.001577534717299,13.308768665602434,13.15067081366145,13.456191498765605,2.968100766815265,2.880224254803668,3.0650806214264614,-0.48535118423438794,-0.6288354939009141,-0.3376704216135175,3.8479053378228154,3.73299443376205,3.973998608552597,0.3789499032276884,0.34023881849102766,0.418135202136883,4.882711480107103,4.751236972845942,5.005681991584151,0.6078796133885345,0.5892830220725842,0.6268893627366614,0.5675316805644495,0.5537503559388025,0.5812956782793505,0.0880032479790069,0.07618031740672762,0.0992824407236999,0.3829629683434842,0.37472490229409544,0.39212307825096016,0.0,0.0,0.0,0.042767312614938414,0.03435374828577282,0.051179739846937765,0.9049244062361749,0.8936118084487057,0.9147492572653391,0.9492187492567317,0.9410123974203342,0.9568629119765958,12.127552108240234,11.965053850086061,12.29844078518814,15.276721291345494,15.074182016412621,15.495895577465538
DOI-grouped 5-fold,PCE,percentage point,B-site pattern,Sn (no Pb),155,30,True,True,4.575627876780375,3.7269343673050774,5.483914602178352,3.9896864688496687,3.4074569149937193,4.594069047975807,1.7190140589328882,1.362604936777097,2.1077338765328006,-0.5859414079307063,-1.2221586111236997,0.0677667726577482,2.1589067148841883,1.7426563915049755,2.5851076913563986,0.40526187286884174,0.10962819093077282,0.5790351053131586,2.7994388585490806,2.4103643392386283,3.1187003228535404,0.6140566541338341,0.5117922609833508,0.7577623585605001,0.9210329895578248,0.8876787570704235,0.9508616731449249,0.5308080808080808,0.36361408199643497,0.7109848484848484,0.43162928784065735,0.35948852034193446,0.4990097850748947,0.0,0.0,0.0,0.30787878787878786,0.1611996753246753,0.4714972882231405,0.9539141414141414,0.9004513888888891,0.9925668672262109,0.9625,0.9090909090909091,1.0,8.754019007782938,7.969791494687613,9.600596234019763,11.035434839196991,10.04709208688548,12.078731351022002
DOI-grouped 5-fold,PCE,percentage point,B-site pattern,Pb+Sn,98,25,True,True,14.04150031746032,12.555536117063493,15.52235372921391,12.983462191623511,12.164354458215685,13.728853512975094,3.4760503096924054,2.6202001592128257,4.481778640799339,-1.058038125836807,-2.6510397851512777,0.42514621424949667,4.659690372307255,3.1698225578997463,6.035790267049254,-0.08742916965834358,-0.7260663490814434,0.3327221238510805,4.468446579957773,3.2367578890978126,5.38193143261332,0.7779102306567699,0.6607440350368035,1.0335095993303762,0.7965189441754942,0.7350317150095206,0.855419163083678,0.154,0.036707657200811365,0.30306324110671934,0.47409298747290285,0.4053885268395843,0.552259676997652,0.0,0.0,0.0,0.35,0.15616319444444446,0.5384615384615384,0.8831111111111112,0.7538800505050506,0.9854474548440066,0.9555555555555556,0.9,1.0,15.158030178465744,13.884030568099858,16.778453434378147,19.110099698373762,17.484113529132074,21.15441571099855
DOI-grouped 5-fold,PCE,percentage point,B-site pattern,Other/unknown,95,25,True,True,1.6864420476190474,0.527476360895445,3.849019011504799,1.2755141172919253,0.7784859186456172,2.106488478066669,1.275438910149646,0.5453845089237465,2.602131506254068,-0.4109279303271222,-1.781237932450654,0.4032639241117398,3.1222438490732367,0.6725492606380092,5.486880626739317,0.5769009047653728,-1.242459471410519,0.5882866776834279,4.800050101001288,0.5522601119489435,8.194645500871726,0.2657136661726906,0.23607987990176357,1.2059164736319319,0.917499820331351,0.8669436078018105,0.9597816787030375,0.6466666666666666,0.4620761183261183,0.817494824016563,0.22046513054308556,0.16675703599221964,0.2776294967551178,0.0,0.0,0.0,0.22,0.07772727272727271,0.3788009404388714,0.96,0.8695652173913043,1.0,1.0,1.0,1.0,7.703339194781007,6.374264568021901,9.71962876524555,9.697043697386498,8.013313280148175,12.267089157144039
DOI-grouped 5-fold,PCE,percentage point,A x B domain,Cs (no FA/MA) / Other/unknown,48,12,True,False,0.7815875992063491,0.4532186696428571,1.1178502125850338,0.8626582700940276,0.7026917778704663,0.9922954270789655,0.5909829160033083,0.4059863218748361,0.7666189437913381,0.08107067088767829,-0.3093607625357848,0.44124577794464503,0.6920461670374892,0.5148422730415689,0.8362892372358508,-0.19411684831331621,-1.4540563635580523,0.17932046461102694,0.6333031593493399,0.46360752073479006,0.7255307131429761,0.9331753794035834,0.727767975739519,1.4135095656896892,0.8876851719731329,0.780782012546528,0.9681119300016613,0.625,0.3125,0.871875,0.2662170659823007,0.20023162663340147,0.33627015539951727,0.0,0.0,0.0,0.1111111111111111,0.0,0.27797619047619027,1.0,1.0,1.0,1.0,1.0,1.0,6.3356865333006445,6.142302327643524,6.589690154020056,7.9581531658365705,7.686366667050083,8.31517362924937
DOI-grouped 5-fold,PCE,percentage point,A x B domain,Cs (no FA/MA) / Pb (no Sn),807,159,True,True,9.930468623072137,9.38407032990618,10.468708259733212,9.356782849729582,8.95861610827868,9.749091316270107,2.2556910821113143,2.043269136074895,2.4814286830245877,-0.573685773342556,-0.9282667217159212,-0.19659573353979157,2.915158011114826,2.6548145958710183,3.169862189049274,0.40202072152030677,0.3062773931460249,0.48166691495001424,3.769806270670538,3.490647703981344,4.046459310420332,0.5983572948193152,0.5539735546311272,0.6496917401885353,0.862778057063822,0.8432944367999264,0.8798312261897898,0.2837227953174392,0.21707581873953033,0.350813042275762,0.40953482417370296,0.38154063125171384,0.43763281854104347,0.0,0.0,0.0,0.04076026637069922,0.014323755432618442,0.06855725561278611,0.9412168318383635,0.9190264594726779,0.9608975409105569,0.9779610126585709,0.9645126858015717,0.990012668247633,10.985934088852611,10.377155588419038,11.561744746703257,13.829804181238185,13.06142013895897,14.564505008974912
DOI-grouped 5-fold,PCE,percentage point,A x B domain,Cs (no FA/MA) / Pb+Sn,2,1,False,False,6.54,,,8.796874412298596,,,2.256874412298597,,,2.256874412298597,,,2.7298707370332447,,,-2.0622099937994802,,,1.5600000000000018,,,1.4467143668580733,,,0.9518529654965044,,,1.0,,,0.44850785537096893,,,0.0,,,0.0,,,1.0,,,1.0,,,16.397478613814624,,,20.776738102733518,,
DOI-grouped 5-fold,PCE,percentage point,A x B domain,Cs (no FA/MA) / Sn (no Pb),5,2,False,False,1.9133708573333332,,,2.2246558609213913,,,1.0677375662012638,,,0.31128500358805805,,,1.2583466702933561,,,0.12242353759880942,,,1.3432530057373686,,,0.7948893928699138,,,0.964011283665287,,,0.6666666666666666,,,0.447586175746795,,,0.0,,,0.0,,,1.0,,,1.0,,,7.425864143579059,,,9.405422364643623,,
DOI-grouped 5-fold,PCE,percentage point,A x B domain,FA (no MA/Cs) / Pb (no Sn),200,41,True,True,12.752733832224685,11.275209799639178,14.2826160449063,12.175076882372233,11.301614775287414,12.996941460255545,3.8523591095219913,3.1071873277183077,4.617524991311534,-0.5776569498524525,-1.9439471761544083,0.7738152402290007,4.7848342640036785,3.9198350225825567,5.580631467149215,0.17054529714703182,-0.18065343750215856,0.3859003412394985,5.253764025973263,4.446999240850129,5.874188118474796,0.7332569735673158,0.6298147376566673,0.8701192855567771,0.759046522060534,0.7113990538529458,0.8099337112605959,0.25447154471544714,0.14281832298136646,0.38937403638606227,0.4667808575855348,0.40512962669396624,0.526402486212015,0.0,0.0,0.0,0.13008130081300814,0.03698830409356725,0.22525698775698774,0.8839246119733923,0.7982214587737844,0.9618014705882354,0.9180524759793053,0.8462947104978356,0.9785328412494652,15.786401736602196,14.899414007136485,16.663898039067934,19.867552172713502,18.786399757066377,20.960901094832003
DOI-grouped 5-fold,PCE,percentage point,A x B domain,FA (no MA/Cs) / Pb+Sn,1,1,False,False,13.98,,,11.756789931645171,,,2.2232100683548293,,,-2.2232100683548293,,,2.2232100683548293,,,,,,0.0,,,,,,0.9763211305720514,,,1.0,,,0.5460046606028716,,,0.0,,,0.0,,,1.0,,,1.0,,,19.776941112424087,,,25.058750533746167,,
DOI-grouped 5-fold,PCE,percentage point,A x B domain,FA (no MA/Cs) / Sn (no Pb),100,20,True,True,5.784516471861472,4.960026401515151,6.6160476135281385,4.7178496085694785,4.117325482608605,5.354953930784413,1.9242257837509076,1.4699925348599412,2.4239895136596847,-1.0666668632919922,-1.8253468673725957,-0.29519010192087236,2.337422955189332,1.8430251095197712,2.827675336174148,-0.03393955993824993,-0.8858408565330642,0.3398795549027716,2.2987393418723094,1.7368634497538131,2.7164525471060217,0.8370787190615693,0.6692973010112603,1.1285630110276925,0.9011099175355923,0.8526581560241479,0.9446117550457367,0.48863636363636365,0.27715909090909085,0.7142857142857143,0.397203772007455,0.30318982699769365,0.48652732217338424,0.0,0.0,0.0,0.18,0.047619047619047616,0.3381428571428571,0.9416666666666668,0.8636363636363636,1.0,0.95,0.8695366132723112,1.0,8.968544578638323,7.975779331605146,10.124240196371028,11.28856380621498,10.038290310836786,12.709491180905909
DOI-grouped 5-fold,PCE,percentage point,A x B domain,FA+Cs / Pb (no Sn),328,71,True,True,14.88255583799888,13.93492771741426,15.689052120819419,14.43435937445574,13.900541882973927,14.903529995496081,2.8724149303457374,2.4456910486382935,3.3026869195426607,-0.44819646354313825,-1.145422977618574,0.29939824910046847,3.6399829417484173,3.094844156546419,4.145250571857665,0.25203248761622277,0.028580798651600514,0.41920231240135625,4.208797016663895,3.554120935488227,4.774738578567107,0.6824788458490589,0.6000201392960929,0.7985047882787009,0.742004759831768,0.6905172122076363,0.7886038795826509,0.15023474178403756,0.08094877344877344,0.22916666666666666,0.5058910107816256,0.47092560675857215,0.536841136575553,0.0,0.0,0.0,0.10657276995305165,0.04567858954845256,0.17889102564102566,0.9194675629534784,0.8727868529040405,0.9646623699683401,0.9595177123346137,0.9254599505327243,0.9907902359508396,13.460231866165532,12.690632007031157,14.364748786127999,16.933309156443627,15.961681502320038,18.06093965512089
DOI-grouped 5-fold,PCE,percentage point,A x B domain,FA+Cs / Pb+Sn,3,1,False,False,10.543333333333333,,,12.191383322162975,,,1.6480499888296414,,,1.6480499888296414,,,2.0564545329959025,,,-1.4317361080843485,,,1.318745194830634,,,1.2497107062758246,,,0.8227467488536421,,,0.0,,,0.6246084843017865,,,0.0,,,0.0,,,1.0,,,1.0,,,13.931039882731866,,,17.651589854699086,,
DOI-grouped 5-fold,PCE,percentage point,A x B domain,FA+MA / Pb (no Sn),1042,237,True,True,16.548492234441603,16.10286373817183,16.95988500124756,15.92423541717737,15.644707226767675,16.19002909963453,2.6899350811417695,2.492580296314667,2.9023127803885007,-0.6242568172642329,-0.97013913485464,-0.25359895102005586,3.4503291181702638,3.1704082265712286,3.719676393398646,0.20359547101027808,0.07779228149601451,0.30280460116497654,3.8662832036423582,3.509062007432282,4.201966152368888,0.6957418635571312,0.6483506327617878,0.7559069195864941,0.5904481861716874,0.5563312314463701,0.6237766125275918,0.0750685086128124,0.04727546162637906,0.10563857590912384,0.4243451447993271,0.40309779338603074,0.444905864398563,0.0,0.0,0.0,0.04405264215390797,0.022908106523787615,0.06832836548273928,0.929872658986583,0.9075425246964794,0.9509199667962422,0.9687002636369725,0.9532070816592979,0.9818052389931553,11.820132753093782,11.347634651912966,12.280124115569093,14.90065914897567,14.308471347794313,15.4876769670103
DOI-grouped 5-fold,PCE,percentage point,A x B domain,FA+MA / Pb+Sn,49,14,True,False,14.961611111111111,13.351849999999999,16.62476,13.501864193987945,12.843862914058196,14.102465962260398,3.2463634284076694,2.3385463298292706,4.137090522129336,-1.4597469171231638,-3.0579814723950696,0.12227457307697093,3.860806938944874,2.965221463088883,4.640832365928528,-0.18629004707753172,-1.7117945914423645,0.11927182772659818,3.5447257633918996,2.2401114881244455,4.444918915202572,0.9158292192683669,0.7418499755990311,1.453087750187266,0.7570815799144665,0.6688937477695225,0.8385442234140819,0.08928571428571429,0.0,0.2727272727272727,0.4125302411212632,0.3151136235161696,0.5206330900890794,0.0,0.0,0.0,0.07142857142857142,0.0,0.25,0.865079365079365,0.6824900793650794,1.0,0.9563492063492064,0.8760416666666667,1.0,14.064726129450554,12.073359995311916,16.66981163950518,17.741598191672278,15.148726054447101,21.08392645185725
DOI-grouped 5-fold,PCE,percentage point,A x B domain,FA+MA / Sn (no Pb),16,5,True,False,4.225214285714286,3.055714285714286,6.436666666666667,3.9859172839668053,3.3810653096382866,4.809534282601889,1.739533282854731,0.571298946544476,3.254367662217886,-0.23929700174748048,-2.7231039063732587,1.3784476780296815,2.2881783337920902,0.6476338947971374,3.5538611556553046,-0.21958922673428205,-6.104726411552829,0.20396600973194312,2.07196816986622,0.5488744627051442,2.6129555534805102,0.8395559874682085,0.6995941904594661,2.3233983899832205,0.9410417740612758,0.918934296875813,0.9711743304454687,0.34285714285714286,0.0,0.8571428571428572,0.5891244838137781,0.4689522538581851,0.7168237245059818,0.0,0.0,0.0,0.34285714285714286,0.0,0.8571428571428572,0.9714285714285715,0.9047619047619048,1.0,1.0,1.0,1.0,10.370610955683512,8.005581024370505,13.223434997235037,13.081895985534533,10.00169115484941,16.724280050568957
DOI-grouped 5-fold,PCE,percentage point,A x B domain,FA+MA+Cs / Pb (no Sn),1632,334,True,True,16.230627554616003,15.821812867836156,16.60335899582096,15.923935709766601,15.718270871074047,16.128133921231413,2.8783145785377084,2.660112281418795,3.1029605658116117,-0.30669184484940076,-0.65518599610435,0.0574149354337857,3.8972678428048813,3.5741333073195305,4.219490022288627,0.11539758633436559,0.026243721573986845,0.20199775891967525,4.143679855446065,3.810188810722502,4.491310231547505,0.6946276447382201,0.6566810229286487,0.7346219001851092,0.46506131799024497,0.43570855096025163,0.4977508005964988,0.04625601737701068,0.02679485363550519,0.0664734763490103,0.3805602015235045,0.3622476645579998,0.3999251550848997,0.0,0.0,0.0,0.04400046061722708,0.02647329489932147,0.06562522817040065,0.8945377767608306,0.8679686780383753,0.9216380414552336,0.9334419613985482,0.9132373595972858,0.953668623331838,10.983741920051294,10.60573274377835,11.36741123681791,13.826473599150335,13.351548727718724,14.29665901203097
DOI-grouped 5-fold,PCE,percentage point,A x B domain,FA+MA+Cs / Pb+Sn,33,8,True,False,14.897306547619047,11.475314285714285,18.369142857142855,13.01166808670564,11.079040329108373,14.876783059943996,5.048440538040013,2.9949406356865427,7.614813932317246,-1.885638460913406,-5.930937276061515,1.978777137249459,6.631933696542795,3.3905700305182185,9.21600464672367,-0.43033108739186954,-9.991652929124722,0.370325633763602,5.545259655784947,1.801102915071063,7.356888277644456,0.9104065186151129,0.6887576848084459,2.8627762983825527,0.8297429135851065,0.7000253472699831,0.9089431203885919,0.075,0.0,0.2571428571428571,0.4749467198750238,0.32011052199407436,0.6560897549473281,0.0,0.0,0.0,1.0,1.0,1.0,0.8125,0.5,1.0,0.9375,0.8,1.0,15.254021607518554,13.231502408119198,17.52651067124162,19.240331263408073,16.727253868956478,22.06745338271993
DOI-grouped 5-fold,PCE,percentage point,A x B domain,MA (no FA/Cs) / Other/unknown,18,8,True,False,0.41691666666666666,0.10672888888888885,0.8126111111111108,0.7665410436848286,0.43804326227498425,1.187115731131503,0.6460991868956238,0.2891080859843998,1.1120981329876778,0.3496243770181619,-0.2474902097575254,0.9374780967955098,0.8634016563208106,0.34156644760588456,1.327118421804185,-1.9342999208903646,-97.50309049235565,0.3587248315339581,0.5040349208030025,0.08720143234577578,0.6346485032516006,1.2818540149287512,0.6819702494934241,7.862492244572053,0.8995255732290826,0.8370588330412062,0.9553837934628369,0.375,0.0,0.7160714285714269,0.13964710612594447,0.08584781290541076,0.19729965848279235,0.0,0.0,0.0,0.125,0.0,0.4,1.0,1.0,1.0,1.0,1.0,1.0,7.1957190328013105,6.222570687102748,8.801931221879904,9.06989243764401,7.803954052374278,11.149870150695975
DOI-grouped 5-fold,PCE,percentage point,A x B domain,MA (no FA/Cs) / Pb (no Sn),4665,915,True,True,13.042286290183524,12.77114945468288,13.3155163798966,12.518357252581245,12.336910664541492,12.691588518223897,3.135406043677415,3.0150070714839563,3.2628646029198936,-0.5239290376022797,-0.7509134917070084,-0.3103681260006697,4.00111680626555,3.8492111332652756,4.177390955121165,0.28541193914052254,0.23125427743493268,0.33557423356090343,4.733183612163203,4.5714150790723975,4.89544234224801,0.6624306810367838,0.6389093628519256,0.6880093874442734,0.5264748368250441,0.5089421413064513,0.5448463314929443,0.05741566159116786,0.044270225004353396,0.0722688160371181,0.3568352934440721,0.3447100871690703,0.3690049819634549,0.0,0.0,0.0,0.030402778763434498,0.020584387043351745,0.04022309060835473,0.8981075369258017,0.8822792451189018,0.9122491037986445,0.9468584461301827,0.9349162128817614,0.957995742071763,12.577621744827926,12.36825201424767,12.783016260254334,15.849275038761872,15.584766805859157,16.110133234613347
DOI-grouped 5-fold,PCE,percentage point,A x B domain,MA (no FA/Cs) / Pb+Sn,10,2,False,False,12.791904761904762,,,11.913104363249154,,,2.2498707540230747,,,-0.8788003986556077,,,2.668006278629825,,,-0.19510598933852852,,,2.4405271074827795,,,0.9218790265122879,,,0.743543576710765,,,0.0,,,0.6843246423219298,,,0.0,,,0.0,,,1.0,,,1.0,,,16.236250513196843,,,20.289659026059006,,
DOI-grouped 5-fold,PCE,percentage point,A x B domain,MA (no FA/Cs) / Sn (no Pb),20,5,True,False,2.2248666666666663,0.8496666666666667,3.4975,2.310968039415152,1.9107184363789056,2.6105547529250437,1.1488822863641404,0.4755523872432997,1.5526208769084753,0.08610137274848517,-1.2784379297679458,1.4525444524052287,1.3401843713882235,0.8307267774417306,1.6808232861005021,0.009683657428681491,-9.505756149090391,0.30246443877612683,1.3467208256436165,0.0,1.6284454715586116,0.8530961016475509,0.6529576216615046,3.2145434914252586,0.9380950160319266,0.9072443533593592,0.9700511938724392,0.4,0.0,1.0,0.56133081122919,0.41697590411621654,0.6721738707056122,0.0,0.0,0.0,0.2,0.0,0.6666666666666666,1.0,1.0,1.0,1.0,1.0,1.0,7.559914151149238,6.51141842318879,8.627651733613238,9.531286469627686,8.103141140357952,10.931830724258907
DOI-grouped 5-fold,PCE,percentage point,A x B domain,MA+Cs / Pb (no Sn),38,15,True,False,13.412333333333333,12.05839848856209,14.762960937499999,11.430120747728994,10.290276646896402,12.61039543125941,3.1107247654901937,2.0673598071793653,4.303702206622475,-1.9822125856043393,-3.6450866431508495,-0.5737301288801168,3.9157097698061745,2.7413595863235667,5.030102859770205,-0.4953479519699888,-2.5515767402076666,0.2404855358081184,3.202132987036407,2.2689430093931,3.8770863593745406,0.9714539583720374,0.6603104517836407,1.5671927735429507,0.6375442527056804,0.5493465030957216,0.7311902121481796,0.06666666666666667,0.0,0.2222222222222222,0.44981681262597195,0.3623044124423491,0.5350638213071143,0.0,0.0,0.0,0.2,0.0,0.42857142857142855,0.9888888888888889,0.9642857142857143,1.0,1.0,1.0,1.0,14.759351996923117,13.275091095964806,16.521868678259885,18.579109313042704,16.701790467957164,20.823976748848587
DOI-grouped 5-fold,PCE,percentage point,A x B domain,Other/unknown / Other/unknown,29,7,True,False,4.291190476190477,0.2841,12.620000000000001,2.410020355660232,0.8393092180214279,5.361446680008422,2.9288882470416,0.5090730356116454,7.712913685996963,-1.8811701205302442,-7.2141926438437,0.8605756916934739,5.76415868577337,0.6168274241245808,10.559407873144997,0.5374781470438317,-34.55770086850448,0.56766229630688,8.475587267862174,0.12229000476077133,11.93536925235176,0.3455675877643772,0.2915766298720577,4.787688450624267,0.9925598116147664,0.9877298491224167,0.9966273264209472,1.0,1.0,1.0,0.207480960857336,0.0910221150585841,0.35283159093158356,0.0,0.0,0.0,0.4523809523809524,0.11000000000000001,0.7916666666666666,0.8571428571428571,0.5,1.0,1.0,1.0,1.0,10.370663258400185,6.18165708192431,16.549156873254283,13.059936518580274,7.748642389734879,20.900371585873547
DOI-grouped 5-fold,PCE,percentage point,A x B domain,Other/unknown / Pb (no Sn),56,14,True,False,3.7032441421012847,1.0859539886039888,6.621659250992064,5.16637582291363,3.9570323921097716,6.369557024995017,3.7384549330693884,2.4967878724425328,4.982069380057987,1.4631316808123451,-0.9863938164190498,3.537070445778107,4.438025104596899,3.0933090184586307,5.601446390188874,0.23722505863240684,-5.270433959491812,0.4904660814909348,5.081495507756108,1.5914912706020174,6.914685060241013,0.7356997418108945,0.5562286865511341,2.1066773038555286,0.9257939996470584,0.8634371278570173,0.9796254041400032,0.6666666666666666,0.4375,0.8958333333333333,0.5959135501382781,0.5004719258992059,0.6942358948275702,0.0,0.0,0.0,0.5833333333333334,0.3333333333333333,0.8126041666666666,0.9897959183673469,0.967032967032967,1.0,1.0,1.0,1.0,17.947255103595925,15.422150452995115,20.059425736622266,22.621457378622438,19.44922337897841,25.29003261351207
DOI-grouped 5-fold,PCE,percentage point,A x B domain,Other/unknown / Sn (no Pb),14,4,False,False,1.4696875,,,1.8439101198513392,,,1.1984213281657774,,,0.3742226198513394,,,1.5949899269722339,,,-0.6071120107472279,,,1.2581570956536985,,,0.9525212171879981,,,0.9908700196242156,,,1.0,,,0.42595581436510666,,,0.0,,,1.0,,,0.96875,,,0.96875,,,7.1410866063636345,,,9.02370837015447,,
DOI-grouped 5-fold,PCE,percentage point,FA presence,FA absent,5712,1124,True,True,12.173599501330237,11.898836440160032,12.451625125107785,11.64607233697822,11.436421731478333,11.851762406894707,2.9630272701984324,2.8512841312529096,3.0827917169321517,-0.5275271643520172,-0.7264683107744687,-0.3452893983620718,3.8389346563663476,3.696266023572895,3.9935506680235413,0.44042740987506135,0.3910791367517684,0.4826858691918737,5.131951027650622,4.964083441636804,5.286029346289569,0.5773685785842133,0.5538975037662864,0.603258880853989,0.5917319144915679,0.5749987760367796,0.6084047902726192,0.11424742157761432,0.0974573768269073,0.13146491664857657,0.3659493266650448,0.35536009829472615,0.37639574266836795,0.0,0.0,0.0,0.04633922020226187,0.03496423189654793,0.05729180036806273,0.9077667019415557,0.8944452978808233,0.9201895027572289,0.9537859164865844,0.9442114282667022,0.9629797099474628,12.273179803475347,12.072357578914584,12.466864654694895,15.463164002038846,15.210509363612479,15.710874778600086
DOI-grouped 5-fold,PCE,percentage point,FA presence,FA present,3404,685,True,True,15.619390338885223,15.293557188902946,15.907312145937967,15.140166110392018,14.903886368799656,15.344154198838547,2.8630263095260693,2.733099434754842,3.0068615933230047,-0.4792242284932079,-0.7086768639716661,-0.22312754779951613,3.7791153198454,3.589586340827617,3.9839837969199268,0.32022249297587024,0.2463505152847924,0.39397391920092534,4.583600409098459,4.359922385826248,4.817031232889287,0.6246238882087004,0.5914714754653285,0.6581963778791213,0.5735942061461492,0.5526126876570637,0.5966990514078392,0.09362643582265738,0.0742672945673709,0.11303538300114739,0.4154970118754068,0.403191384120839,0.42894717059417214,0.0,0.0,0.0,0.07163614163614164,0.05523980418026701,0.08982058067841917,0.9105398210872664,0.8934688022598306,0.9260740643177284,0.9493343092430684,0.9380826721132969,0.9609701528517017,11.80568432617721,11.538383653773415,12.098667847358822,14.86838301456351,14.527255912621909,15.241722004381206
DOI-grouped 5-fold,PCE,percentage point,MA presence,MA absent,1593,320,True,True,10.286005913893487,9.703306605551292,10.833021060008692,9.798423786003477,9.306220399550044,10.259993468781614,2.5408546326025077,2.3324797040199603,2.7543546865211206,-0.4875821278900114,-0.816770032478524,-0.16009286182022275,3.396815476045913,3.0854129876910363,3.706490433146921,0.6215016052505229,0.5478997643344211,0.6844544058736565,5.521282065819551,5.177009163190617,5.813580309639744,0.46019286866941767,0.4218314847639989,0.5031888221551353,0.8321855187659711,0.8147648762191072,0.8504043031915676,0.31315320152517734,0.26942876007940536,0.36352364287832806,0.434467550902257,0.4146626039696395,0.454089776271303,0.0,0.0,0.0,0.11634650735294116,0.08543552157067011,0.14966198218742513,0.933568932854319,0.9132748119532789,0.9525243877182787,0.9676147190738185,0.9537780137388872,0.9794386910898043,11.962334482026971,11.480958584273735,12.454009004053582,15.056502395008632,14.45492928320889,15.671228163104997
DOI-grouped 5-fold,PCE,percentage point,MA presence,MA present,7523,1460,True,True,14.10163889164419,13.884925385497226,14.32922595663187,13.626723866605792,13.455344194648216,13.788940706689834,3.017477947425825,2.925564492699988,3.1242250249199564,-0.47491502503839567,-0.6345127676130949,-0.3106206969045077,3.9223405262560744,3.7947453127027746,4.063268408174617,0.366302488163856,0.31667440856441575,0.41004449779038,4.927246551383044,4.7640742446577296,5.08088506800183,0.6124065268418198,0.5923599068454661,0.6366180169549842,0.5316398999805905,0.5160772474887003,0.5462648688994065,0.06259917023615655,0.0515858883141161,0.0743853924487033,0.3724483342665158,0.3635079131023502,0.3818616905944191,0.0,0.0,0.0,0.04159573683546286,0.03280786146452289,0.05033972286612297,0.9011293382911275,0.8887821217998169,0.9120178785627431,0.9467270549607117,0.9374329776379432,0.9549283708408101,12.099511559138694,11.93013956319606,12.275174816244828,15.245078066103153,15.027702275639037,15.4647396098741
DOI-grouped 5-fold,PCE,percentage point,Cs presence,Cs absent,6220,1211,True,True,13.29183192548858,13.0155077089775,13.554925971459376,12.740825004682133,12.545731899854909,12.930974796293784,3.0330633384441508,2.9242191685516468,3.1448006581482724,-0.5510069208064476,-0.7545040724870765,-0.36062218046469446,3.9060679294585445,3.758044968578961,4.0553934474747235,0.42824145823688065,0.379614189848861,0.47328679633077453,5.1657509114996625,4.997023039383936,5.32539960621955,0.5871485850570418,0.5627939328944808,0.6128664361436608,0.5632043865227555,0.5463332980833744,0.5794806194766268,0.091224565799697,0.07718660738265723,0.10707161762971654,0.37264898706239213,0.3621253508568584,0.3824705984707053,0.0,0.0,0.0,0.049883582790271476,0.03874334162555403,0.06141713795872063,0.9039051170089257,0.8905315372840419,0.9159386423055391,0.9500664083311804,0.9407139974030503,0.9591510742255012,12.421248902574332,12.228499014729271,12.612752176898143,15.652688540960693,15.410861770655988,15.893980570903118
DOI-grouped 5-fold,PCE,percentage point,Cs presence,Cs present,2896,587,True,True,13.906372310590209,13.513541046708184,14.28447295041541,13.48038447129929,13.145939642150651,13.800983654745279,2.6959513542526414,2.5523649615914747,2.847282415955227,-0.4259878392909161,-0.6733881310070173,-0.1830847805134728,3.6331419112786003,3.4097706124049,3.8620916386637756,0.521783943166641,0.4464398332577486,0.5820797844736387,5.25376066673801,5.011633325122825,5.5100692420889645,0.5131469675276475,0.4802028762349044,0.5490821293763054,0.6219601032666632,0.5971989749668118,0.6463904957796526,0.13750764874778526,0.11189121764777538,0.16377236758260486,0.4039866394930908,0.38992544926046224,0.4196122926447006,0.0,0.0,0.0,0.06719540522276267,0.049513859981857714,0.0867559612407716,0.9139743736572075,0.8959975115577172,0.9310611902511292,0.9528952419572722,0.9401493366530684,0.9650604428189208,11.310699430564096,11.00629378573322,11.604299374662734,14.238692544965883,13.85801288902004,14.614827936110624
DOI-grouped 5-fold,PCE,percentage point,Pb presence,Pb absent,250,55,True,True,3.2623615907979535,2.2839378447398464,4.443079094538168,2.755971763596149,2.1761293484219526,3.354378382377404,1.5173889913041416,1.089578042829854,2.155017752011062,-0.5063898272018045,-1.2049555696937748,0.0468071632733023,2.6407179204081213,1.496658730934775,3.9740631442154486,0.5853416681716294,0.5169544989444224,0.7055137734374773,4.1008776716630955,2.553287273036873,5.8190194727662075,0.370015668057899,0.3210836010702958,0.4973806383213301,0.919427003545791,0.8930437391257985,0.9454620017198847,0.5834710743801653,0.4655014844670017,0.7107516553090717,0.33564557997812483,0.28353721651217256,0.3886831156002192,0.0,0.0,0.0,0.2679338842975207,0.1628219696969697,0.38542325831847885,0.9566804407713498,0.9115281879236443,0.9927085154428905,0.9795454545454545,0.9482668821839081,1.0,8.27643727460024,7.472824062616341,9.296907363350675,10.427075229283133,9.404109823883248,11.718216724968746
DOI-grouped 5-fold,PCE,percentage point,Pb presence,Pb present,8866,1680,True,True,13.790692614585723,13.582877656088478,13.997116591238923,13.303045612365704,13.149750370408595,13.448278867429858,2.975704233418358,2.888651225028999,3.070689016877093,-0.48764700222001905,-0.630305638552832,-0.33692143207079467,3.8615461545249206,3.7428924679968594,3.9899766430239656,0.37374013570932696,0.33362140770871185,0.41299785032436187,4.879596827391226,4.749862671640926,5.000873849661597,0.6098258398551455,0.5915775805209501,0.6290036862026991,0.570729541250908,0.5570326041776272,0.5846504626499258,0.08924725693163778,0.07748615072595347,0.1010282417735334,0.38404141864034974,0.37556206306585344,0.3928806789439135,0.0,0.0,0.0,0.04716889222666533,0.038386203313668404,0.05543218839091123,0.9047972827303397,0.8934459875835254,0.9146655408673884,0.9494595313422997,0.9411442821103259,0.9569460333683102,12.171030348432621,12.008620796415784,12.347279199360694,15.332211029863503,15.129108842279242,15.55565281000094
DOI-grouped 5-fold,PCE,percentage point,Sn presence,Sn absent,8863,1685,True,True,13.6144807133054,13.393699750526515,13.846010912015096,13.13023373165124,12.958351091714487,13.300626603167,2.9429870894166656,2.8562996420875777,3.035852818257568,-0.4842469816541614,-0.631592151394057,-0.33270129270398535,3.8381416650296876,3.7244182224159945,3.9678755548191136,0.43279379209634894,0.3906996549303132,0.46958565508848066,5.0962475151347215,4.947777057361493,5.2356842160475106,0.5774811919312491,0.557864677978958,0.5975791533288364,0.5727240861989732,0.5587374492224527,0.586457588555079,0.09629202273698403,0.08416291590090128,0.1084833140940369,0.3805520211951103,0.3718931113369659,0.38935639169134395,0.0,0.0,0.0,0.04539687770967226,0.03671997986670092,0.05425692552979183,0.9057415515442434,0.8947494449142582,0.9152966785329485,0.9499721802766614,0.9418496362459239,0.9574702009022871,12.061910967090988,11.897969900176797,12.231250643459802,15.193936757310498,14.990479368648053,15.404858453346977
DOI-grouped 5-fold,PCE,percentage point,Sn presence,Sn present,253,55,True,True,8.87829716799853,7.428618789207094,10.408072715878976,8.07776634283778,6.805952076181372,9.323587923040986,2.5176669001872147,2.0458720259548233,3.081771850715701,-0.800530825160752,-1.5903818453791614,-0.06434570553188981,3.5230260888551834,2.616206291093968,4.436819106476121,0.6510242785103573,0.44611707984074783,0.7862763835159465,5.9637338343510695,5.141256964379067,6.571328259957651,0.42216285470110504,0.3587381583597773,0.5098099130745324,0.8644356962022198,0.8305638280501033,0.8999933689702034,0.35953168044077133,0.25129329004329004,0.4883848905723906,0.4509309694916781,0.3991485360174372,0.5049345145912328,0.0,0.0,0.0,0.3270247933884297,0.21184909318244965,0.4539161915911636,0.9217309458218549,0.8570802252060244,0.9716759746543302,0.9593434343434343,0.924598295602394,0.9910736832611833,11.664933176275124,10.578397793155657,12.948040843556122,14.705737047913708,13.33084717141846,16.318127819134634
DOI-grouped 5-fold,Voc,V,A-site pattern,MA (no FA/Cs),4713,928,True,True,0.9798424047598918,0.9723835080871418,0.9872212755015571,0.96866501295102,0.9632317677018104,0.9741360754456392,0.07914008516751228,0.07531703024653351,0.08359362684055478,-0.011177391808871746,-0.01725552202612861,-0.005053394972314093,0.11355165162668601,0.10605313257370245,0.12135938995148206,0.2991796284101431,0.19828364411934002,0.38336094709553054,0.13564072322412166,0.12586378660055608,0.1458931658296405,0.5834537245628487,0.5483994995664062,0.6246546897871115,0.5323243325151172,0.5143828658344839,0.5507903913806916,0.06199927840077434,0.04820897245414075,0.07731997377136025,0.3563104927768789,0.34457978522658145,0.36819039234783096,0.0,0.0,0.0,0.032132050181619146,0.022126798650050433,0.0427476591627108,0.894474859043541,0.8771055852847727,0.9089925828528566,0.945137161200994,0.9327222049138583,0.9555450670199565,0.3184583407497185,0.30951383622233325,0.32657408924383874,0.43173124836116084,0.4197470551859802,0.44307648416023243
DOI-grouped 5-fold,Voc,V,A-site pattern,FA (no MA/Cs),301,62,True,True,0.8268788995950287,0.7558683749410312,0.8934523221283028,0.7997308990834017,0.7289534716063656,0.8609064114986645,0.10178022992392707,0.08405220069903518,0.1208495524768501,-0.02714800051162692,-0.055838884512068,0.004102981276495435,0.13228735079365012,0.10730391159403029,0.15626560172983045,0.7612588285769002,0.6469873947392787,0.8393996694071966,0.27074139298411554,0.23577314154219292,0.3013174720780052,0.37593154412815827,0.31053711669286976,0.4639028757629134,0.8083778529962224,0.7699358504589421,0.8494597797562695,0.3420332355816227,0.24187613071008593,0.4627602294127718,0.4456144397057887,0.3955108019016555,0.4968082786854929,0.0,0.0,0.0,0.14408602150537636,0.0703125,0.2264667277167277,0.8982771260997068,0.8275372775372776,0.9594430242330858,0.9334677419354839,0.8688275761124121,0.9841269841269841,0.38499854497366576,0.3510049503972301,0.42061394578361233,0.5206918698457419,0.4746841037802716,0.5678196676199759
DOI-grouped 5-fold,Voc,V,A-site pattern,Cs (no FA/MA),862,174,True,True,1.100541691529736,1.0678556807165323,1.1327353853261333,1.0710826127714832,1.0423764595739553,1.1017464675980138,0.10577313321152125,0.09512796266382989,0.11801585987227904,-0.02945907875825263,-0.04543093685505387,-0.012634535905039709,0.14296543914163024,0.12713109059195823,0.1591714189008274,0.6461689076350344,0.5259353995739999,0.7339830283177213,0.24034387892809422,0.2068227271672649,0.27457455626092603,0.4400908135595428,0.3816027798422343,0.5110571500700626,0.8661713141934045,0.8470322968626591,0.8834010868837253,0.3157773436138286,0.24790165414954007,0.3806581645860187,0.40031219564523535,0.3739574682262538,0.4262567666880518,0.0,0.0,0.0,0.04490928555330178,0.01858670238537899,0.07305459574805045,0.931468481278319,0.9061557111620083,0.9539713638273584,0.9708935620573552,0.953081669832435,0.9857073528581909,0.4748650187479969,0.44778920947403167,0.5016595379109658,0.6435512030573017,0.6071693532056208,0.6794336197870184
DOI-grouped 5-fold,Voc,V,A-site pattern,FA+MA,1107,255,True,True,1.0214039960692902,1.0039004662906195,1.0372268030039922,1.015794255537377,1.000539433903216,1.0293636055278248,0.05859524125625591,0.05257263503377365,0.06535889819004599,-0.005609740531913212,-0.014217173214762364,0.003998357948373272,0.08683309012007305,0.0742753433399562,0.10039097023039889,0.6254116357974587,0.48013875029315006,0.732030741853976,0.14187573194289008,0.11731509200913584,0.16522771422385188,0.41300397505503295,0.3527789427665366,0.49080372900732916,0.607006516322511,0.5748767400587338,0.6379924719920196,0.08139420492361668,0.05297095074747459,0.11404453140838018,0.42637307469418934,0.4052506037832344,0.44639326905785254,0.0,0.0,0.0,0.05158730158730159,0.029663154514061003,0.07721770783785213,0.9237969546793077,0.9012379099999182,0.9450158723122539,0.9588001540942718,0.9404283246055397,0.9750594509030396,0.2641582687981286,0.2498887375719294,0.27966474500804644,0.35715025196118316,0.3378697052127203,0.3781954771581639
DOI-grouped 5-fold,Voc,V,A-site pattern,FA+Cs,331,72,True,True,1.0581821255859245,1.0284656954706684,1.0883267919802602,1.027784291572923,1.0117158460406817,1.0431996748010655,0.08206368323404488,0.0657990449487434,0.10015607160046006,-0.030397834013001692,-0.054247305787425884,-0.008235881250527998,0.11372382211161662,0.08669904037689175,0.14151429417912711,0.31502031509739603,0.0961307834381728,0.48776217134602873,0.13740818452878376,0.1054627836683292,0.16710731168716964,0.5972255838723673,0.5117901870850811,0.7206690981932662,0.7431261763459608,0.6929831252158603,0.7889790343675583,0.14814814814814817,0.07870370370370369,0.22414790868454662,0.5075398645805165,0.47430302635707494,0.5390738764279313,0.0,0.0,0.0,0.10509259259259258,0.045659436834094375,0.1769256756756757,0.9300294612794614,0.8737947224344285,0.9726096958266405,0.9626736111111112,0.9225321758135017,0.9929577464788732,0.3198436804045749,0.2910331238102304,0.35367626867959173,0.4342433353264044,0.3954428346541756,0.47945104898362106
DOI-grouped 5-fold,Voc,V,A-site pattern,MA+Cs,38,15,True,False,0.9976555555555555,0.927808653846154,1.0493342948717947,0.9692984129689752,0.9373374561934621,0.9975757900272305,0.09962052806322878,0.05292023796941463,0.15984828061314302,-0.028357142586580317,-0.08716502651530561,0.04862734595637969,0.14194362511706168,0.06855985037304707,0.2149595762582661,-0.22028243312435003,-3.24912238449825,0.10344882561723724,0.12849484737712005,0.05184600245140996,0.19346946805776838,0.7752881154125355,0.6183908506311637,1.647614388762356,0.6375442527056804,0.5493465030957216,0.7311902121481796,0.06666666666666667,0.0,0.2222222222222222,0.44981681262597195,0.3623044124423491,0.5350638213071143,0.0,0.0,0.0,0.2,0.0,0.42857142857142855,0.8833333333333333,0.6921875,1.0,0.9333333333333333,0.7777777777777778,1.0,0.3969733943289686,0.3389797773872278,0.47377724756925266,0.5413845182986402,0.45807920199741164,0.6492114199939006
DOI-grouped 5-fold,Voc,V,A-site pattern,FA+MA+Cs,1665,342,True,True,1.0552769630057277,1.0447092864860132,1.0646580558303431,1.0491626401309226,1.0420919713126582,1.0559403712443918,0.060184812410848214,0.05529800247834517,0.06576150346401112,-0.006114322874805164,-0.013890535028422298,0.0020829401298750765,0.08983047445335675,0.07934655730214211,0.10004836411933818,0.304151320996479,0.12692437716059263,0.45193785637329814,0.10768774675270865,0.0942252326670421,0.12091412837707596,0.5588826419504817,0.5039291457615286,0.6304943993471724,0.4735918816298908,0.4439289826561472,0.5071159582936612,0.04692839123953675,0.02708789272487627,0.06833706855295257,0.3827680732978091,0.3651319311296286,0.40289974603650214,0.0,0.0,0.0,0.0663630229419703,0.04288549542379626,0.0914096144010358,0.8892445558015735,0.8628892735158009,0.9158889218218773,0.9465203493712265,0.9294120048655126,0.9646985126407122,0.2402025133051614,0.2290743224378168,0.25268710261495997,0.3259289653583502,0.310868884933107,0.34282643196056173
DOI-grouped 5-fold,Voc,V,A-site pattern,Other/unknown,99,25,True,True,0.6627902116402116,0.5502424201161946,0.7689713477733686,0.7119278414951223,0.6251626894504829,0.7858479431634274,0.21461175245282102,0.14617412695538934,0.29285141484954835,0.04913762985491068,-0.05970439885785135,0.15026759261645867,0.2982362337469151,0.18430363081607143,0.39410298311831604,0.040498855039692416,-0.5675627911570592,0.507797553209343,0.30446519798245425,0.2236029095818713,0.3632616930362971,0.704881063172247,0.5399655389946953,0.9534895489494725,0.9549005901943617,0.9159695660249877,0.9860512694096585,0.8133333333333332,0.6666666666666666,0.9479366987179486,0.45995918741590686,0.3555251227932583,0.5568417237280271,0.0,0.0,0.0,0.6133333333333333,0.4332954545454545,0.7803606719367587,0.8414814814814815,0.7054671717171717,0.9514366948470209,0.937037037037037,0.8462540257648953,1.0,0.7133662518542091,0.6350982814245786,0.8021497486298367,0.9678438511729,0.8596300009253243,1.092153693305599
DOI-grouped 5-fold,Voc,V,B-site pattern,Pb (no Sn),8768,1660,True,True,1.0251232135724666,1.0194407550733975,1.0309016038253647,1.0126985275742553,1.0084890142345264,1.0166499113787801,0.07445262659286432,0.0717186374089346,0.0774667609381789,-0.012424685998211327,-0.016569992251521795,-0.007898815319341154,0.10693812052760546,0.10229653312943074,0.11234704463102241,0.3535132533682368,0.29887704938287907,0.40372348347092674,0.13300033472262449,0.12700740186115267,0.13950003435083164,0.5597927760718583,0.5372878594979804,0.5830292981927694,0.5675316805644495,0.5537503559388025,0.5812956782793505,0.0880032479790069,0.07618031740672762,0.0992824407236999,0.3829629683434842,0.37472490229409544,0.39212307825096016,0.0,0.0,0.0,0.042767312614938414,0.03435374828577282,0.051179739846937765,0.9023608254024813,0.8908210798192663,0.9122125355361406,0.9519382556926151,0.9439797380571199,0.9592481790254931,0.30790506519281535,0.30089410132194894,0.3146433128886886,0.41751392960571326,0.4081931265373339,0.4266824185831528
DOI-grouped 5-fold,Voc,V,B-site pattern,Sn (no Pb),155,30,True,True,0.46015810966810977,0.4112075859691384,0.5035465246945173,0.4242544733485484,0.40380577072955465,0.4466787378820567,0.11148980777541441,0.08702559078025446,0.13595261187453112,-0.03590363631956132,-0.0790913292941807,0.006826649274948297,0.14252945605202386,0.11278816518978335,0.17047447048664566,-0.028517669873269202,-0.7300494903150948,0.3042795166944409,0.14053961163516213,0.10676631928512266,0.16451906919429193,0.7932981063363089,0.6587731383640097,1.03282289739742,0.9210329895578248,0.8876787570704235,0.9508616731449249,0.5308080808080808,0.36361408199643497,0.7109848484848484,0.43162928784065735,0.35948852034193446,0.4990097850748947,0.0,0.0,0.0,0.30787878787878786,0.1611996753246753,0.4714972882231405,0.9275757575757576,0.8704804454804456,0.9772778460278461,0.9528282828282829,0.9061758741258742,0.9944903581267218,0.4558791612424896,0.40865442454104917,0.5067237070473557,0.615868834944098,0.5512315218287239,0.6853241858422171
DOI-grouped 5-fold,Voc,V,B-site pattern,Pb+Sn,98,25,True,True,0.7370142063492063,0.6888733633489628,0.7886212670658541,0.7848444843155338,0.7528418361457797,0.8204005300342291,0.117111003292457,0.07504178715973078,0.168281016847915,0.04783027796632727,-0.0136011332989265,0.1071672958309237,0.1780209318042553,0.11392033657300864,0.23296210018874774,-0.4808914219831393,-1.6855349201642882,0.01250839463379143,0.146288255573763,0.08689407624514278,0.19441763761564687,0.8005495918529568,0.6511806729252207,1.1501193662406584,0.7965189441754942,0.7350317150095206,0.855419163083678,0.154,0.036707657200811365,0.30306324110671934,0.47409298747290285,0.4053885268395843,0.552259676997652,0.0,0.0,0.0,0.35,0.15616319444444446,0.5384615384615384,0.8911111111111112,0.7777777777777778,0.9845238095238091,0.9488888888888889,0.8918001525553012,1.0,0.48608744793906433,0.4028803901580726,0.5869218489352167,0.6516171768149457,0.5448458038175494,0.7822731735267523
DOI-grouped 5-fold,Voc,V,B-site pattern,Other/unknown,95,25,True,True,0.6462633333333333,0.5458457215836526,0.7635312443996416,0.636598414935043,0.5775284588809473,0.6904763809307283,0.20684567710830243,0.14288616240634822,0.27478190412446213,-0.009664918398290378,-0.11904762033381246,0.08914345562595807,0.28071216650363756,0.19129247364994537,0.3684218690015637,0.09665352965586582,-0.3506225659705505,0.41375965026099176,0.29534801751358747,0.21477095411057864,0.35780313405534203,0.7003455748565725,0.5789396019391698,0.8853597673539496,0.917499820331351,0.8669436078018105,0.9597816787030375,0.6466666666666666,0.4620761183261183,0.817494824016563,0.22046513054308556,0.16675703599221964,0.2776294967551178,0.0,0.0,0.0,0.22,0.07772727272727271,0.3788009404388714,0.8411111111111111,0.7148966165413533,0.9569324712643678,0.9066666666666666,0.8111111111111111,0.986111111111111,0.7014014990555967,0.6220471924375759,0.7899606051120468,0.9500469732580394,0.8402575264258759,1.0728281037053136
DOI-grouped 5-fold,Voc,V,A x B domain,Cs (no FA/MA) / Other/unknown,48,12,True,False,0.6931111111111111,0.5417297222222223,0.8348439102564102,0.6604402300903562,0.5773542932291467,0.7395389300237976,0.15930454902963787,0.10133768791476744,0.2196203343265088,-0.032670881020754876,-0.1302799669739334,0.08306605257314471,0.19556127626250597,0.12868623859531353,0.2510009494319675,0.4065370798744241,-0.4025669962997676,0.6308325831186055,0.25385520251670474,0.16093403071133774,0.2979567276639712,0.6275410054641483,0.4891204954651542,0.9682909832002988,0.8876851719731329,0.780782012546528,0.9681119300016613,0.625,0.3125,0.871875,0.2662170659823007,0.20023162663340147,0.33627015539951727,0.0,0.0,0.0,0.1111111111111111,0.0,0.27797619047619027,0.923611111111111,0.7915972222222222,1.0,0.9722222222222222,0.9047619047619048,1.0,0.6553443370520873,0.5615081207588347,0.7492531132987907,0.891104719290043,0.762594677884368,1.0190659907487616
DOI-grouped 5-fold,Voc,V,A x B domain,Cs (no FA/MA) / Pb (no Sn),807,159,True,True,1.1444397546719542,1.118756892149358,1.1703359593298734,1.1113992608547332,1.0908375391356335,1.1337279777856943,0.09963098295371335,0.09032935059699675,0.11017562375293745,-0.03304049381722093,-0.04842461258140019,-0.01700783233347825,0.1342370586685574,0.11875379122984109,0.15035623751469443,0.47295292029412617,0.3463371133988066,0.5759176946349494,0.1849046027096627,0.16336043386598081,0.20573583577059854,0.5388237041895273,0.4812036104766728,0.607173765013123,0.862778057063822,0.8432944367999264,0.8798312261897898,0.2837227953174392,0.21707581873953033,0.350813042275762,0.40953482417370296,0.38154063125171384,0.43763281854104347,0.0,0.0,0.0,0.04076026637069922,0.014323755432618442,0.06855725561278611,0.9328648788831919,0.9078748804263866,0.9558841469661254,0.972340543802808,0.9536960833414297,0.9870618836332115,0.455908861867215,0.43004367151597844,0.4805244794647731,0.6179296796444554,0.5826033467534355,0.6516883720710311
DOI-grouped 5-fold,Voc,V,A x B domain,Cs (no FA/MA) / Pb+Sn,2,1,False,False,0.55,,,0.9563795390562158,,,0.4063795390562158,,,0.4063795390562158,,,0.41244613434395605,,,-33.71669668066817,,,0.06999999999999972,,,5.805421986517392,,,0.9518529654965044,,,1.0,,,0.44850785537096893,,,0.0,,,0.0,,,1.0,,,1.0,,,1.2021010136590893,,,1.5676859630235747,,
DOI-grouped 5-fold,Voc,V,A x B domain,Cs (no FA/MA) / Sn (no Pb),5,2,False,False,0.3305,,,0.387114923097506,,,0.12258238087620242,,,0.05661492309750599,,,0.17642204366922595,,,-0.26145144100212936,,,0.15707880187982076,,,0.7803878015952072,,,0.964011283665287,,,0.6666666666666666,,,0.447586175746795,,,0.0,,,0.0,,,0.8333333333333333,,,0.8333333333333333,,,0.5353855834900747,,,0.7330738369989998,,
DOI-grouped 5-fold,Voc,V,A x B domain,FA (no MA/Cs) / Pb (no Sn),200,41,True,True,0.9955304508499633,0.9598241204362258,1.0355331176900586,0.9753980497586137,0.9580641458818882,0.9928593929263717,0.09662890387544833,0.07508802065406933,0.1209406159215807,-0.020132401091349277,-0.057532033957102525,0.014057973757344617,0.1290071999573282,0.0944944124170285,0.16206910008451203,0.13796444366717775,-0.13914691483260574,0.303968686018143,0.1389476990765159,0.10186510458361185,0.17254273028842892,0.6954336381075054,0.6033042973834366,0.8579039474968304,0.759046522060534,0.7113990538529458,0.8099337112605959,0.25447154471544714,0.14281832298136646,0.38937403638606227,0.4667808575855348,0.40512962669396624,0.526402486212015,0.0,0.0,0.0,0.13008130081300814,0.03698830409356725,0.22525698775698774,0.9012379896526238,0.8140235503594706,0.9714568815331011,0.948170731707317,0.8779725609756097,1.0,0.37619373209740425,0.3353710027324571,0.4217354773329766,0.5091901838922903,0.453433380611616,0.5699953778877773
DOI-grouped 5-fold,Voc,V,A x B domain,FA (no MA/Cs) / Pb+Sn,1,1,False,False,0.72,,,0.9186871022015548,,,0.19868710220155483,,,0.19868710220155483,,,0.19868710220155483,,,,,,0.0,,,,,,0.9763211305720514,,,1.0,,,0.5460046606028716,,,0.0,,,0.0,,,1.0,,,1.0,,,0.637704907678211,,,0.8316447793977926,,
DOI-grouped 5-fold,Voc,V,A x B domain,FA (no MA/Cs) / Sn (no Pb),100,20,True,True,0.4864871645021645,0.4401075279066172,0.5266257158149822,0.43366543004330926,0.4044656978393703,0.4653234494169088,0.10749510470942707,0.07821349283571301,0.13993844954081808,-0.0528217344588552,-0.1029275314300681,-0.0047949749675983465,0.13475213343484685,0.09346457874175762,0.17099753915833085,-0.40673522101808746,-2.3259038569893637,0.30918942991583115,0.11361337709221418,0.0804716262037002,0.13458764910676022,0.9461483098260408,0.7004496703378897,1.4593182605017068,0.9011099175355923,0.8526581560241479,0.9446117550457367,0.48863636363636365,0.27715909090909085,0.7142857142857143,0.397203772007455,0.30318982699769365,0.48652732217338424,0.0,0.0,0.0,0.18,0.047619047619047616,0.3381428571428571,0.8871212121212121,0.75,0.9958677685950413,0.9,0.75,1.0,0.3904130932347746,0.3440706476827835,0.4419510529529595,0.528722680572715,0.46420801082442126,0.601410910036464
DOI-grouped 5-fold,Voc,V,A x B domain,FA+Cs / Pb (no Sn),328,71,True,True,1.0631330475425338,1.0356174749126108,1.0930001862050815,1.0322670573921886,1.0195318359051604,1.0451947501199392,0.08280448342363632,0.06627967753701401,0.10102827495382906,-0.030865990150345364,-0.05485687763789977,-0.008317690808129666,0.11444115214594469,0.08706567445119187,0.14203279697885599,0.24570809908530622,0.032936958118794706,0.3873816416593658,0.1317687721675872,0.1004031262231049,0.16089041669555113,0.6284074903447022,0.5534234309143886,0.7372961803988528,0.742004759831768,0.6905172122076363,0.7886038795826509,0.15023474178403756,0.08094877344877344,0.22916666666666666,0.5058910107816256,0.47092560675857215,0.536841136575553,0.0,0.0,0.0,0.10657276995305165,0.04567858954845256,0.17889102564102566,0.9290439607341017,0.8719707769066287,0.9723272058823529,0.9621478873239436,0.9213397803526842,0.9926523109243698,0.31884969929861307,0.28965739612583835,0.35300557769510355,0.4331883062192263,0.3939975865196963,0.47909383019166113
DOI-grouped 5-fold,Voc,V,A x B domain,FA+Cs / Pb+Sn,3,1,False,False,0.7066666666666667,,,0.7095079184050652,,,0.02946686977305139,,,0.0028412517383985536,,,0.03622936529520211,,,0.03171293547227183,,,0.036817870057291605,,,0.800341511532268,,,0.8227467488536421,,,0.0,,,0.6246084843017865,,,0.0,,,0.0,,,1.0,,,1.0,,,0.3904163389278594,,,0.5091504019360509,,
DOI-grouped 5-fold,Voc,V,A x B domain,FA+MA / Pb (no Sn),1042,237,True,True,1.050224244648928,1.0395980247605303,1.0595190122937228,1.0434645792778792,1.0378641194729485,1.049191598785737,0.056204445354674,0.05084263900919185,0.061945778283525044,-0.006759665371049166,-0.014986802043101887,0.002280446864391665,0.08115966928860811,0.06990183276442555,0.09273249482057028,0.18477118891016875,0.06299745434580847,0.2908815702943549,0.089887749832167,0.07706300371556979,0.10250856213662654,0.6252736936859089,0.5691752106799526,0.700021659050503,0.5904481861716874,0.5563312314463701,0.6237766125275918,0.0750685086128124,0.04727546162637906,0.10563857590912384,0.4243451447993271,0.40309779338603074,0.444905864398563,0.0,0.0,0.0,0.04405264215390797,0.022908106523787615,0.06832836548273928,0.9243719829162869,0.900445394515122,0.9469532790237255,0.9601583601583603,0.9413785462891494,0.9775830820555592,0.2524873054752924,0.23904301530679894,0.26705113827575305,0.3417080493210265,0.3237834962766491,0.3613397995233826
DOI-grouped 5-fold,Voc,V,A x B domain,FA+MA / Pb+Sn,49,14,True,False,0.7282460317460318,0.6712197530864197,0.7778218162393161,0.7559527305933538,0.7299055880224083,0.7878964664418433,0.08485750620881324,0.0454665583866789,0.13918588712408148,0.02770669884732217,-0.02843437507307852,0.09593812566379006,0.13542643627925965,0.0581096978533173,0.2029896916275222,-0.3378682591522353,-1.138785524251777,0.1306548551379235,0.11708379081475982,0.0489392664592316,0.15782700006510458,0.7247587870046648,0.5737997235844305,1.1320637941278227,0.7570815799144665,0.6688937477695225,0.8385442234140819,0.08928571428571429,0.0,0.2727272727272727,0.4125302411212632,0.3151136235161696,0.5206330900890794,0.0,0.0,0.0,0.07142857142857142,0.0,0.25,0.9126984126984128,0.7851633986928105,1.0,0.9444444444444444,0.862704248366013,1.0,0.4043395566431784,0.305466300781726,0.5503830950839494,0.5408332240879259,0.41187191432713155,0.7393054337853
DOI-grouped 5-fold,Voc,V,A x B domain,FA+MA / Sn (no Pb),16,5,True,False,0.46088571428571423,0.377952380952381,0.554,0.40434106842451056,0.3699481476277897,0.4389561635939455,0.09994283742168471,0.026930197081093635,0.20294522761455308,-0.05654464586120374,-0.176624231142306,0.04917060710511995,0.15053536536293477,0.039696166992562384,0.23319997789475247,-0.7525226575273891,-6.711472743550873,-0.0004988405723214129,0.1137121105319601,0.003726779962508133,0.15342517537475875,0.8789111111748701,0.5408731021956426,2.496612668561839,0.9410417740612758,0.918934296875813,0.9711743304454687,0.34285714285714286,0.0,0.8571428571428572,0.5891244838137781,0.4689522538581851,0.7168237245059818,0.0,0.0,0.0,0.34285714285714286,0.0,0.8571428571428572,0.9428571428571428,0.8095238095238096,1.0,0.9428571428571428,0.8095238095238096,1.0,0.4375951218585765,0.36188291119467864,0.5378317049428146,0.5915422121714873,0.49293406714323934,0.7129698664087709
DOI-grouped 5-fold,Voc,V,A x B domain,FA+MA+Cs / Pb (no Sn),1632,334,True,True,1.0616296725559078,1.0525057952789005,1.0703753783070453,1.0556354983542935,1.05068088479405,1.0608479197820087,0.05866534202440851,0.05420853906111152,0.06341767111686727,-0.005994174201614185,-0.013295492129090938,0.002082713938457007,0.08576133899121872,0.07682046914230796,0.0943584341912572,0.21019081917054427,0.08153917029122289,0.3382899340122397,0.09650070011664239,0.08498450416995473,0.10854029053871722,0.6079265948692445,0.5518966929890862,0.6707016138307567,0.46506131799024497,0.43570855096025163,0.4977508005964988,0.04625601737701068,0.02679485363550519,0.0664734763490103,0.3805602015235045,0.3622476645579998,0.3999251550848997,0.0,0.0,0.0,0.04400046061722708,0.02647329489932147,0.06562522817040065,0.8910827487549046,0.8653149630577069,0.9175256525635267,0.9467364056435913,0.9289389270126339,0.9648121872747754,0.23459644388126918,0.2243249183683784,0.24590403495829563,0.3183075700281354,0.3042653903856831,0.33402035066487684
DOI-grouped 5-fold,Voc,V,A x B domain,FA+MA+Cs / Pb+Sn,33,8,True,False,0.7900513392857142,0.680493125,0.9340099999999999,0.7789208093051857,0.7115688420874979,0.8654515699574856,0.12362270104470574,0.0471444804182168,0.22056297878996786,-0.011130529980528516,-0.1509441335289505,0.1008166812410946,0.19467967580005063,0.05466395259629424,0.2900141019216525,-0.08487042600902628,-0.9815950505064843,0.4674144859254272,0.1869096306055076,0.0422931117805994,0.2499455551640131,0.6614035919081367,0.5654122754023896,1.2620132564215336,0.8297429135851065,0.7000253472699831,0.9089431203885919,0.075,0.0,0.2571428571428571,0.4749467198750238,0.32011052199407436,0.6560897549473281,0.0,0.0,0.0,1.0,1.0,1.0,0.8125,0.5,1.0,0.9375,0.8,1.0,0.47425591175266035,0.37512165176429946,0.5662733606883276,0.6441222203948166,0.5047375858166723,0.7729801024912948
DOI-grouped 5-fold,Voc,V,A x B domain,MA (no FA/Cs) / Other/unknown,18,8,True,False,0.5449166666666667,0.4122583333333334,0.6886333333333332,0.5849070426234837,0.5155802469553614,0.6529540917132334,0.18913180589608913,0.051990085761738025,0.32631638568266946,0.03999037595681697,-0.14788064586913538,0.23297005577602392,0.25850699370208985,0.06793296398557197,0.3585534332268526,-0.8425427699354926,-4.946803597617627,0.016685012546895348,0.19044233962599325,0.03264241951739465,0.2510916640749542,0.9931184749542677,0.7366903904275438,1.9903959481161428,0.8995255732290826,0.8370588330412062,0.9553837934628369,0.375,0.0,0.7160714285714269,0.13964710612594447,0.08584781290541076,0.19729965848279235,0.0,0.0,0.0,0.125,0.0,0.4,0.75,0.4,1.0,0.8125,0.5,1.0,0.6162697345289363,0.5081967425050217,0.7471519617586401,0.823816063514791,0.6844187369816527,0.9833693637749983
DOI-grouped 5-fold,Voc,V,A x B domain,MA (no FA/Cs) / Pb (no Sn),4665,915,True,True,0.9868642977325249,0.9801521673669951,0.9932121552381735,0.975296874900331,0.9711295651050184,0.9796694831470116,0.0776558723622837,0.07369632311222114,0.08209091437401742,-0.011567422832193993,-0.017484659087038758,-0.005376399348387921,0.11094268308912283,0.10362702244925791,0.1187430232190735,0.17011354978765647,0.08711228838984747,0.23941533323983236,0.12178374582323605,0.11537695134326198,0.1286701486235215,0.6376538333366583,0.6116497308258311,0.6684448265975772,0.5264748368250441,0.5089421413064513,0.5448463314929443,0.05741566159116786,0.044270225004353396,0.0722688160371181,0.3568352934440721,0.3447100871690703,0.3690049819634549,0.0,0.0,0.0,0.030402778763434498,0.020584387043351745,0.04022309060835473,0.8951613870955257,0.8780731694889234,0.9094420800272596,0.9459970334366365,0.934016314000464,0.9565727388769093,0.313716160946841,0.3053427884990867,0.3220947484686685,0.4255025231694976,0.41394156596707976,0.43693056132850205
DOI-grouped 5-fold,Voc,V,A x B domain,MA (no FA/Cs) / Pb+Sn,10,2,False,False,0.7559523809523809,,,0.8472645705127947,,,0.12761808803426444,,,0.09131218956041373,,,0.1401191267498396,,,-1.8571292902420073,,,0.08289579011108242,,,1.5395002311124972,,,0.743543576710765,,,0.0,,,0.6843246423219298,,,0.0,,,0.0,,,1.0,,,1.0,,,0.5892109346649259,,,0.8068603787763478,,
DOI-grouped 5-fold,Voc,V,A x B domain,MA (no FA/Cs) / Sn (no Pb),20,5,True,False,0.438,0.2856666666666667,0.585,0.40212654497133266,0.3555027059563568,0.44159096800957215,0.15701588399735247,0.07731980878972677,0.21872903708470917,-0.0358734550286673,-0.208983522029837,0.11472095459056283,0.17557405080134442,0.10369573246895615,0.2226720529009396,-0.2165899176419932,-19.11520288642662,0.14985719109615128,0.15917989822838816,0.0,0.18567441261520123,0.9864052292084595,0.813735417044673,4.372093650235183,0.9380950160319266,0.9072443533593592,0.9700511938724392,0.4,0.0,1.0,0.56133081122919,0.41697590411621654,0.6721738707056122,0.0,0.0,0.0,0.2,0.0,0.6666666666666666,1.0,1.0,1.0,1.0,1.0,1.0,0.6381653796549906,0.5379978685308365,0.6986899244244087,0.8470498664358767,0.7292850494214066,0.9274353150772388
DOI-grouped 5-fold,Voc,V,A x B domain,MA+Cs / Pb (no Sn),38,15,True,False,0.9976555555555555,0.927808653846154,1.0493342948717947,0.9692984129689752,0.9373374561934621,0.9975757900272305,0.09962052806322878,0.05292023796941463,0.15984828061314302,-0.028357142586580317,-0.08716502651530561,0.04862734595637969,0.14194362511706168,0.06855985037304707,0.2149595762582661,-0.22028243312435003,-3.24912238449825,0.10344882561723724,0.12849484737712005,0.05184600245140996,0.19346946805776838,0.7752881154125355,0.6183908506311637,1.647614388762356,0.6375442527056804,0.5493465030957216,0.7311902121481796,0.06666666666666667,0.0,0.2222222222222222,0.44981681262597195,0.3623044124423491,0.5350638213071143,0.0,0.0,0.0,0.2,0.0,0.42857142857142855,0.8833333333333333,0.6921875,1.0,0.9333333333333333,0.7777777777777778,1.0,0.3969733943289686,0.3389797773872278,0.47377724756925266,0.5413845182986402,0.45807920199741164,0.6492114199939006
DOI-grouped 5-fold,Voc,V,A x B domain,Other/unknown / Other/unknown,29,7,True,False,0.6291309523809524,0.36631388888888894,0.9245555555555556,0.6220038684111067,0.48327042193343656,0.7557035611640053,0.2683129526832107,0.11336834369808776,0.4399208644987171,-0.007127083969845801,-0.2863902151307705,0.2326542922056996,0.3752146343717587,0.13442287671873218,0.5527114547456715,0.10133005053886934,-5.357632614543833,0.6934604757676032,0.395803526088604,0.07498298223354886,0.48685219935970603,0.6778942960279404,0.4822297657713007,2.0143347266025176,0.9925598116147664,0.9877298491224167,0.9966273264209472,1.0,1.0,1.0,0.207480960857336,0.0910221150585841,0.35283159093158356,0.0,0.0,0.0,0.4523809523809524,0.11000000000000001,0.7916666666666666,0.8492063492063492,0.6293650793650793,1.0,0.9285714285714286,0.75,1.0,0.8468328368550865,0.6357935020017385,1.0223720365742872,1.152992254809113,0.867736422622642,1.4023559268653012
DOI-grouped 5-fold,Voc,V,A x B domain,Other/unknown / Pb (no Sn),56,14,True,False,0.7348099017384732,0.6020975308641975,0.8543023809523809,0.8511501113025499,0.7950377622403294,0.9020214173538313,0.20002457488632805,0.11400364778480375,0.3212711550419181,0.11634020956407667,0.0017967408517147899,0.26151810173882,0.2782978155725588,0.14475350555316197,0.4182675154420599,-0.2976087634261342,-1.300039626194953,0.2908166138054823,0.2443081260647923,0.15239272130660209,0.31655056821221317,0.8187389347552037,0.640426305683478,1.281469569756632,0.9257939996470584,0.8634371278570173,0.9796254041400032,0.6666666666666666,0.4375,0.8958333333333333,0.5959135501382781,0.5004719258992059,0.6942358948275702,0.0,0.0,0.0,0.5833333333333334,0.3333333333333333,0.8126041666666666,0.828042328042328,0.6,0.9932659932659932,0.9232804232804233,0.75,1.0,0.6834410995775837,0.5883921988400684,0.7999314633059228,0.9260392621123203,0.8015047625879685,1.0843028941892452
DOI-grouped 5-fold,Voc,V,A x B domain,Other/unknown / Sn (no Pb),14,4,False,False,0.469625,,,0.3820168500661535,,,0.1716897735323646,,,-0.08760814993384647,,,0.19610181470799531,,,0.01043292488352543,,,0.19713284702200187,,,0.8709343781414692,,,0.9908700196242156,,,1.0,,,0.42595581436510666,,,0.0,,,1.0,,,0.875,,,1.0,,,0.5845377610708629,,,0.7901502065215569,,
DOI-grouped 5-fold,Voc,V,FA presence,FA absent,5712,1124,True,True,0.9945400641243576,0.984803873623443,1.003825406556331,0.979948521852755,0.9727379605413082,0.9870051508314986,0.08548637297005396,0.08165518911258261,0.09001226689610092,-0.014591542271602628,-0.021157059735750435,-0.008349382438935219,0.12319624226038706,0.11532504643159845,0.13151020114778383,0.47615331788606563,0.4030923374342669,0.5449301883089266,0.1702140331926454,0.15904852367982183,0.18157586885806432,0.5022287021029689,0.47212805498109317,0.5347971633276463,0.5917319144915679,0.5749987760367796,0.6084047902726192,0.11424742157761432,0.0974573768269073,0.13146491664857657,0.3659493266650448,0.35536009829472615,0.37639574266836795,0.0,0.0,0.0,0.04633922020226187,0.03496423189654793,0.05729180036806273,0.8998017912045034,0.8841043246985643,0.9119902666153087,0.9500853002363118,0.9398271304904667,0.9594746127241457,0.35006706830891904,0.3401240681385441,0.35953046888078855,0.47461844153726607,0.4611955083502407,0.4873076465375204
DOI-grouped 5-fold,Voc,V,FA presence,FA present,3404,685,True,True,1.0243414118457894,1.013275996016212,1.0343584055532906,1.0151608446876192,1.0051045580306939,1.024540112084519,0.06436971115715721,0.06025616347498141,0.06877354477071401,-0.009180567158170139,-0.014842043442450409,-0.0028087703990321597,0.09433263927709752,0.08661621025792651,0.10208341553595389,0.6265526079851571,0.535395785022829,0.6954724119354544,0.1543644429522286,0.13984794930797037,0.17042662578801493,0.41699830560770923,0.379678047201396,0.4616338353991539,0.5735942061461492,0.5526126876570637,0.5966990514078392,0.09362643582265738,0.0742672945673709,0.11303538300114739,0.4154970118754068,0.403191384120839,0.42894717059417214,0.0,0.0,0.0,0.07163614163614164,0.05523980418026701,0.08982058067841917,0.90615624237887,0.8907009105365497,0.9227469686087125,0.9531662477830362,0.9406070569472882,0.9651465718511849,0.26677533174563794,0.2576309444295328,0.277093576874719,0.36143053777471584,0.3492343039606298,0.37535237824421586
DOI-grouped 5-fold,Voc,V,MA presence,MA absent,1593,320,True,True,1.0104015392826826,0.9824908306893119,1.037991404530135,0.9881130399798372,0.9625273479056367,1.0115213581859441,0.10776015148104727,0.09819345036307868,0.1186793254511234,-0.022288499302845093,-0.036767426619464964,-0.007677770072203443,0.15355333700687057,0.13481793213798243,0.17415888183498454,0.6842070765816004,0.5980376258979072,0.7509232735899827,0.2732486733453481,0.24896499946650763,0.297980346219148,0.39436660446235183,0.35670621689084625,0.43686739056700474,0.8321855187659711,0.8147648762191072,0.8504043031915676,0.31315320152517734,0.26942876007940536,0.36352364287832806,0.434467550902257,0.4146626039696395,0.454089776271303,0.0,0.0,0.0,0.11634650735294116,0.08543552157067011,0.14966198218742513,0.9180245494055237,0.8956214244969238,0.9397821070166199,0.9595278303872053,0.9419481760974234,0.9742079176996183,0.4405283671462826,0.41858070601011005,0.46330924592370043,0.5969953536603596,0.5672606894043635,0.6279926782502101
DOI-grouped 5-fold,Voc,V,MA presence,MA present,7523,1460,True,True,1.0027774987079459,0.9966869475538742,1.009022006728299,0.9940265023851935,0.9891777760917059,0.9986480599277044,0.07206451426626219,0.06909147414220544,0.07527554234095929,-0.008750996322752372,-0.013193095077236013,-0.004046308844279167,0.10530906332668981,0.09959412166869681,0.11132459148866071,0.38446656193101303,0.31100261750250907,0.4476194394270362,0.13422701267663062,0.12640635736954883,0.14203395949584277,0.5368853320149087,0.5101729032472674,0.5689104161677426,0.5316398999805905,0.5160772474887003,0.5462648688994065,0.06259917023615655,0.0515858883141161,0.0743853924487033,0.3724483342665158,0.3635079131023502,0.3818616905944191,0.0,0.0,0.0,0.04159573683546286,0.03280786146452289,0.05033972286612297,0.8974877169447285,0.8848341827356121,0.9087494754295693,0.9485420634100338,0.9395441856861371,0.9567607376950479,0.2935111429122671,0.2865632063792217,0.29968905232955084,0.3978223573895196,0.3883253410087725,0.40626409591915286
DOI-grouped 5-fold,Voc,V,Cs presence,Cs absent,6220,1211,True,True,0.9769249351040181,0.9683415094852021,0.9847327023723437,0.966570920151932,0.9595695073446237,0.9726363491539044,0.07786135963615222,0.0743875641831404,0.0820251770736399,-0.010354014952085733,-0.015758503050559435,-0.004596841427468508,0.11383691618027882,0.10645906874895884,0.12214285311905287,0.48288953467780016,0.40245297524200485,0.5498775523203836,0.15830384327085023,0.14761453723986198,0.1698914164073559,0.4918475636939224,0.4627466360722235,0.5243589687369848,0.5632043865227555,0.5463332980833744,0.5794806194766268,0.091224565799697,0.07718660738265723,0.10707161762971654,0.37264898706239213,0.3621253508568584,0.3824705984707053,0.0,0.0,0.0,0.049883582790271476,0.03874334162555403,0.06141713795872063,0.8998112304633666,0.885193490059039,0.9107127751315599,0.9482796584631737,0.9383314888738303,0.9568045450809406,0.31662821665431373,0.3083688016821637,0.3247204570575816,0.4290645622802885,0.4180993303113739,0.43987891882267516
DOI-grouped 5-fold,Voc,V,Cs presence,Cs present,2896,587,True,True,1.0665782087863531,1.055009733257576,1.0796134614528037,1.0512525518556186,1.0420027676482115,1.060848068096975,0.07677246366110924,0.07162962701282895,0.08244959075906935,-0.015325656930734474,-0.023348974026558625,-0.008159635191016916,0.11197151382065054,0.10322215113414147,0.1210939748630157,0.5330818997818417,0.43709904095953755,0.6086041188151657,0.16386537450333943,0.14865249052107618,0.18022223260062495,0.4685093717559269,0.4304852427445577,0.5132923725624301,0.6219601032666632,0.5971989749668118,0.6463904957796526,0.13750764874778526,0.11189121764777538,0.16377236758260486,0.4039866394930908,0.38992544926046224,0.4196122926447006,0.0,0.0,0.0,0.06719540522276267,0.049513859981857714,0.0867559612407716,0.9046580494696539,0.8875145064469557,0.9228772129074877,0.9549964894087554,0.9419852240554357,0.9674208828429463,0.321432619013978,0.3067233539151722,0.3366789388070692,0.4359007548081562,0.4158708195992062,0.4565363877916995
DOI-grouped 5-fold,Voc,V,Pb presence,Pb absent,250,55,True,True,0.5447513931523023,0.48909896903155214,0.6043457765828703,0.5207744467969551,0.48319141622483625,0.5601011054572861,0.154833384744909,0.122042911663321,0.191793406716473,-0.02397694635534726,-0.07799446840029768,0.027043394743561898,0.21656082017231107,0.16370099377512548,0.27050792766306986,0.20525568974237507,-0.1881847736236242,0.4715039130649199,0.24292162288909952,0.18133726529206362,0.2942400720896713,0.6373800030785844,0.5417654158591214,0.8058734400719684,0.919427003545791,0.8930437391257985,0.9454620017198847,0.5834710743801653,0.4655014844670017,0.7107516553090717,0.33564557997812483,0.28353721651217256,0.3886831156002192,0.0,0.0,0.0,0.2679338842975207,0.1628219696969697,0.38542325831847885,0.8882736455463727,0.8200521555423517,0.9478889986824768,0.9318457300275482,0.8823738742656153,0.9768558429118773,0.567480223884811,0.5119141492568191,0.6222166332043328,0.7677679887231625,0.6939745099919618,0.8415616417796002
DOI-grouped 5-fold,Voc,V,Pb presence,Pb present,8866,1680,True,True,1.0210574967828747,1.0150582754077837,1.0266400405314076,1.0095901308639135,1.005227044583152,1.0138700778561116,0.07504443702902229,0.07224082949407341,0.0781270630177146,-0.011467365918961228,-0.01572505009838336,-0.006902499847750657,0.10833249385723939,0.10328669896052894,0.11362944419877115,0.3797742854308932,0.3263444770789033,0.4305535108024333,0.13755736778387212,0.1312347184842036,0.1438966194403723,0.5455501092964419,0.5228843027831576,0.5679731255234695,0.570729541250908,0.5570326041776272,0.5846504626499258,0.08924725693163778,0.07748615072595347,0.1010282417735334,0.38404141864034974,0.37556206306585344,0.3928806789439135,0.0,0.0,0.0,0.04716889222666533,0.038386203313668404,0.05543218839091123,0.9020516356820812,0.8903113938370081,0.9119272957024119,0.9518986468285496,0.9441337026094153,0.9590861036746642,0.3103935597916048,0.3034421691888156,0.3169840037786522,0.42075749756415337,0.41131036062105897,0.42949596678278595
DOI-grouped 5-fold,Voc,V,Sn presence,Sn absent,8863,1685,True,True,1.0195021471000758,1.013208957636534,1.0256966634997717,1.0071184072086883,1.0025478993165637,1.0118215587414,0.07641691517617942,0.07357222104151084,0.0796745049842883,-0.012383739891387573,-0.017034658180522053,-0.007905821038587496,0.11151332185605077,0.10587035011882893,0.11830400480802704,0.40269443921143744,0.33543462458916,0.4593868544860242,0.1442874220930926,0.13617929866672238,0.15288413102131582,0.5296159157024519,0.5053141608033543,0.5567108974204228,0.5727240861989732,0.5587374492224527,0.586457588555079,0.09629202273698403,0.08416291590090128,0.1084833140940369,0.3805520211951103,0.3718931113369659,0.38935639169134395,0.0,0.0,0.0,0.04539687770967226,0.03671997986670092,0.05425692552979183,0.9014520759322829,0.8901366212123563,0.9113081754698632,0.9512665703954942,0.9434152595176055,0.9587868181629221,0.3137432912145184,0.3062065884215749,0.3210063150807272,0.42541501333942733,0.4151598767742719,0.4352430259231967
DOI-grouped 5-fold,Voc,V,Sn presence,Sn present,253,55,True,True,0.5860017899776991,0.5381116052514173,0.637279823900561,0.588159023788087,0.5375893575773194,0.6403493520256573,0.11404489664679741,0.0910793161367214,0.14144622255284675,0.0021572338103880376,-0.03567472302274005,0.03755761756264517,0.1596431064642719,0.126407461740235,0.19224053667673444,0.35486564633370443,-0.015824083392139737,0.5801642827389869,0.19875821400074492,0.16006201843856704,0.23326232975996677,0.5737870870904987,0.4661749539982314,0.7346121416433503,0.8644356962022198,0.8305638280501033,0.8999933689702034,0.35953168044077133,0.25129329004329004,0.4883848905723906,0.4509309694916781,0.3991485360174372,0.5049345145912328,0.0,0.0,0.0,0.3270247933884297,0.21184909318244965,0.4539161915911636,0.9110009182736455,0.8522902411208862,0.966671146953405,0.9510376492194674,0.9147501492760114,0.9851308655966675,0.4696102006500235,0.4247959009759161,0.5261874568979859,0.6321180812490287,0.5721407576178659,0.7065753482919636
DOI-grouped 5-fold,Jsc,mA cm^-2,A-site pattern,MA (no FA/Cs),4713,928,True,True,18.957500392475914,18.682053881625475,19.24146316525241,18.3985335234505,18.19027041898811,18.58042477506769,2.7823009312126405,2.6513404733611416,2.920141939125815,-0.5589668690254188,-0.7654605007358016,-0.335193427945511,3.803984291837578,3.5924154269746005,4.029935333793318,0.34563979062237316,0.25314615131643015,0.4157140899246201,4.702515909726505,4.385828899750953,5.02088796379697,0.591662204790809,0.5584364652388403,0.6307429641294453,0.5323243325151172,0.5143828658344839,0.5507903913806916,0.06199927840077434,0.04820897245414075,0.07731997377136025,0.3563104927768789,0.34457978522658145,0.36819039234783096,0.0,0.0,0.0,0.032132050181619146,0.022126798650050433,0.0427476591627108,0.9015814821350432,0.8867650810923485,0.9155697418983229,0.9554339836505296,0.9456063574055746,0.9658055143079731,11.169014441350926,10.896255359826892,11.461533302123717,15.52431768883535,15.143278864547678,15.928227053690115
DOI-grouped 5-fold,Jsc,mA cm^-2,A-site pattern,FA (no MA/Cs),301,62,True,True,18.74712347437508,17.621113152037225,19.943773687570452,17.811382594787784,17.000690533373422,18.575474705259865,3.3994679134642913,2.80379245839961,4.006632093392451,-0.9357408795873011,-1.8454289446355474,0.11053727411637349,4.416184323074325,3.6334041480517407,5.195868174304891,0.1177730018490214,-0.40756333884165574,0.4000222089501071,4.7017227881155295,3.688997612713998,5.548617759346871,0.723026019751116,0.6054079411069888,0.9027412367436312,0.8083778529962224,0.7699358504589421,0.8494597797562695,0.3420332355816227,0.24187613071008593,0.4627602294127718,0.4456144397057887,0.3955108019016555,0.4968082786854929,0.0,0.0,0.0,0.14408602150537636,0.0703125,0.2264667277167277,0.9264540566959922,0.8726989480365148,0.9693674242424242,0.9974462365591398,0.9927877390710382,1.0,15.246676253668932,14.072111235353425,16.401097511156074,21.17469866617854,19.547242727804495,22.785515977781852
DOI-grouped 5-fold,Jsc,mA cm^-2,A-site pattern,Cs (no FA/MA),862,174,True,True,11.896696564809954,11.225137874197511,12.609429336052816,11.5659916453467,10.953807119940983,12.177643764510929,1.8074015967002623,1.5763914146742148,2.038504114497513,-0.3307049194632535,-0.6416741809868056,-0.014821098272149353,2.598618605392637,2.2458119466164193,2.9279130534886644,0.7319862902906871,0.653310317361046,0.797467488816303,5.019541376616248,4.572336116731408,5.406898471550116,0.3600730547057788,0.3149198562593355,0.41002480502841265,0.8661713141934045,0.8470322968626591,0.8834010868837253,0.3157773436138286,0.24790165414954007,0.3806581645860187,0.40031219564523535,0.3739574682262538,0.4262567666880518,0.0,0.0,0.0,0.04490928555330178,0.01858670238537899,0.07305459574805045,0.9476704283245866,0.9241549348280935,0.9696526648450078,0.9751294579134335,0.9600269042355388,0.9892053511908195,9.939787443322203,9.167155748288668,10.766554265367107,13.803387412840953,12.734610452455422,14.949717224820374
DOI-grouped 5-fold,Jsc,mA cm^-2,A-site pattern,FA+MA,1107,255,True,True,21.932833487536428,21.58045047858083,22.283335454963293,21.29436672591615,21.045292231103666,21.52713345301778,1.9316062494137998,1.7399226225497821,2.1529612000025797,-0.6384667616202804,-0.9165198199817245,-0.3761223439769556,2.8036723816663582,2.4461291970480974,3.1874432598361393,0.2721145249646669,0.07423636523332672,0.4173113170647621,3.286213208949487,2.856654157574834,3.6928317192629123,0.58779090904795,0.5286814220997532,0.6643146898051859,0.607006516322511,0.5748767400587338,0.6379924719920196,0.08139420492361668,0.05297095074747459,0.11404453140838018,0.42637307469418934,0.4052506037832344,0.44639326905785254,0.0,0.0,0.0,0.05158730158730159,0.029663154514061003,0.07721770783785213,0.9304702487055427,0.9046632171904826,0.9529707142099832,0.967316343786932,0.9503190929041124,0.9810880315404198,8.929355201152667,8.401323266860544,9.514385402264535,12.415240883308535,11.677535062025807,13.233023779721735
DOI-grouped 5-fold,Jsc,mA cm^-2,A-site pattern,FA+Cs,331,72,True,True,19.910089016183075,18.93338724155482,20.835858550209807,19.81327497086144,19.257102377562134,20.325735749689557,2.209696489774669,1.834986287800048,2.6461004637287524,-0.09681404532163344,-0.7304319867083444,0.4830478160956683,3.008106921017691,2.467576462504596,3.56660566332203,0.5004227368424206,0.22312822341788624,0.6543053665842665,4.255905113100409,3.158906663065589,5.152405693171432,0.5192071794488187,0.4387001628786739,0.6492404549067124,0.7431261763459608,0.6929831252158603,0.7889790343675583,0.14814814814814817,0.07870370370370369,0.22414790868454662,0.5075398645805165,0.47430302635707494,0.5390738764279313,0.0,0.0,0.0,0.10509259259259258,0.045659436834094375,0.1769256756756757,0.942178731762065,0.8922355284388868,0.9811620545735129,0.9759837962962964,0.9461527070902072,0.9977484984984984,11.179097625411428,10.101176202200518,12.455363672880619,15.490048946398563,13.989379585799954,17.255063309246946
DOI-grouped 5-fold,Jsc,mA cm^-2,A-site pattern,MA+Cs,38,15,True,False,19.814500000000002,18.312337239583336,21.426432291666668,17.229214964916608,15.963250153467637,18.489029168824402,3.465364788199042,2.279652394559448,4.68705848787558,-2.58528503508339,-4.186802830801063,-1.0641091486374903,4.2858361785700945,2.954061236275688,5.46071236309942,-0.3822433931724849,-2.2635837259279787,0.1785487170665373,3.6453841856669893,2.280436410793556,4.68568542031362,0.9506171672725877,0.6979880681288076,1.5016040455180275,0.6375442527056804,0.5493465030957216,0.7311902121481796,0.06666666666666667,0.0,0.2222222222222222,0.44981681262597195,0.3623044124423491,0.5350638213071143,0.0,0.0,0.0,0.2,0.0,0.42857142857142855,0.9222222222222223,0.7691666666666667,1.0,1.0,1.0,1.0,14.95175675102951,12.597100936059695,17.646753060316417,20.764806430320537,17.431551687492206,24.637169541666108
DOI-grouped 5-fold,Jsc,mA cm^-2,A-site pattern,FA+MA+Cs,1665,342,True,True,21.25259619052919,20.94987083911987,21.54948772296127,21.033732868089942,20.87640659466365,21.178485898393998,2.030480120250659,1.8205083048208905,2.258779286622731,-0.21886332243924775,-0.4861224993675878,0.06687253626691622,3.231767924669665,2.7915758027325492,3.6905125198681543,0.042224598202428965,-0.06494374436477442,0.139507829489712,3.302237666006178,2.882951549008111,3.736775004590165,0.6148800678863252,0.5723311091837101,0.6710242935668983,0.4735918816298908,0.4439289826561472,0.5071159582936612,0.04692839123953675,0.02708789272487627,0.06833706855295257,0.3827680732978091,0.3651319311296286,0.40289974603650214,0.0,0.0,0.0,0.0663630229419703,0.04288549542379626,0.0914096144010358,0.9131677451852891,0.8891027966247357,0.9363265724420213,0.9498513710136516,0.931014672297302,0.9665910088833705,8.049259134304185,7.631366911715279,8.516462946835341,11.17684937109016,10.588522360078269,11.819433320127281
DOI-grouped 5-fold,Jsc,mA cm^-2,A-site pattern,Other/unknown,99,25,True,True,6.776523597883599,3.72926924001924,9.969097864076634,7.866531386086437,6.380585058147556,9.326221352034326,5.262723144099749,3.747451572581738,6.756164357252512,1.0900077882028396,-1.3486904306219851,3.665253557468948,6.569840438643858,5.065409137456692,7.8427789669386625,0.3131819631859536,-0.7055737898776834,0.49971416985325273,7.927458479944381,4.390269507398598,9.71656733643886,0.6638600703382899,0.5299263809485022,1.048782972707358,0.9549005901943617,0.9159695660249877,0.9860512694096585,0.8133333333333332,0.6666666666666666,0.9479366987179486,0.45995918741590686,0.3555251227932583,0.5568417237280271,0.0,0.0,0.0,0.6133333333333333,0.4332954545454545,0.7803606719367587,0.9816666666666666,0.9510869565217391,1.0,1.0,1.0,1.0,21.736685656084486,19.019978040676328,23.899975236314056,30.09932682171106,26.30175419332747,33.108280072562714
DOI-grouped 5-fold,Jsc,mA cm^-2,B-site pattern,Pb (no Sn),8768,1660,True,True,19.197535098042042,18.98096187528464,19.40504023336456,18.762268746326747,18.580970264147247,18.921118608394774,2.4270030855651252,2.3349752707053884,2.5247331798426234,-0.4352663517153012,-0.5766119417161049,-0.2901652648371678,3.464536022828482,3.304590119857261,3.6266363507596346,0.4602727424400843,0.41145826127036844,0.5094078068362863,4.7158274440617305,4.513220236745621,4.921041115991074,0.5146505283227143,0.4926619256661841,0.5386344900841208,0.5675316805644495,0.5537503559388025,0.5812956782793505,0.0880032479790069,0.07618031740672762,0.0992824407236999,0.3829629683434842,0.37472490229409544,0.39212307825096016,0.0,0.0,0.0,0.042767312614938414,0.03435374828577282,0.051179739846937765,0.9130428214729298,0.9029012374101701,0.92260084030819,0.9588529300017905,0.951665054740475,0.966040727991457,10.148862749285597,9.930527928552173,10.364210125110143,14.099629105145448,13.802003095950306,14.399692018113724
DOI-grouped 5-fold,Jsc,mA cm^-2,B-site pattern,Sn (no Pb),155,30,True,True,15.588546190476192,13.444870781354961,17.621835095174433,14.747216080614542,13.445422802604645,16.011477522969468,4.055439839566337,2.8682132061081056,5.18161206823273,-0.8413301098616485,-2.4695110598547196,0.8641606300435839,5.510832664716978,4.080118289882862,6.723479313544607,0.2999697997649847,-0.037063191328159835,0.5028937755318305,6.586562780982432,5.058338677439015,7.707365626317838,0.6157141402000634,0.5048505109187961,0.7704768204734413,0.9210329895578248,0.8876787570704235,0.9508616731449249,0.5308080808080808,0.36361408199643497,0.7109848484848484,0.43162928784065735,0.35948852034193446,0.4990097850748947,0.0,0.0,0.0,0.30787878787878786,0.1611996753246753,0.4714972882231405,0.9089646464646465,0.8190751964085298,0.9800332792207792,0.993939393939394,0.979020979020979,1.0,18.453706915243572,16.70763604132309,20.287034423895772,25.677706057583457,23.246424361209794,28.266021277517357
DOI-grouped 5-fold,Jsc,mA cm^-2,B-site pattern,Pb+Sn,98,25,True,True,25.99500634920635,24.349515057189546,27.479131660273367,23.411017357064058,21.738910074804597,24.702730758763085,4.104872134302703,3.192873693714042,5.10623803868933,-2.583988992142291,-4.080040662111234,-1.0299861833773234,5.372167871671244,3.887031083050164,7.031957457220436,-0.17480009247273376,-1.812900337040616,0.08903055082470053,4.956414161768123,2.7216328788186828,7.118451552338613,0.8281939322113376,0.6384119700324703,1.4755048841310558,0.7965189441754942,0.7350317150095206,0.855419163083678,0.154,0.036707657200811365,0.30306324110671934,0.47409298747290285,0.4053885268395843,0.552259676997652,0.0,0.0,0.0,0.35,0.15616319444444446,0.5384615384615384,0.9355555555555556,0.8444367283950617,1.0,0.9755555555555556,0.9318976050830889,1.0,15.894380543967243,13.991764779285168,18.373077861633053,22.120429558164297,19.443163884163976,25.62846458658913
DOI-grouped 5-fold,Jsc,mA cm^-2,B-site pattern,Other/unknown,95,25,True,True,2.992070793650794,1.5725798140567162,5.2127689831349215,3.0563215436612894,2.29090990316764,4.279290571060473,1.932324748569008,1.1474407273981664,3.0163011614954107,0.06425075001049592,-1.222761894494365,1.038782201362359,3.1138849958101282,1.3843712000255455,4.695535990818874,0.622659978558999,-1.01299913381015,0.7101375902907059,5.069161572332927,1.1712573053571629,8.376985152079362,0.38119217961318885,0.29844021224237566,1.1072128123604656,0.917499820331351,0.8669436078018105,0.9597816787030375,0.6466666666666666,0.4620761183261183,0.817494824016563,0.22046513054308556,0.16675703599221964,0.2776294967551178,0.0,0.0,0.0,0.22,0.07772727272727271,0.3788009404388714,0.96,0.863474025974026,1.0,0.96,0.863474025974026,1.0,10.77476549523538,8.351886098454882,13.553442341255293,14.958931986850118,11.575484413664643,18.79897888483073
DOI-grouped 5-fold,Jsc,mA cm^-2,A x B domain,Cs (no FA/MA) / Other/unknown,48,12,True,False,2.2566011904761907,1.4003287480376765,3.5065219345238097,2.2955405109565867,2.0797102631372084,2.5052162287874786,1.5382565879869858,0.8575899296234842,2.5083505037500204,0.038939320480395924,-1.4079845908202215,1.0388061576276373,2.1645170834576373,1.0616359681568712,3.3876360584182392,-0.23601648882377368,-1.5338863485096519,-0.042374984857243024,1.9469234928426722,0.8791767887162288,2.8144882973824625,0.790096063683017,0.7101766531960721,1.3628607270733635,0.8876851719731329,0.780782012546528,0.9681119300016613,0.625,0.3125,0.871875,0.2662170659823007,0.20023162663340147,0.33627015539951727,0.0,0.0,0.0,0.1111111111111111,0.0,0.27797619047619027,0.9166666666666666,0.7142857142857143,1.0,0.9166666666666666,0.7142857142857143,1.0,7.800328238844489,6.19432147077357,9.422232555534741,10.837643455375092,8.593483144551037,13.110616924738471
DOI-grouped 5-fold,Jsc,mA cm^-2,A x B domain,Cs (no FA/MA) / Pb (no Sn),807,159,True,True,12.590448561789628,11.973594106865024,13.250902212517502,12.258866005650212,11.731379367866051,12.759030691150677,1.762386515005728,1.5518012179930074,1.9873019051821896,-0.3315825561394159,-0.6342911621844695,-0.009130216425103099,2.500910702617624,2.1997470105132746,2.79333282983576,0.6678187251500022,0.5918931510977988,0.7357024477776025,4.339209426956832,3.9612881812788925,4.67500746054565,0.40615382702137115,0.3624280463968412,0.4545353427771604,0.862778057063822,0.8432944367999264,0.8798312261897898,0.2837227953174392,0.21707581873953033,0.350813042275762,0.40953482417370296,0.38154063125171384,0.43763281854104347,0.0,0.0,0.0,0.04076026637069922,0.014323755432618442,0.06855725561278611,0.9511194205145372,0.9275895168739691,0.9723985044548771,0.9790724885341978,0.9655986031060659,0.9906564455314765,9.907795386107368,9.090503759205385,10.75042410226204,13.75327030313431,12.623074112141918,14.916802798146966
DOI-grouped 5-fold,Jsc,mA cm^-2,A x B domain,Cs (no FA/MA) / Pb+Sn,2,1,False,False,19.0,,,13.49893503415516,,,5.501064965844839,,,-5.501064965844839,,,5.60588156411981,,,-24.971824885072245,,,1.1000000000000165,,,5.00096815076796,,,0.9518529654965044,,,1.0,,,0.44850785537096893,,,0.0,,,0.0,,,1.0,,,1.0,,,13.303282930696462,,,18.548080779061017,,
DOI-grouped 5-fold,Jsc,mA cm^-2,A x B domain,Cs (no FA/MA) / Sn (no Pb),5,2,False,False,11.032333333333334,,,11.138715113153882,,,5.154138959123152,,,0.10638177982054886,,,6.814278655027685,,,0.07083879906330603,,,7.069266526466676,,,0.7290910506523605,,,0.964011283665287,,,0.6666666666666666,,,0.447586175746795,,,0.0,,,0.0,,,0.8333333333333333,,,1.0,,,23.638163475080717,,,33.20981469620461,,
DOI-grouped 5-fold,Jsc,mA cm^-2,A x B domain,FA (no MA/Cs) / Pb (no Sn),200,41,True,True,18.677052402069474,17.070156475680907,20.25918507136139,18.344096874102032,17.209020225751672,19.310401413167824,3.528054126247614,2.8480375660625232,4.253891733797521,-0.3329555279674436,-1.6311075116940938,1.0009100675005784,4.445769567424563,3.5800180924678853,5.321296914482092,0.26351092259107534,-0.3298059155889949,0.5198776792762562,5.180405949371565,3.8099696754475763,6.210533465529997,0.6810381581535329,0.545635598759251,0.8897551178399569,0.759046522060534,0.7113990538529458,0.8099337112605959,0.25447154471544714,0.14281832298136646,0.38937403638606227,0.4667808575855348,0.40512962669396624,0.526402486212015,0.0,0.0,0.0,0.13008130081300814,0.03698830409356725,0.22525698775698774,0.9253695491500371,0.8563754835589942,0.9805681818181817,0.9961382113821139,0.9889702818627452,1.0,14.801185456000113,13.339009424976835,16.292533959128782,20.520151594900053,18.51328326304984,22.59892383900177
DOI-grouped 5-fold,Jsc,mA cm^-2,A x B domain,FA (no MA/Cs) / Pb+Sn,1,1,False,False,24.5,,,18.939676941827077,,,5.560323058172923,,,-5.560323058172923,,,5.560323058172923,,,,,,0.0,,,,,,0.9763211305720514,,,1.0,,,0.5460046606028716,,,0.0,,,0.0,,,1.0,,,1.0,,,17.89022297084435,,,24.9434145351415,,
DOI-grouped 5-fold,Jsc,mA cm^-2,A x B domain,FA (no MA/Cs) / Sn (no Pb),100,20,True,True,18.603125346320347,17.342974217765896,19.891118710963724,16.662903604841624,15.611480447950797,17.72303928108737,3.0278234200230463,2.0033783818633784,4.212362196444765,-1.940221741478728,-3.4165901464507553,-0.4658010052096685,4.288879020498004,2.8107372679680442,5.8741556937833925,-0.5550868444348396,-2.737020162221978,0.2313908280079762,3.439271590170664,2.456822481093709,4.313176814398533,0.8803676419961934,0.6405000036396131,1.3053332007118026,0.9011099175355923,0.8526581560241479,0.9446117550457367,0.48863636363636365,0.27715909090909085,0.7142857142857143,0.397203772007455,0.30318982699769365,0.48652732217338424,0.0,0.0,0.0,0.18,0.047619047619047616,0.3381428571428571,0.925,0.8333333333333334,1.0,1.0,1.0,1.0,16.027755053031246,13.786383873305056,18.08889090359669,22.328084368851286,19.200579462083653,25.28484428784732
DOI-grouped 5-fold,Jsc,mA cm^-2,A x B domain,FA+Cs / Pb (no Sn),328,71,True,True,19.878634870871096,18.90016570590937,20.820029288077492,19.7419366404195,19.198037406348387,20.227196373616103,2.202298368519296,1.823453606369353,2.6448831673564603,-0.13669823045160115,-0.7770775314423894,0.44355287734248244,3.0085345040802687,2.4587712757035676,3.5719229657488842,0.5046346216328035,0.23031942471953543,0.6572047062232936,4.274567423448094,3.179772086252559,5.1750549270597554,0.5152096458786944,0.4347496781939197,0.6424490155395014,0.742004759831768,0.6905172122076363,0.7886038795826509,0.15023474178403756,0.08094877344877344,0.22916666666666666,0.5058910107816256,0.47092560675857215,0.536841136575553,0.0,0.0,0.0,0.10657276995305165,0.04567858954845256,0.17889102564102566,0.9413643477023759,0.891739864864865,0.9808795407122871,0.9756455399061034,0.9449803602430557,0.9977477477477477,11.165878505566688,10.065779349427663,12.464623030666308,15.47026060570723,13.951317557263192,17.262928758967448
DOI-grouped 5-fold,Jsc,mA cm^-2,A x B domain,FA+Cs / Pb+Sn,3,1,False,False,22.143333333333334,,,24.87829643223941,,,2.734963098906077,,,2.734963098906077,,,2.9775915866047407,,,-4.060467580927137,,,1.3236397630103873,,,2.0662442874078377,,,0.8227467488536421,,,0.0,,,0.6246084843017865,,,0.0,,,0.0,,,1.0,,,1.0,,,12.117655134387865,,,16.8950211354832,,
DOI-grouped 5-fold,Jsc,mA cm^-2,A x B domain,FA+MA / Pb (no Sn),1042,237,True,True,21.7212874206197,21.435007904913483,21.99982254549547,21.194033776892034,20.98954626972542,21.387576665561664,1.7837967209348407,1.6139714913625078,2.003628820065363,-0.5272536437276665,-0.7911808429594476,-0.26877466988221294,2.6001272589879183,2.2462855874293775,2.9980833338502517,0.09893425397038302,-0.1241039649584124,0.2586377370327315,2.7391534603295904,2.333825060750383,3.125733463529784,0.6512219000392202,0.5840658825508626,0.7382837802467214,0.5904481861716874,0.5563312314463701,0.6237766125275918,0.0750685086128124,0.04727546162637906,0.10563857590912384,0.4243451447993271,0.40309779338603074,0.444905864398563,0.0,0.0,0.0,0.04405264215390797,0.022908106523787615,0.06832836548273928,0.9353026954292777,0.9095000108897991,0.9566396971578596,0.9665084095463842,0.9488271528972788,0.9809951109332921,8.365914771805071,7.892828282793321,8.890556429080576,11.632928852491666,10.965325765014422,12.368877388517712
DOI-grouped 5-fold,Jsc,mA cm^-2,A x B domain,FA+MA / Pb+Sn,49,14,True,False,27.989329365079364,26.78960127314815,29.140406296296298,25.10178199626974,23.59147149396721,26.29509170803665,3.460701867183311,2.4291977413960524,4.549174435709763,-2.887547368809628,-4.3025575797584,-1.4130524866135115,4.058399877636177,3.0639199753790813,5.032045618941904,-1.9129077183002963,-7.176255040480382,-0.4009517573588749,2.377888426253254,1.5842711169568728,3.057052349801269,1.4553676400352409,0.9885531991626616,2.473142821939286,0.7570815799144665,0.6688937477695225,0.8385442234140819,0.08928571428571429,0.0,0.2727272727272727,0.4125302411212632,0.3151136235161696,0.5206330900890794,0.0,0.0,0.0,0.07142857142857142,0.0,0.25,0.9206349206349207,0.7606837606837608,1.0,0.9920634920634921,0.9735119047619047,1.0,14.567837035005338,12.086571552790677,17.83942318523829,20.232219460720426,16.761311288427784,24.753634001775684
DOI-grouped 5-fold,Jsc,mA cm^-2,A x B domain,FA+MA / Sn (no Pb),16,5,True,False,15.356428571428571,11.974285714285713,21.37416666666667,15.359829244157577,13.733303133213669,16.97797876941073,4.781738749674128,2.072724335476557,8.260091691088776,0.0034006727290060825,-6.1157684484480015,4.296159240054497,5.9725718178410885,2.1865359819573134,8.636581224718638,-0.09252026995005314,-10.333308062094574,0.037134046728922065,5.7140841125151445,1.074511834635363,7.328945981716892,0.8368338049489037,0.7304987127619883,2.9066589065124675,0.9410417740612758,0.918934296875813,0.9711743304454687,0.34285714285714286,0.0,0.8571428571428572,0.5891244838137781,0.4689522538581851,0.7168237245059818,0.0,0.0,0.0,0.34285714285714286,0.0,0.8571428571428572,0.7428571428571429,0.3333333333333333,1.0,0.9428571428571428,0.8095238095238096,1.0,20.131274790862,13.72890033674365,26.261810201211166,27.99405196630972,18.958644102827297,36.651148647185614
DOI-grouped 5-fold,Jsc,mA cm^-2,A x B domain,FA+MA+Cs / Pb (no Sn),1632,334,True,True,21.164351844935936,20.86950316700374,21.429718543135806,20.982722033224626,20.84421206480766,21.12359511830839,1.9632015346829734,1.769439224829711,2.1744356970294145,-0.1816298117113085,-0.43328110288355226,0.10148236710643721,3.0804486042096144,2.6788788548000837,3.497057879179801,0.006201372637765212,-0.09615335472340754,0.09030477415072868,3.09004476421254,2.7039122098478625,3.5033165270779882,0.6353310985717293,0.5917311080016193,0.6891875325754856,0.46506131799024497,0.43570855096025163,0.4977508005964988,0.04625601737701068,0.02679485363550519,0.0664734763490103,0.3805602015235045,0.3622476645579998,0.3999251550848997,0.0,0.0,0.0,0.04400046061722708,0.02647329489932147,0.06562522817040065,0.915578948662781,0.8914460708283406,0.9385834752511202,0.9501472122355357,0.9311650615077093,0.9674159432040262,7.821280032860096,7.3998701230700625,8.241409143598872,10.856744069633313,10.281799780867756,11.442607023537924
DOI-grouped 5-fold,Jsc,mA cm^-2,A x B domain,FA+MA+Cs / Pb+Sn,33,8,True,False,24.93679761904762,20.833545833333332,28.889095238095237,23.163435223716906,19.932189773640168,25.434995222992807,4.839361067701532,2.5630834946627474,7.599719622266142,-1.7733623953307136,-5.053419337002602,2.2769335242585624,7.093818936323984,3.2400412482486485,10.831138785725567,0.06178006900193367,-2.6905437078877767,0.2166553577776733,7.323653220034089,2.4877328976085744,10.946027469774009,0.6607851194351071,0.5293444853271883,1.642496546382364,0.8297429135851065,0.7000253472699831,0.9089431203885919,0.075,0.0,0.2571428571428571,0.4749467198750238,0.32011052199407436,0.6560897549473281,0.0,0.0,0.0,1.0,1.0,1.0,0.8125,0.5,1.0,0.9375,0.8,1.0,17.567386619594885,12.868731715062388,22.839650377078982,24.54124570691355,17.767122544364593,32.090885880658476
DOI-grouped 5-fold,Jsc,mA cm^-2,A x B domain,MA (no FA/Cs) / Other/unknown,18,8,True,False,1.2684166666666667,0.5499916666666667,2.030688095238095,2.24430994086127,1.6916042705613268,3.0105201514549322,1.3474072993164077,0.7265562794321094,2.3525402497121695,0.9758932741946034,-0.03899445817130982,2.221363809791742,1.7902954877096457,0.8432467653167817,2.849103974140902,-2.041243904968675,-17.61071923546442,0.26417643946705,1.026594873707356,0.4279718203812521,1.2378536644206604,1.3125014880022705,0.7795284687347557,3.517349927818364,0.8995255732290826,0.8370588330412062,0.9553837934628369,0.375,0.0,0.7160714285714269,0.13964710612594447,0.08584781290541076,0.19729965848279235,0.0,0.0,0.0,0.125,0.0,0.4,1.0,1.0,1.0,1.0,1.0,1.0,9.992582991438454,6.9665775533906125,14.375372460983419,13.921599637268198,9.655336418909558,20.032694359018915
DOI-grouped 5-fold,Jsc,mA cm^-2,A x B domain,MA (no FA/Cs) / Pb (no Sn),4665,915,True,True,19.151066038058698,18.897291702671545,19.408840605459776,18.585022533092594,18.41927422270983,18.739297617701375,2.7815356562386326,2.65391580256845,2.9193719410167387,-0.5660435049661047,-0.7790224437266553,-0.33512189386141467,3.8054753318636396,3.589196579846372,4.037103519109776,0.2412745735639087,0.164055346855417,0.3104771707406258,4.368844547284429,4.101513747495911,4.6403509275881465,0.6366753557225033,0.6074873670997406,0.6722818467610465,0.5264748368250441,0.5089421413064513,0.5448463314929443,0.05741566159116786,0.044270225004353396,0.0722688160371181,0.3568352934440721,0.3447100871690703,0.3690049819634549,0.0,0.0,0.0,0.030402778763434498,0.020584387043351745,0.04022309060835473,0.9001831862528088,0.8850747940988641,0.9143183173580387,0.9548008052761656,0.9446211408623735,0.9653585835864603,11.109182250969756,10.8522738934934,11.395826341199172,15.441376333289021,15.08208541731778,15.836600136943776
DOI-grouped 5-fold,Jsc,mA cm^-2,A x B domain,MA (no FA/Cs) / Pb+Sn,10,2,False,False,25.13857142857143,,,20.178055847810874,,,4.960515580760552,,,-4.960515580760552,,,5.2460242660196,,,-12.169195907239224,,,1.4456084094488528,,,3.4314379664211963,,,0.743543576710765,,,0.0,,,0.6843246423219298,,,0.0,,,0.0,,,1.0,,,1.0,,,15.604491981643605,,,21.529463977980846,,
DOI-grouped 5-fold,Jsc,mA cm^-2,A x B domain,MA (no FA/Cs) / Sn (no Pb),20,5,True,False,10.607733333333332,5.578116666666667,15.159999999999998,9.89485668498276,9.080920499665948,10.577077333117073,4.385361030353543,2.125931521957555,6.710204910469476,-0.712876648350574,-5.230173328354741,4.302635528116148,5.0216384790268425,2.7934658481540855,6.72123293458413,-0.03381624794056104,-8.741832583006586,0.11068658469787639,4.938826466097209,0.0,6.252487212295904,0.8879358407218894,0.7664040413564923,2.704764982700304,0.9380950160319266,0.9072443533593592,0.9700511938724392,0.4,0.0,1.0,0.56133081122919,0.41697590411621654,0.6721738707056122,0.0,0.0,0.0,0.2,0.0,0.6666666666666666,1.0,1.0,1.0,1.0,1.0,1.0,22.41767140909615,19.875001138928628,24.39228811388749,31.077275588941156,27.463670692834068,34.00890837843957
DOI-grouped 5-fold,Jsc,mA cm^-2,A x B domain,MA+Cs / Pb (no Sn),38,15,True,False,19.814500000000002,18.312337239583336,21.426432291666668,17.229214964916608,15.963250153467637,18.489029168824402,3.465364788199042,2.279652394559448,4.68705848787558,-2.58528503508339,-4.186802830801063,-1.0641091486374903,4.2858361785700945,2.954061236275688,5.46071236309942,-0.3822433931724849,-2.2635837259279787,0.1785487170665373,3.6453841856669893,2.280436410793556,4.68568542031362,0.9506171672725877,0.6979880681288076,1.5016040455180275,0.6375442527056804,0.5493465030957216,0.7311902121481796,0.06666666666666667,0.0,0.2222222222222222,0.44981681262597195,0.3623044124423491,0.5350638213071143,0.0,0.0,0.0,0.2,0.0,0.42857142857142855,0.9222222222222223,0.7691666666666667,1.0,1.0,1.0,1.0,14.95175675102951,12.597100936059695,17.646753060316417,20.764806430320537,17.431551687492206,24.637169541666108
DOI-grouped 5-fold,Jsc,mA cm^-2,A x B domain,Other/unknown / Other/unknown,29,7,True,False,5.89684126984127,1.634340555555556,14.4523875,5.100626388259315,2.73949151696549,8.808600018812035,3.0446907325686285,0.9973024749629302,6.520537184796182,-0.7962148815819559,-5.397778923887003,1.9338216973484186,4.83639463223837,1.168135092695069,8.475863041702391,0.6746694335851364,-2.0078559099659317,0.6917528815990021,8.479286232139517,0.9100282799656884,11.895710779979495,0.3590739419820699,0.3131626600964581,1.4500169690953217,0.9925598116147664,0.9877298491224167,0.9966273264209472,1.0,1.0,1.0,0.207480960857336,0.0910221150585841,0.35283159093158356,0.0,0.0,0.0,0.4523809523809524,0.11000000000000001,0.7916666666666666,1.0,1.0,1.0,1.0,1.0,1.0,16.41871640197204,10.226618440611045,22.502562380369703,22.724204925707006,14.114482998930823,31.23441892423176
DOI-grouped 5-fold,Jsc,mA cm^-2,A x B domain,Other/unknown / Pb (no Sn),56,14,True,False,7.412871504157219,2.8974900604686322,11.87231209372638,8.599790332959758,6.95422146890743,10.110664274695774,6.074418103152794,4.309107608471586,7.71695599189074,1.1869188288025398,-2.443460661705278,4.924329671086054,6.880784776944245,5.142642104596949,8.238059944005181,0.3237993207241079,-1.8957012076042337,0.4821213263346633,8.367585765918644,3.6063024710159386,10.072770326727074,0.7259463210875028,0.5979167982102183,1.5786682519954158,0.9257939996470584,0.8634371278570173,0.9796254041400032,0.6666666666666666,0.4375,0.8958333333333333,0.5959135501382781,0.5004719258992059,0.6942358948275702,0.0,0.0,0.0,0.5833333333333334,0.3333333333333333,0.8126041666666666,0.9761904761904762,0.9166666666666666,1.0,1.0,1.0,1.0,23.756721999250335,21.27777833432498,25.83696775987897,32.869837351269894,29.358613015513104,35.7347069273822
DOI-grouped 5-fold,Jsc,mA cm^-2,A x B domain,Other/unknown / Sn (no Pb),14,4,False,False,6.08875,,,10.14045881822728,,,6.303347507593555,,,4.05170881822728,,,7.94516056173516,,,-2.3839399896490185,,,4.319081029281576,,,1.4594186737547816,,,0.9908700196242156,,,1.0,,,0.42595581436510666,,,0.0,,,1.0,,,0.96875,,,1.0,,,23.973004649700783,,,33.30900328626222,,
DOI-grouped 5-fold,Jsc,mA cm^-2,FA presence,FA absent,5712,1124,True,True,17.682055444949125,17.36264496547757,18.014566940324993,17.171513970068307,16.922872183020424,17.41525943493455,2.6814420039928226,2.56517882901045,2.807951246711218,-0.5105414748808176,-0.7088580122345927,-0.3261149850790744,3.7153019611501032,3.5242157712738567,3.907759464699768,0.5596960668293882,0.5069815996412096,0.6063811300570384,5.59909497532598,5.3399505991612255,5.846849020789071,0.47890632607758343,0.45361347932944435,0.5058285848774675,0.5917319144915679,0.5749987760367796,0.6084047902726192,0.11424742157761432,0.0974573768269073,0.13146491664857657,0.3659493266650448,0.35536009829472615,0.37639574266836795,0.0,0.0,0.0,0.04633922020226187,0.03496423189654793,0.05729180036806273,0.9107174028993674,0.8979734989241589,0.922877761521656,0.9596217345233061,0.951112207114797,0.9681420978025846,11.212029266273898,10.94115186654591,11.491441296272635,15.58006041790407,15.197934425141577,15.966801893006773
DOI-grouped 5-fold,Jsc,mA cm^-2,FA presence,FA present,3404,685,True,True,21.185981977457647,20.93770140167429,21.410085527840824,20.767114737315865,20.60911910860393,20.917343121891403,2.127518900135784,1.995705156002088,2.284124827875412,-0.41886724014178345,-0.6097824121700338,-0.21296246210778322,3.205024737095363,2.947897295601225,3.490566187497433,0.19921039180154743,0.08519719975309639,0.3002521293883715,3.5815595088116674,3.28213563279517,3.9088314344707786,0.5940202570699928,0.5558177985053618,0.6365942114256624,0.5735942061461492,0.5526126876570637,0.5966990514078392,0.09362643582265738,0.0742672945673709,0.11303538300114739,0.4154970118754068,0.403191384120839,0.42894717059417214,0.0,0.0,0.0,0.07163614163614164,0.05523980418026701,0.08982058067841917,0.9231164293938017,0.9070205016247347,0.9385569451614106,0.9618235940863679,0.9507786272567723,0.9716880945590372,9.21540056536755,8.86154710998082,9.615737631610525,12.80014088117165,12.313180519041444,13.357970402974377
DOI-grouped 5-fold,Jsc,mA cm^-2,MA presence,MA absent,1593,320,True,True,14.551695176381362,13.882881110551665,15.213242887832582,14.238783139249497,13.632403282920817,14.797581375430548,2.4374799054438148,2.1881281671007318,2.696208592717418,-0.3129120371318621,-0.6332799130154865,0.03569797590148754,3.5196279698089015,3.1437618942093155,3.880836868200625,0.7138353354540772,0.6512380198797698,0.7738463504391261,6.579437369131269,6.1842978643920175,6.945639592249763,0.3704693530300529,0.33419483301713826,0.409348239718491,0.8321855187659711,0.8147648762191072,0.8504043031915676,0.31315320152517734,0.26942876007940536,0.36352364287832806,0.434467550902257,0.4146626039696395,0.454089776271303,0.0,0.0,0.0,0.11634650735294116,0.08543552157067011,0.14966198218742513,0.9431521309342408,0.9232979808927049,0.9626627917761461,0.9805815654554835,0.9691161099711333,0.9903560727709496,11.914874877970686,11.263818043508737,12.660324774787904,16.53153311507493,15.626450109204038,17.570010095660084
DOI-grouped 5-fold,Jsc,mA cm^-2,MA presence,MA present,7523,1460,True,True,19.893777530356637,19.673345485775716,20.103381542991983,19.426340782636824,19.267621406058733,19.575750845187482,2.4933983313766754,2.3960129683798117,2.596664913040526,-0.4674367477198138,-0.6163011078677593,-0.3166222711122501,3.564931731865354,3.386591152551117,3.7471029280703276,0.35099951557867604,0.27824483900060754,0.41251243705700724,4.425157239014941,4.158143521157791,4.6807736735532055,0.563459826781594,0.5361277869817058,0.5955660790532136,0.5316398999805905,0.5160772474887003,0.5462648688994065,0.06259917023615655,0.0515858883141161,0.0743853924487033,0.3724483342665158,0.3635079131023502,0.3818616905944191,0.0,0.0,0.0,0.04159573683546286,0.03280786146452289,0.05033972286612297,0.9071945575224375,0.8953831977761618,0.9176391433265274,0.9553110020558341,0.947263594831752,0.963272420397436,10.127705052203506,9.90297751277849,10.353402546741785,14.07652305008462,13.76388017788477,14.395179065039555
DOI-grouped 5-fold,Jsc,mA cm^-2,Cs presence,Cs absent,6220,1211,True,True,19.34890832956898,19.067162801467646,19.599865041478534,18.7801342358345,18.58123452621457,18.97040619959913,2.6740876981135218,2.561375175713205,2.7941474831489606,-0.5687740937344824,-0.7431389929104057,-0.3874289822539668,3.718614267046078,3.5370220655783866,3.9075092378433873,0.4272675198031558,0.3558873168286704,0.487835193243449,4.9136613852065265,4.5990006665774645,5.204821868710955,0.5442148916008641,0.5139472771236003,0.580019770930429,0.5632043865227555,0.5463332980833744,0.5794806194766268,0.091224565799697,0.07718660738265723,0.10707161762971654,0.37264898706239213,0.3621253508568584,0.3824705984707053,0.0,0.0,0.0,0.049883582790271476,0.03874334162555403,0.06141713795872063,0.9093027758470834,0.8972088010180557,0.9204775718448047,0.9601203964562317,0.9518831595693367,0.9685446851423651,11.017425644224094,10.770299390555039,11.284869750346749,15.312541222273882,14.971925615714262,15.696325264370781
DOI-grouped 5-fold,Jsc,mA cm^-2,Cs presence,Cs present,2896,587,True,True,18.332538645980236,17.87125885604714,18.757387437154033,18.027903076541133,17.62140624549812,18.419304520917212,2.018724335694241,1.880207178391481,2.171182583788621,-0.30463556943910214,-0.5005698038814941,-0.1037558711753536,3.064458175545634,2.786220463600609,3.3550194572575793,0.7192373920935671,0.6557816872721919,0.768781343049578,5.78341110399348,5.397531295279076,6.133256381619433,0.34905426908011083,0.3212349952215187,0.38119214086895215,0.6219601032666632,0.5971989749668118,0.6463904957796526,0.13750764874778526,0.11189121764777538,0.16377236758260486,0.4039866394930908,0.38992544926046224,0.4196122926447006,0.0,0.0,0.0,0.06719540522276267,0.049513859981857714,0.0867559612407716,0.9266967686198069,0.9111123461791774,0.9416941722787431,0.9621536534303344,0.9508680922439737,0.9729482562260382,9.109378008482068,8.721504461467703,9.500328607244912,12.645643371739824,12.104572486447326,13.182361671112398
DOI-grouped 5-fold,Jsc,mA cm^-2,Pb presence,Pb absent,250,55,True,True,9.862875555555556,7.616273065009967,12.12131129014991,9.433173109272158,7.63364846474729,11.222625324950021,3.090387525476642,2.347884539522835,3.9056368037790854,-0.42970244628340115,-1.4920516528796564,0.6017083358742605,4.579569836753497,3.5409170206250553,5.5904767038936685,0.719182138705879,0.5925418784063058,0.8193619551658002,8.641961406877932,7.662697631834403,9.338972610323536,0.35760256034203947,0.2817694155732449,0.4482428255114037,0.919427003545791,0.8930437391257985,0.9454620017198847,0.5834710743801653,0.4655014844670017,0.7107516553090717,0.33564557997812483,0.28353721651217256,0.3886831156002192,0.0,0.0,0.0,0.2679338842975207,0.1628219696969697,0.38542325831847885,0.9321625344352616,0.8728712742175856,0.9815905448717948,0.9785123966942149,0.9361702127659575,1.0,14.963278997058026,13.10359164995712,16.849563495769853,20.80553602543194,18.224187972867647,23.450659585771017
DOI-grouped 5-fold,Jsc,mA cm^-2,Pb presence,Pb present,8866,1680,True,True,19.287279967262428,19.066724434466664,19.498096610586046,18.825261612105354,18.64696219701843,18.989942544330784,2.4510763990765025,2.362860112366783,2.5463362705780916,-0.46201835515707423,-0.6015029838608609,-0.3172284430773749,3.5010842557174895,3.3449387546179725,3.6587274113518817,0.46497429059206996,0.4156335386609486,0.509607389142722,4.786468847649938,4.587287572550013,4.984234958309406,0.5120844775329381,0.49116539697661327,0.5359237164958558,0.570729541250908,0.5570326041776272,0.5846504626499258,0.08924725693163778,0.07748615072595347,0.1010282417735334,0.38404141864034974,0.37556206306585344,0.3928806789439135,0.0,0.0,0.0,0.04716889222666533,0.038386203313668404,0.05543218839091123,0.9131256450268235,0.9028855882280095,0.9224427952929731,0.9589856332160549,0.9517914990410081,0.9660231574270952,10.23020023185815,10.007611933908144,10.443103221880904,14.213677486189628,13.899987327847002,14.509552595015016
DOI-grouped 5-fold,Jsc,mA cm^-2,Sn presence,Sn absent,8863,1685,True,True,18.957097942190543,18.722294737121544,19.18162014781259,18.529242823438533,18.32690904306163,18.712786490268055,2.4196636443634025,2.326730034705492,2.5180151665059545,-0.42785511875201043,-0.5620245650320138,-0.2772522985650257,3.459593237865248,3.301379266911813,3.6219529387217806,0.5419332401725991,0.49036769770909694,0.5888975187333872,5.111644598563701,4.877573484677527,5.340839882794285,0.4733630434798408,0.449964581397669,0.4990155784101448,0.5727240861989732,0.5587374492224527,0.586457588555079,0.09629202273698403,0.08416291590090128,0.1084833140940369,0.3805520211951103,0.3718931113369659,0.38935639169134395,0.0,0.0,0.0,0.04539687770967226,0.03671997986670092,0.05425692552979183,0.9137395155163581,0.9037201979176331,0.9230618817071432,0.958869948844494,0.9516864584232143,0.9659186441613214,10.158149140175059,9.945042504938668,10.368426064101554,14.112378406060948,13.815489356245923,14.404965247627896
DOI-grouped 5-fold,Jsc,mA cm^-2,Sn presence,Sn present,253,55,True,True,20.31875535353535,18.46040758859034,22.13544917645846,18.685307569909778,17.20298299504284,20.15210671640081,4.077909064446502,3.31996148257755,4.855928750048644,-1.633447783625577,-2.8165954407072213,-0.4067539075039674,5.448240734887426,4.346715313810755,6.425040857243675,0.5187495839097434,0.29997124052724755,0.66733669938011,7.853635299012404,6.450251895265192,8.968485269366772,0.5192384047880731,0.4389740564465451,0.6350670278784641,0.8644356962022198,0.8305638280501033,0.8999933689702034,0.35953168044077133,0.25129329004329004,0.4883848905723906,0.4509309694916781,0.3991485360174372,0.5049345145912328,0.0,0.0,0.0,0.3270247933884297,0.21184909318244965,0.4539161915911636,0.9210514233241506,0.8579985779000915,0.9750419876001658,0.9855831037649221,0.9647343975468976,1.0,17.290376746481606,15.949942259389914,18.888232063040682,24.06076219421111,22.1831146629232,26.313095064200215
DOI-grouped 5-fold,FF,percentage point,A-site pattern,MA (no FA/Cs),4713,928,True,True,65.89016935448828,65.20737608223557,66.6025677677161,65.3842082643549,64.99007186506878,65.77039038918981,7.790483320446928,7.434423172294945,8.13826206018614,-0.5059610901333944,-1.102458800727063,0.059105787940898616,10.510745697259681,9.97491369095912,11.05310435759362,0.20741949771273982,0.14905526803100172,0.26141831508364294,11.806246227036201,11.28313579093039,12.277093192325083,0.6598611591385235,0.637729882024958,0.6836291957832409,0.5323243325151172,0.5143828658344839,0.5507903913806916,0.06199927840077434,0.04820897245414075,0.07731997377136025,0.3563104927768789,0.34457978522658145,0.36819039234783096,0.0,0.0,0.0,0.032132050181619146,0.022126798650050433,0.0427476591627108,0.9055404463282407,0.8906192978637043,0.9199690824055422,0.946152453650987,0.9345064507263023,0.9565227843900418,31.676973930471437,31.063272270226744,32.26798297385899,42.6363874941939,41.80145387580745,43.442259795256206
DOI-grouped 5-fold,FF,percentage point,A-site pattern,FA (no MA/Cs),301,62,True,True,64.58333389191455,62.37086748481358,66.84660863745445,62.29620748570719,60.90474123465097,63.53688499502171,7.796061436047399,6.72865485196488,8.960574730517404,-2.287126406207356,-4.246081184678517,-0.19432859862060875,9.60598176301837,8.431306443031668,10.881387847485778,0.11411926894854363,-0.1378327632193109,0.2810977204176981,10.205966303439233,8.640155304019222,11.466211772155997,0.7638729351301368,0.6799569666677149,0.8856135168661621,0.8083778529962224,0.7699358504589421,0.8494597797562695,0.3420332355816227,0.24187613071008593,0.4627602294127718,0.4456144397057887,0.3955108019016555,0.4968082786854929,0.0,0.0,0.0,0.14408602150537636,0.0703125,0.2264667277167277,0.9486803519061584,0.904388979076479,0.9821253648161948,0.9756842619745846,0.9396702532572099,0.9983773353839143,34.69720222948511,32.48598110555803,36.8417972561195,46.638151346268934,43.60402176292919,49.52309281058388
DOI-grouped 5-fold,FF,percentage point,A-site pattern,Cs (no FA/MA),862,174,True,True,66.86088052198043,65.3146774594558,68.36286180634697,65.63071338913925,64.56946550999562,66.74496867207586,7.223360529069911,6.559719259252837,7.90807726904627,-1.2301671328412032,-2.337967844908761,-0.06765772129470884,9.470703967403608,8.504921971647383,10.39470375721256,0.3636699878526677,0.21305726197744912,0.4743940602045025,11.872469382876567,10.290914846639664,13.386262243620106,0.6084126474554674,0.5493406272970995,0.6878636546989978,0.8661713141934045,0.8470322968626591,0.8834010868837253,0.3157773436138286,0.24790165414954007,0.3806581645860187,0.40031219564523535,0.3739574682262538,0.4262567666880518,0.0,0.0,0.0,0.04490928555330178,0.01858670238537899,0.07305459574805045,0.9232360185453492,0.8936921117888312,0.9481007299396859,0.951963668609206,0.9269049749863556,0.9726709950232736,31.066130893796906,29.639046513088363,32.458316179283464,41.67811624512088,39.738206877904936,43.58796657500519
DOI-grouped 5-fold,FF,percentage point,A-site pattern,FA+MA,1107,255,True,True,70.81541779353543,69.8474032309976,71.68316688920572,69.59677481908996,69.02954016192534,70.13951425273152,6.081815527677283,5.601070935028405,6.625961119589354,-1.2186429744454803,-2.020402057487776,-0.3619260550156596,8.214472940025429,7.354850401647568,9.087198341458677,0.12507513259079228,-0.009940829125216214,0.25338719497732065,8.782018004102826,7.7308258443473585,9.86226926192148,0.6925305237174362,0.6351426702991659,0.7597247969517947,0.607006516322511,0.5748767400587338,0.6379924719920196,0.08139420492361668,0.05297095074747459,0.11404453140838018,0.42637307469418934,0.4052506037832344,0.44639326905785254,0.0,0.0,0.0,0.05158730158730159,0.029663154514061003,0.07721770783785213,0.9361838814779991,0.9120114493012544,0.9564500476646725,0.9723987776928954,0.9586072145623672,0.9837008329473845,27.26461423115712,26.131506595419236,28.45558834720092,36.710883177810736,35.138680582430766,38.34391504640416
DOI-grouped 5-fold,FF,percentage point,A-site pattern,FA+Cs,331,72,True,True,70.0997324036938,68.01255541800067,71.812372873699,68.8008239645601,67.9573635786063,69.59386050648718,7.103056691824447,6.13445397199424,8.19136836498336,-1.2989084391337047,-2.826435777282489,0.4793169296760733,9.192520630298732,7.66323969360099,10.982957562275667,0.11967839981431838,-0.08112908869138646,0.28824819871759194,9.797469815029938,7.821474327434224,11.665568307786245,0.7249888824283908,0.6567407148674272,0.8380084653360012,0.7431261763459608,0.6929831252158603,0.7889790343675583,0.14814814814814817,0.07870370370370369,0.22414790868454662,0.5075398645805165,0.47430302635707494,0.5390738764279313,0.0,0.0,0.0,0.10509259259259258,0.045659436834094375,0.1769256756756757,0.9396622474747475,0.8995258244206773,0.9774013022668546,0.9552083333333334,0.9199905063291139,0.9863652597402598,29.892428165930816,28.311968997663694,31.757516153702415,40.18499953078083,37.977524773088064,42.71326852833868
DOI-grouped 5-fold,FF,percentage point,A-site pattern,MA+Cs,38,15,True,False,68.18,63.503574561403504,72.45993055555554,64.81212173825215,62.220261874406,67.22918523909317,7.298330678413802,4.960449977242151,9.836491542493388,-3.367878261747849,-7.372319404171405,0.5681861438674819,9.357116053466028,6.82128966905571,11.498018642521453,-0.039151709366745724,-1.9300478673088401,0.43357128848215837,9.179151497944767,5.374357808517496,11.62548213558353,0.7950986188699374,0.5809395043694321,1.3787020853099985,0.6375442527056804,0.5493465030957216,0.7311902121481796,0.06666666666666667,0.0,0.2222222222222222,0.44981681262597195,0.3623044124423491,0.5350638213071143,0.0,0.0,0.0,0.2,0.0,0.42857142857142855,0.9666666666666667,0.9110897435897437,1.0,0.9888888888888889,0.9642857142857143,1.0,36.097691779260266,32.585057407428764,39.68538609734926,48.755020564238485,43.862471005097824,53.926080370568805
DOI-grouped 5-fold,FF,percentage point,A-site pattern,FA+MA+Cs,1665,342,True,True,70.41721747275369,69.56925880716815,71.23907160086961,69.94567369830159,69.53165180121671,70.35869059235627,6.602081655515768,6.080194488657957,7.152334035247863,-0.4715437744521132,-1.2498663282434186,0.37923527522475536,9.589696159838072,8.75010377184931,10.512824274816717,0.04956483651518295,-0.02908408411829313,0.12151883678497198,9.836568018257891,8.877468564532377,10.774867110569552,0.6711773499925467,0.6357998405494837,0.7167019801067299,0.4735918816298908,0.4439289826561472,0.5071159582936612,0.04692839123953675,0.02708789272487627,0.06833706855295257,0.3827680732978091,0.3651319311296286,0.40289974603650214,0.0,0.0,0.0,0.0663630229419703,0.04288549542379626,0.0914096144010358,0.9001193494614547,0.8754471681965912,0.9222096897333362,0.934021594876858,0.9134768030698868,0.9526315321121663,25.58609549097624,24.610656747735977,26.558667615225964,34.36998880511551,33.02585527067211,35.672164096533166
DOI-grouped 5-fold,FF,percentage point,A-site pattern,Other/unknown,99,25,True,True,48.67131216931218,43.16060597572362,54.10681368102796,51.92434369825603,49.61887813601643,53.95505415185858,12.639008508314559,10.361893421315811,14.793999326128937,3.2530315289438687,-1.98484472731114,8.25970703819307,14.520571027267698,12.019645977711548,16.799888325119568,0.1391942877232185,-0.31717273356480946,0.3284066451454608,15.650604811847463,12.181293836920075,18.098830107868185,0.8075731679549448,0.7115224375391136,1.0176013038859038,0.9549005901943617,0.9159695660249877,0.9860512694096585,0.8133333333333332,0.6666666666666666,0.9479366987179486,0.45995918741590686,0.3555251227932583,0.5568417237280271,0.0,0.0,0.0,0.6133333333333333,0.4332954545454545,0.7803606719367587,0.8722222222222222,0.7704090389016018,0.9596060606060606,0.9592592592592593,0.9025197798417611,1.0,45.13081582088458,42.572501394605496,47.63003054017972,61.01701025052316,57.577561016233446,64.40928760667836
DOI-grouped 5-fold,FF,percentage point,B-site pattern,Pb (no Sn),8768,1660,True,True,67.8874571826707,67.4480639310256,68.32339753535288,67.16256163324184,66.89934624357096,67.4140318184262,7.25129461602696,7.0287670012741765,7.501338062115145,-0.7248955494288523,-1.094957232097772,-0.3414448239450343,9.908521457740044,9.535581482376749,10.325718157071776,0.17669875190842388,0.1331488154419612,0.21410016411155702,10.920171710199178,10.521602621039742,11.313703644888182,0.664027527081321,0.647218622762583,0.6820308829680346,0.5675316805644495,0.5537503559388025,0.5812956782793505,0.0880032479790069,0.07618031740672762,0.0992824407236999,0.3829629683434842,0.37472490229409544,0.39212307825096016,0.0,0.0,0.0,0.042767312614938414,0.03435374828577282,0.051179739846937765,0.9116595209802418,0.9009709431527966,0.9218125763164882,0.9473023624634845,0.9395590677188235,0.9546739510074119,29.704188443300808,29.24075247650592,30.143103063703652,39.94768400200964,39.31948252089519,40.55795707105596
DOI-grouped 5-fold,FF,percentage point,B-site pattern,Sn (no Pb),155,30,True,True,55.44340014430015,50.83580460472068,59.88778950565564,54.989821949494335,52.68794142385359,57.2347815474051,8.232335029956761,6.375808003956849,10.115737789447152,-0.45357819480581957,-3.6606336517304237,2.7946897593185316,10.534299612835536,8.47762120416176,12.536559518706763,0.43220852298966217,0.1751453963549782,0.528140583616234,13.980130701166631,10.607796937600057,16.56755950774037,0.5888596613241805,0.5097318371561865,0.7359207084352271,0.9210329895578248,0.8876787570704235,0.9508616731449249,0.5308080808080808,0.36361408199643497,0.7109848484848484,0.43162928784065735,0.35948852034193446,0.4990097850748947,0.0,0.0,0.0,0.30787878787878786,0.1611996753246753,0.4714972882231405,0.9109090909090909,0.8300825216450216,0.9750790043290043,0.9858585858585859,0.9592774382480265,1.0,37.22521666181862,33.49769223078792,41.0361319786844,50.382392295555945,45.21677185908636,55.612557103197084
DOI-grouped 5-fold,FF,percentage point,B-site pattern,Pb+Sn,98,25,True,True,71.38716507936508,68.98972530057027,73.72778080618212,68.29321351232025,66.91382162020705,69.49123122675886,6.9534276856530655,5.394541150630748,8.577485648988016,-3.0939515670448383,-5.890638243058922,-0.6565172390193067,8.426113652242686,6.526124904077562,10.195839613021398,-0.3455351774153812,-1.4929677501838767,0.13813273228091053,7.264066050241656,5.621995376610769,8.399736725608328,0.9572362968012582,0.7727659327438835,1.3088761532528175,0.7965189441754942,0.7350317150095206,0.855419163083678,0.154,0.036707657200811365,0.30306324110671934,0.47409298747290285,0.4053885268395843,0.552259676997652,0.0,0.0,0.0,0.35,0.15616319444444446,0.5384615384615384,0.8721111111111111,0.75,0.9710671052631578,0.9855555555555555,0.9637624547101449,1.0,30.298378285586317,26.409444664357334,34.71535021524142,40.94737327433026,35.653300367078295,47.039692851778035
DOI-grouped 5-fold,FF,percentage point,B-site pattern,Other/unknown,95,25,True,True,49.199396825396825,44.23285643424037,55.12575447395349,48.47087061639763,46.07284087425673,50.88089223489451,11.582534132634162,9.235936661397295,14.127569867471298,-0.7285262089991983,-5.783040449706861,4.268222678601891,13.91297545111567,11.092308223100268,16.791728776976925,0.0878064875699337,-0.3576859752962308,0.3301486557062,14.567214971199297,11.295997249458727,16.98174553702586,0.7951097142133127,0.6908953159367629,0.9615454509944343,0.917499820331351,0.8669436078018105,0.9597816787030375,0.6466666666666666,0.4620761183261183,0.817494824016563,0.22046513054308556,0.16675703599221964,0.2776294967551178,0.0,0.0,0.0,0.22,0.07772727272727271,0.3788009404388714,0.92,0.8213928571428571,1.0,0.92,0.8213928571428571,1.0,43.35985249981423,40.025149628348906,46.70238100290348,58.251803236115364,53.43873684522316,62.942712400132834
DOI-grouped 5-fold,FF,percentage point,A x B domain,Cs (no FA/MA) / Other/unknown,48,12,True,False,48.32976190476191,39.60820833333333,56.63827380952381,49.54656199782442,46.63059427155622,52.560862836587916,11.774255376441296,8.1936677684766,15.680215124609093,1.2168000930625202,-6.239472300390655,9.43273065111645,13.796911127208727,9.579668690722508,18.005163572861495,0.10669700593281317,-0.9344172280292224,0.4089165622162053,14.597634047494816,10.428061498375923,16.48494933592883,0.80658655629622,0.6799559445210466,1.1743043014043826,0.8876851719731329,0.780782012546528,0.9681119300016613,0.625,0.3125,0.871875,0.2662170659823007,0.20023162663340147,0.33627015539951727,0.0,0.0,0.0,0.1111111111111111,0.0,0.27797619047619027,0.9166666666666666,0.7142857142857143,1.0,0.9166666666666666,0.7142857142857143,1.0,42.460635009379125,37.20248897478018,47.155543210086535,56.963763057573374,49.34197388785234,63.88747605858498
DOI-grouped 5-fold,FF,percentage point,A x B domain,Cs (no FA/MA) / Pb (no Sn),807,159,True,True,68.67622264969047,67.3662618648954,69.89773111609406,67.10626150643097,66.27172491271081,67.91303922444239,6.853482462343187,6.218478819992852,7.49533197707338,-1.569961143259517,-2.6879213733274883,-0.4541657495704338,8.946523976371862,8.079462923011915,9.822226780116784,0.15171698940945622,0.02088627483700568,0.2555856875148581,9.713683429563236,8.62957950574962,10.737202544491923,0.7055492915781945,0.6497859623379232,0.7735195742691585,0.862778057063822,0.8432944367999264,0.8798312261897898,0.2837227953174392,0.21707581873953033,0.350813042275762,0.40953482417370296,0.38154063125171384,0.43763281854104347,0.0,0.0,0.0,0.04076026637069922,0.014323755432618442,0.06855725561278611,0.9243798777372584,0.8956720469207082,0.949828002605384,0.955817683467517,0.9319658851870541,0.9760814445970696,29.992826171615796,28.693715644615807,31.366629978425543,40.226661378436944,38.485541333665665,42.121240237799626
DOI-grouped 5-fold,FF,percentage point,A x B domain,Cs (no FA/MA) / Pb+Sn,2,1,False,False,61.5,,,63.72608562520762,,,3.425005871468514,,,2.2260856252076167,,,4.084865044325183,,,-0.36213244329391014,,,3.499999999999935,,,0.9785731061338793,,,0.9518529654965044,,,1.0,,,0.44850785537096893,,,0.0,,,0.0,,,1.0,,,1.0,,,41.65135534036824,,,56.890528828113986,,
DOI-grouped 5-fold,FF,percentage point,A x B domain,Cs (no FA/MA) / Sn (no Pb),5,2,False,False,36.40833333333333,,,45.781860294301346,,,11.222475078416826,,,9.373526960968013,,,17.021268173709572,,,-0.35984854365372887,,,14.596429833657579,,,0.7688506851544734,,,0.964011283665287,,,0.6666666666666666,,,0.447586175746795,,,0.0,,,0.0,,,0.8333333333333333,,,0.8333333333333333,,,42.734219390416655,,,57.748690980282035,,
DOI-grouped 5-fold,FF,percentage point,A x B domain,FA (no MA/Cs) / Pb (no Sn),200,41,True,True,66.04537324464154,63.165074352911894,68.64846992337164,64.25695709031376,62.996195010569096,65.44855455608129,8.015219397242014,6.64026974666196,9.452686486208938,-1.7884161543277703,-4.096192110950012,0.9578353915183048,9.783761799762157,8.119547136201536,11.450176023233826,0.065512724530565,-0.2907427304813299,0.2542763326777112,10.120900949079259,7.999585915247414,11.81609315982742,0.7919472226404105,0.7029840378573373,0.9416727843925176,0.759046522060534,0.7113990538529458,0.8099337112605959,0.25447154471544714,0.14281832298136646,0.38937403638606227,0.4667808575855348,0.40512962669396624,0.526402486212015,0.0,0.0,0.0,0.13008130081300814,0.03698830409356725,0.22525698775698774,0.9429046563192904,0.8831402567340068,0.989451331496786,0.9654471544715447,0.9112189440993789,1.0,34.967572287519566,32.76499435245269,37.36599248369062,46.91189741857795,43.85313005149149,50.1718140864135
DOI-grouped 5-fold,FF,percentage point,A x B domain,FA (no MA/Cs) / Pb+Sn,1,1,False,False,79.3,,,63.592349296173445,,,15.707650703826552,,,-15.707650703826552,,,15.707650703826552,,,,,,0.0,,,,,,0.9763211305720514,,,1.0,,,0.5460046606028716,,,0.0,,,0.0,,,1.0,,,1.0,,,49.885042344708864,,,68.13671287312918,,
DOI-grouped 5-fold,FF,percentage point,A x B domain,FA (no MA/Cs) / Sn (no Pb),100,20,True,True,60.85031991341991,57.274928191094624,64.43385797412905,58.21186370574037,55.88340296378866,60.5295101993821,6.9512081522094835,5.081636744849464,9.213130959608701,-2.6384562076795484,-5.966501731728593,0.5640369069820828,8.802587191792135,6.747196766395988,10.837628437344405,0.07499956151985765,-0.6627170353707633,0.34493320165854696,9.152492175060258,6.737438314334185,11.01601844929186,0.7594880191376637,0.6072147535536236,1.048928391935294,0.9011099175355923,0.8526581560241479,0.9446117550457367,0.48863636363636365,0.27715909090909085,0.7142857142857143,0.397203772007455,0.30318982699769365,0.48652732217338424,0.0,0.0,0.0,0.18,0.047619047619047616,0.3381428571428571,0.9579545454545455,0.8948540805785125,1.0,0.9954545454545455,0.9848484848484849,1.0,33.38355160475325,29.157397284430832,37.51684836896997,45.00204382169245,39.265533034821416,50.54190047010047
DOI-grouped 5-fold,FF,percentage point,A x B domain,FA+Cs / Pb (no Sn),328,71,True,True,70.138695770882,68.02913102733416,71.85276359729566,68.82216387047684,67.97373678534473,69.6023114956584,7.169889103284687,6.205139228451479,8.224681418515615,-1.3165319004051534,-2.883869523142434,0.49462552213124555,9.250813499389666,7.679653184243502,11.027405318710349,0.11882262064136873,-0.08433358235379959,0.288249953702858,9.854809999984075,7.828603354081691,11.7261375093808,0.7275522413213723,0.659074614853481,0.8463629430848127,0.742004759831768,0.6905172122076363,0.7886038795826509,0.15023474178403756,0.08094877344877344,0.22916666666666666,0.5058910107816256,0.47092560675857215,0.536841136575553,0.0,0.0,0.0,0.10657276995305165,0.04567858954845256,0.17889102564102566,0.9388124199743918,0.8977443058835104,0.9771299461703874,0.9545774647887325,0.9193161016949153,0.9861854023646072,29.92077765944005,28.31754218191539,31.818029694277133,40.214646606749135,37.971112511277255,42.73271109181632
DOI-grouped 5-fold,FF,percentage point,A x B domain,FA+Cs / Pb+Sn,3,1,False,False,67.33333333333333,,,67.28569064447251,,,2.3579554781474314,,,-0.04764268886082353,,,2.858195293342412,,,0.006438878189745534,,,2.867441755680946,,,0.8223202697930566,,,0.8227467488536421,,,0.0,,,0.6246084843017865,,,0.0,,,0.0,,,1.0,,,1.0,,,27.879614126775138,,,38.080057137030785,,
DOI-grouped 5-fold,FF,percentage point,A x B domain,FA+MA / Pb (no Sn),1042,237,True,True,71.02270355991874,70.04027130551712,71.91778493203245,69.93133496375184,69.42282215091244,70.42093152908177,6.081273479735362,5.578807792466837,6.682848593956015,-1.0913685961669066,-1.9259950060272506,-0.1818617781598342,8.287287530386322,7.373813205207925,9.232823973551643,0.08845165704988467,-0.04222400907896188,0.20005488445477065,8.680056541165401,7.583154840691706,9.757110683246918,0.7006029800491229,0.6430770549335999,0.7709806497763737,0.5904481861716874,0.5563312314463701,0.6237766125275918,0.0750685086128124,0.04727546162637906,0.10563857590912384,0.4243451447993271,0.40309779338603074,0.444905864398563,0.0,0.0,0.0,0.04405264215390797,0.022908106523787615,0.06832836548273928,0.9387545412861868,0.9144299652286442,0.9592094134941436,0.9707713055814321,0.9555737382374967,0.9832995986947226,27.023191015194797,25.843636633454274,28.271796779395956,36.371862263348646,34.76069183210998,38.07697173417072
DOI-grouped 5-fold,FF,percentage point,A x B domain,FA+MA / Pb+Sn,49,14,True,False,72.49503968253968,70.08562268518519,75.03284143518519,69.32502594561615,68.0557225434588,70.47346473412242,6.068661493442106,4.757028358387947,7.413443212153617,-3.1700137369235284,-6.0819435235257435,-0.4492099008124038,6.887093370190087,5.54664478876459,8.086923787105555,-0.4631604533825422,-2.5725328383639887,0.015506845685249104,5.693639865592134,3.7269990019894976,6.871010275258582,1.065866763037878,0.8395549007092751,1.7118414378032767,0.7570815799144665,0.6688937477695225,0.8385442234140819,0.08928571428571429,0.0,0.2727272727272727,0.4125302411212632,0.3151136235161696,0.5206330900890794,0.0,0.0,0.0,0.07142857142857142,0.0,0.25,0.8948412698412699,0.7314583333333333,1.0,0.9920634920634921,0.9743464052287582,1.0,25.91944593468259,20.90051215483858,31.97615768459197,35.04885630425028,28.027381285134613,43.46628944955543
DOI-grouped 5-fold,FF,percentage point,A x B domain,FA+MA / Sn (no Pb),16,5,True,False,57.7407142857143,49.0125,65.47619047619048,54.72627863558248,49.421594527274884,58.59622465190931,6.398530665556922,2.2541663146663646,11.054956678355406,-3.0144356501318077,-9.510376252408957,1.2464722740214764,8.095835521900577,2.775077922635167,11.715183697224505,0.3515764243803907,-2.8153863687566445,0.7923940499831421,10.053847141613844,2.5332879697970285,12.606185043879972,0.6364260939548987,0.3538776512026129,1.7530401029168265,0.9410417740612758,0.918934296875813,0.9711743304454687,0.34285714285714286,0.0,0.8571428571428572,0.5891244838137781,0.4689522538581851,0.7168237245059818,0.0,0.0,0.0,0.34285714285714286,0.0,0.8571428571428572,0.9428571428571428,0.8095238095238096,1.0,1.0,1.0,1.0,41.074132881384685,28.081476750960483,50.97783067669219,55.51045064296549,36.96599451177133,69.50462830049167
DOI-grouped 5-fold,FF,percentage point,A x B domain,FA+MA+Cs / Pb (no Sn),1632,334,True,True,70.3694405316962,69.52630222371873,71.1947641615063,69.99009395488713,69.5725858659031,70.4099207690812,6.546236916489628,6.023925827995453,7.105569153182262,-0.3793465768090547,-1.1688941892690858,0.47886021453596667,9.567349149455744,8.706062432282655,10.504534465938802,0.05929420638420968,-0.019028861586475685,0.13096746704837234,9.864264614715005,8.885313578414104,10.821749486760044,0.6636315196496541,0.6283096944581892,0.7073067389204344,0.46506131799024497,0.43570855096025163,0.4977508005964988,0.04625601737701068,0.02679485363550519,0.0664734763490103,0.3805602015235045,0.3622476645579998,0.3999251550848997,0.0,0.0,0.0,0.04400046061722708,0.02647329489932147,0.06562522817040065,0.9025922680114298,0.8788142795356051,0.9249782851663971,0.9331897767900762,0.9122330073126289,0.9524089024911393,25.46679144541466,24.509464190708545,26.424214316049046,34.20255808778976,32.917063964603265,35.51662667793543
DOI-grouped 5-fold,FF,percentage point,A x B domain,FA+MA+Cs / Pb+Sn,33,8,True,False,72.41190476190476,66.29104166666667,77.24204695767196,68.09112798585495,64.86115888447412,71.08050574045355,8.933599509857114,5.857804362093635,12.104615373284517,-4.320776776049807,-10.671546708194748,2.401450611651251,10.48024616901291,6.9687971038714425,13.28352137238176,-0.5712506249317382,-16.908452447461787,0.27573201514951057,8.360817661396492,2.462699700116286,10.177295652851456,1.0685078746670036,0.7383942527124412,3.792371853822323,0.8297429135851065,0.7000253472699831,0.9089431203885919,0.075,0.0,0.2571428571428571,0.4749467198750238,0.32011052199407436,0.6560897549473281,0.0,0.0,0.0,1.0,1.0,1.0,0.796875,0.5,1.0,0.96875,0.9,1.0,30.567039393172116,24.759190481947865,39.12874067840322,41.3602212534655,33.33595638024043,52.95719151392611
DOI-grouped 5-fold,FF,percentage point,A x B domain,MA (no FA/Cs) / Other/unknown,18,8,True,False,45.79375,40.83016666666667,52.0,45.335095634211,41.11772222929835,50.526512466786414,8.8281778515734,4.985746517187354,13.29658803103699,-0.45865436578899743,-8.814281058672618,6.39751404789768,10.892828978447486,5.3358167797136105,15.60200380974813,-0.636872068273538,-6.675600200805491,0.08809138548682509,8.51399353637879,2.86423611579103,11.93767783254599,1.036902108728666,0.789144351946869,2.5412730569953643,0.8995255732290826,0.8370588330412062,0.9553837934628369,0.375,0.0,0.7160714285714269,0.13964710612594447,0.08584781290541076,0.19729965848279235,0.0,0.0,0.0,0.125,0.0,0.4,0.9375,0.7857142857142857,1.0,0.9375,0.7857142857142857,1.0,41.499169559293605,34.75332696565973,47.794629433965284,55.863555658983266,46.50841927250759,64.48854764598987
DOI-grouped 5-fold,FF,percentage point,A x B domain,MA (no FA/Cs) / Pb (no Sn),4665,915,True,True,66.20473722399456,65.55217640883988,66.8660401888748,65.66950623901529,65.31430218323152,66.04390430797224,7.770452875513061,7.415744041209493,8.136340312454944,-0.5352309849792655,-1.1201236499018652,0.03652227734819357,10.505100067537615,9.964145097369949,11.0596972845347,0.17310545326323112,0.1164202735138811,0.22427136840878517,11.552477458169319,11.02892292572319,12.043578537228615,0.6726222062453102,0.6525880248811123,0.6967835179466877,0.5264748368250441,0.5089421413064513,0.5448463314929443,0.05741566159116786,0.044270225004353396,0.0722688160371181,0.3568352934440721,0.3447100871690703,0.3690049819634549,0.0,0.0,0.0,0.030402778763434498,0.020584387043351745,0.04022309060835473,0.9049391387654482,0.8902762207383793,0.9197091858712374,0.9459338546318207,0.9342726146356292,0.9564949740293232,31.480097358759764,30.878462816952634,32.05197491366031,42.36909392037213,41.555248132012096,43.158336711933806
DOI-grouped 5-fold,FF,percentage point,A x B domain,MA (no FA/Cs) / Pb+Sn,10,2,False,False,67.07619047619048,,,67.10814780964009,,,6.796930811955019,,,0.03195733344961499,,,7.944809315653806,,,0.1141397279594566,,,8.44113537623402,,,0.8052152357479953,,,0.743543576710765,,,0.0,,,0.6843246423219298,,,0.0,,,0.0,,,0.9285714285714286,,,1.0,,,36.377610628473356,,,47.66449359600276,,
DOI-grouped 5-fold,FF,percentage point,A x B domain,MA (no FA/Cs) / Sn (no Pb),20,5,True,False,42.11733333333333,35.29333333333333,52.0,46.35944674751733,44.974725158800524,48.004701715559584,8.808281403304102,3.839368755483381,11.539812038519788,4.242113414183995,-5.4936867104573555,11.08341488554358,10.33070462337557,6.5296131060752245,12.647021752378896,-0.02480656798776426,-14.1562590091802,0.22898222108560265,10.204905661276635,0.0,13.035618124984351,0.8631418746699305,0.6744365380531926,3.7624804330627617,0.9380950160319266,0.9072443533593592,0.9700511938724392,0.4,0.0,1.0,0.56133081122919,0.41697590411621654,0.6721738707056122,0.0,0.0,0.0,0.2,0.0,0.6666666666666666,0.9866666666666667,0.9555555555555556,1.0,1.0,1.0,1.0,49.87613085519287,40.609843869717196,61.64083342603158,67.57215283282085,53.55748877811767,84.19364945884182
DOI-grouped 5-fold,FF,percentage point,A x B domain,MA+Cs / Pb (no Sn),38,15,True,False,68.18,63.503574561403504,72.45993055555554,64.81212173825215,62.220261874406,67.22918523909317,7.298330678413802,4.960449977242151,9.836491542493388,-3.367878261747849,-7.372319404171405,0.5681861438674819,9.357116053466028,6.82128966905571,11.498018642521453,-0.039151709366745724,-1.9300478673088401,0.43357128848215837,9.179151497944767,5.374357808517496,11.62548213558353,0.7950986188699374,0.5809395043694321,1.3787020853099985,0.6375442527056804,0.5493465030957216,0.7311902121481796,0.06666666666666667,0.0,0.2222222222222222,0.44981681262597195,0.3623044124423491,0.5350638213071143,0.0,0.0,0.0,0.2,0.0,0.42857142857142855,0.9666666666666667,0.9110897435897437,1.0,0.9888888888888889,0.9642857142857143,1.0,36.097691779260266,32.585057407428764,39.68538609734926,48.755020564238485,43.862471005097824,53.926080370568805
DOI-grouped 5-fold,FF,percentage point,A x B domain,Other/unknown / Other/unknown,29,7,True,False,51.38015873015873,38.648888888888884,65.66481481481482,49.64554527395145,45.13765247436815,54.17595295441958,13.535715222139332,8.40274465005237,18.276916573849793,-1.734613456207287,-12.702406137885854,8.44180637227904,16.098812970406602,9.982801060739927,20.657680376773243,0.22687271968583844,-2.43559174463534,0.4984019828015922,18.309157305693947,5.785339778940233,21.24255197135272,0.7392866310635647,0.5957209167520638,1.5877172030951188,0.9925598116147664,0.9877298491224167,0.9966273264209472,1.0,1.0,1.0,0.207480960857336,0.0910221150585841,0.35283159093158356,0.0,0.0,0.0,0.4523809523809524,0.11000000000000001,0.7916666666666666,0.9285714285714286,0.75,1.0,0.9285714285714286,0.75,1.0,47.92384036477927,41.76417471467728,53.75729476724389,64.24479356039522,55.771359205727194,72.58367644636148
DOI-grouped 5-fold,FF,percentage point,A x B domain,Other/unknown / Pb (no Sn),56,14,True,False,48.680120937263794,41.539027777777775,55.99918915343915,54.676947013757704,52.17069061546015,56.92475638645431,12.439065018604298,9.613374051250211,15.435153457042059,5.996826076493911,-0.02293790405451253,12.078153592604536,14.067938578459483,10.86917957019542,16.852322732544494,0.058417740210284785,-1.0219666050411405,0.3258604899023627,14.49777414512315,9.952946743071424,17.04441405989828,0.8579982619462054,0.7263394143792906,1.2722958433162517,0.9257939996470584,0.8634371278570173,0.9796254041400032,0.6666666666666666,0.4375,0.8958333333333333,0.5959135501382781,0.5004719258992059,0.6942358948275702,0.0,0.0,0.0,0.5833333333333334,0.3333333333333333,0.8126041666666666,0.8968253968253969,0.7708085317460317,1.0,0.9629629629629629,0.9012345679012346,1.0,44.43949834569777,41.2013230624129,47.199331288516426,60.18939669144844,55.581196772967765,64.13351904080251
DOI-grouped 5-fold,FF,percentage point,A x B domain,Other/unknown / Sn (no Pb),14,4,False,False,43.900000000000006,,,46.27812933653325,,,11.769573973107114,,,2.3781293365332465,,,13.09843100043768,,,0.008179122760218926,,,13.15232869114819,,,0.8948661677706017,,,0.9908700196242156,,,1.0,,,0.42595581436510666,,,0.0,,,1.0,,,0.6875,,,1.0,,,42.66263403222272,,,58.26503691500853,,
DOI-grouped 5-fold,FF,percentage point,FA presence,FA absent,5712,1124,True,True,65.84431998063506,65.2461831606118,66.47442873632187,65.1948836165146,64.81848137964602,65.5919758594642,7.788066180810091,7.479785085207608,8.085744618416754,-0.6494363641204562,-1.1911311994627858,-0.17049903795588203,10.434449314441459,9.973232234377681,10.904231777519227,0.2475913275826126,0.19538232176404347,0.2965213175334038,12.029363195068983,11.526330630255522,12.478936801048235,0.6474213185285266,0.6268937656940585,0.6701608081839306,0.5917319144915679,0.5749987760367796,0.6084047902726192,0.11424742157761432,0.0974573768269073,0.13146491664857657,0.3659493266650448,0.35536009829472615,0.37639574266836795,0.0,0.0,0.0,0.04633922020226187,0.03496423189654793,0.05729180036806273,0.9074641673261752,0.8947290912788336,0.9198718173435892,0.9476527826660944,0.9371631369516966,0.9568835091760967,31.84171464280478,31.280760289146006,32.3853998548904,42.83966782128689,42.101866475909105,43.586180895668676
DOI-grouped 5-fold,FF,percentage point,FA presence,FA present,3404,685,True,True,70.05139285818937,69.4107256232927,70.60318046594296,69.10382688174852,68.75233049866414,69.44675169819402,6.558780024207874,6.265223006245768,6.898486634781784,-0.9475659764408597,-1.4662908546723374,-0.3902660594210447,9.102491759441564,8.597253216189428,9.68491129866201,0.10676671330246834,0.04142407194098809,0.16866096320058438,9.63114330688885,9.028567672671496,10.280989231091867,0.6809970338118204,0.6517405761595705,0.7119520584540407,0.5735942061461492,0.5526126876570637,0.5966990514078392,0.09362643582265738,0.0742672945673709,0.11303538300114739,0.4154970118754068,0.403191384120839,0.42894717059417214,0.0,0.0,0.0,0.07163614163614164,0.05523980418026701,0.08982058067841917,0.9208491771812941,0.9045629208955226,0.9353030725416955,0.952855714844766,0.94109104377297,0.9635103114841957,27.31981870671348,26.610532067716512,28.096378193988297,36.73896560547015,35.78149355692701,37.78617489352118
DOI-grouped 5-fold,FF,percentage point,MA presence,MA absent,1593,320,True,True,66.05714737218587,64.85431411891473,67.27481127927528,64.84484295421551,64.01625325218903,65.65739565073137,7.647937660919129,7.149955832228514,8.162808690010033,-1.2123044179703428,-2.1159364143993487,-0.2664709440160747,9.871720510288156,9.187556445833605,10.562172685208816,0.3714140078678163,0.26970056119606667,0.4447676665825558,12.451179718839091,11.326049847202196,13.469328003096175,0.6142339789174771,0.5784235143051611,0.6627067105630989,0.8321855187659711,0.8147648762191072,0.8504043031915676,0.31315320152517734,0.26942876007940536,0.36352364287832806,0.434467550902257,0.4146626039696395,0.454089776271303,0.0,0.0,0.0,0.11634650735294116,0.08543552157067011,0.14966198218742513,0.928160547836559,0.9092871940827016,0.9472337230912264,0.9590330751934613,0.943553869856931,0.9734002598862712,32.298034084453,31.27089870011596,33.385148859742316,43.39159543780503,42.03286570086358,44.89480256865255
DOI-grouped 5-fold,FF,percentage point,MA presence,MA present,7523,1460,True,True,67.63783117032526,67.14666252273129,68.14049396081224,67.03225182277696,66.73920372276103,67.32483026549306,7.282910583878551,7.019077874022115,7.567236482930558,-0.6055793475482991,-1.0285049340546013,-0.19476163623300297,10.021930331406256,9.603381565718871,10.45353156371143,0.20112454359469945,0.15408435054335518,0.2421925574341278,11.212742275740649,10.77390588140574,11.643286069521796,0.6495209115468129,0.6311878109983378,0.6687293831195961,0.5316398999805905,0.5160772474887003,0.5462648688994065,0.06259917023615655,0.0515858883141161,0.0743853924487033,0.3724483342665158,0.3635079131023502,0.3818616905944191,0.0,0.0,0.0,0.04159573683546286,0.03280786146452289,0.05033972286612297,0.9085517075421686,0.8963712021085783,0.9195819181754835,0.9463519411095704,0.9379388045255763,0.9544030783908709,29.66649175707851,29.162519800895762,30.178916209588536,39.9247062006516,39.24492364803112,40.61958994701821
DOI-grouped 5-fold,FF,percentage point,Cs presence,Cs absent,6220,1211,True,True,66.61820792855072,66.05199905299136,67.20353710496018,65.87038031150013,65.51696187238764,66.20673150048957,7.5317645772300255,7.24702078160986,7.82553232061929,-0.7478276170505962,-1.263541460133138,-0.2886741131039873,10.146075122671093,9.716583656005724,10.607831669744685,0.23666634728928249,0.1839219972354797,0.28528192424693477,11.612904882622077,11.152715000487394,12.060632064427171,0.6485685238411621,0.6278255105505464,0.6697159665802119,0.5632043865227555,0.5463332980833744,0.5794806194766268,0.091224565799697,0.07718660738265723,0.10707161762971654,0.37264898706239213,0.3621253508568584,0.3824705984707053,0.0,0.0,0.0,0.049883582790271476,0.03874334162555403,0.06141713795872063,0.9120968059870398,0.8999009824785483,0.9243909251761228,0.951560067132849,0.9422761968561637,0.9601093022509487,31.08880055597505,30.534834555405524,31.64451445571056,41.85364511647007,41.099905745453135,42.59094219922767
DOI-grouped 5-fold,FF,percentage point,Cs presence,Cs present,2896,587,True,True,69.20528524466769,68.52562278329,69.92198932505916,68.40917095025542,67.9517952275093,68.86126172246519,6.868508502526258,6.477369541396148,7.242962520865761,-0.7961142944122758,-1.4262813163770551,-0.20573211725367987,9.548969164871883,8.932356900023105,10.154898312828104,0.19262116455114786,0.10935968706579544,0.27126827657282265,10.627174470063453,9.87265682330903,11.378880852034166,0.6463155866947244,0.6116715106756633,0.6831431445295016,0.6219601032666632,0.5971989749668118,0.6463904957796526,0.13750764874778526,0.11189121764777538,0.16377236758260486,0.4039866394930908,0.38992544926046224,0.4196122926447006,0.0,0.0,0.0,0.06719540522276267,0.049513859981857714,0.0867559612407716,0.9111643193352283,0.8941512716388381,0.9278597237185952,0.9417553613615343,0.9274318065573471,0.9551912372427731,27.92258660934606,27.167820354200195,28.727526207434416,37.50677281819809,36.49353337850527,38.597368832266184
DOI-grouped 5-fold,FF,percentage point,Pb presence,Pb absent,250,55,True,True,52.605216817525914,49.103635432098756,56.28776522992683,52.026662252632185,50.166545189071066,53.907839352850374,9.755152803901034,8.201751099041454,11.240180775475842,-0.5785545648937187,-3.5326687347651013,2.3268995603425813,12.186741079455826,10.359978472824826,13.911660546338556,0.3018486013012299,0.12228956599596597,0.4329417764005252,14.585213070055445,12.747128270846344,16.118418619557456,0.6688385529265326,0.5993810975414282,0.7575860095921155,0.919427003545791,0.8930437391257985,0.9454620017198847,0.5834710743801653,0.4655014844670017,0.7107516553090717,0.33564557997812483,0.28353721651217256,0.3886831156002192,0.0,0.0,0.0,0.2679338842975207,0.1628219696969697,0.38542325831847885,0.9150413223140496,0.8505163963122886,0.9673387631567779,0.9559228650137741,0.9080602307297223,0.9924400252525252,40.01368749727118,37.29276654582826,42.6817127670895,53.959397268537494,50.23621768819705,57.59125402969323
DOI-grouped 5-fold,FF,percentage point,Pb presence,Pb present,8866,1680,True,True,67.9182737719892,67.48049382198968,68.35566562258678,67.16819079033509,66.90730512243073,67.41564374551805,7.252712127742957,7.02422624437662,7.507958110514926,-0.7500829816541197,-1.1258505705694586,-0.35898688808627294,9.896906818881073,9.519864737618056,10.31532022395929,0.17373617615765902,0.13146448200472063,0.21109537205848283,10.887799434004473,10.491279934112749,11.279045117434388,0.666132047316328,0.6501794656916875,0.684827426548701,0.570729541250908,0.5570326041776272,0.5846504626499258,0.08924725693163778,0.07748615072595347,0.1010282417735334,0.38404141864034974,0.37556206306585344,0.3928806789439135,0.0,0.0,0.0,0.04716889222666533,0.038386203313668404,0.05543218839091123,0.9111227107342563,0.9004301928849656,0.9213225311826583,0.9477147682013529,0.939917845473574,0.9549726984794592,29.718666640736345,29.256283120936203,30.150425170899908,39.972679395881755,39.342226888010266,40.56899095916102
DOI-grouped 5-fold,FF,percentage point,Sn presence,Sn absent,8863,1685,True,True,67.61018625748859,67.14001238069757,68.06536626542714,66.88523684070707,66.59853196312119,67.17235506870297,7.315556329923208,7.089934274601883,7.568079675240639,-0.724949416781528,-1.1101150988240736,-0.33173392575127586,9.979684882957809,9.617386365698716,10.37939025322407,0.20789871829708761,0.16473691756176703,0.24946696921105943,11.213120009962214,10.816167938760863,11.61739536058964,0.6524104195285305,0.6349088672530545,0.6711920402422172,0.5727240861989732,0.5587374492224527,0.586457588555079,0.09629202273698403,0.08416291590090128,0.1084833140940369,0.3805520211951103,0.3718931113369659,0.38935639169134395,0.0,0.0,0.0,0.04539687770967226,0.03671997986670092,0.05425692552979183,0.9117832669597634,0.901326180297145,0.9216761116243714,0.9468972829017117,0.9390698691819683,0.9541723015897157,29.90679473494047,29.441630250395608,30.360054263711312,40.21925847135838,39.59465390003017,40.83040411037879
DOI-grouped 5-fold,FF,percentage point,Sn presence,Sn present,253,55,True,True,62.69056602387511,59.140869734805534,65.94075828021947,61.03681811441519,58.680336976605325,63.25279791294609,7.651013509818717,6.448926897045309,8.90300027355338,-1.6537479094599188,-3.988282325370279,0.4645784203442238,9.633397240851389,8.124506166588947,11.140896138521523,0.5206896290381587,0.29211548737795573,0.6136456699592023,13.914610567894572,11.006870108739019,16.542962524593733,0.5498546633760657,0.47953569700356735,0.680896111921839,0.8644356962022198,0.8305638280501033,0.8999933689702034,0.35953168044077133,0.25129329004329004,0.4883848905723906,0.4509309694916781,0.3991485360174372,0.5049345145912328,0.0,0.0,0.0,0.3270247933884297,0.21184909318244965,0.4539161915911636,0.8932736455463728,0.8214791076609561,0.9515662122283279,0.9857208448117539,0.9693478375163477,0.9982367169867169,34.07665376353121,31.39942833917252,37.21905133034678,46.0937472859079,42.35728498132422,50.411705442488284
Chronological >2018,PCE,percentage point,A-site pattern,MA (no FA/Cs),4713,928,True,True,12.87309432521633,12.592742990921646,13.165808347649676,12.021431548860194,11.83409869849318,12.198588578470622,3.2828210413221663,3.151984141343413,3.4089628077759833,-0.8516627763561359,-1.081071932107926,-0.6231548838062645,4.131456077228284,3.9833427143266595,4.288184510410468,0.29113586089231225,0.23506581815235814,0.34234000203133774,4.907063034937231,4.729874898010232,5.072521236142851,0.6689991585494599,0.6425890711177916,0.6976584113483479,0.5504576319257666,0.5314579913222456,0.5705228237251004,0.09563758693132425,0.07914032991566351,0.11333494307483451,0.3805990593607801,0.36897621128205815,0.3920023401512857,0.0,0.0,0.0,0.032132050181619146,0.022126798650050433,0.0427476591627108,0.8982247102699903,0.8827325479435841,0.9124719786001718,0.9454832515825615,0.9340008002141805,0.9569267589753044,13.12537801959012,12.920591268935587,13.315487036028964,16.140159918106043,15.888335483050524,16.373935274718036
Chronological >2018,PCE,percentage point,A-site pattern,FA (no MA/Cs),301,62,True,True,10.524716396103894,9.176847805334628,11.854195803964028,8.993202896453296,7.983515664299568,9.910479240376553,3.2061728854139084,2.6587670351671577,3.762608247146253,-1.5315134996506006,-2.3478148585409016,-0.7057403130954619,4.129301357002239,3.4203577425377456,4.761712001634986,0.44424493864191095,0.2828245613434051,0.5800438397999861,5.539044645184581,4.820992883527857,6.093664100346197,0.5788313853366797,0.503321736343708,0.6679423373507822,0.8339259841683823,0.800372792822959,0.8702910090636106,0.3635386119257087,0.2551251926040062,0.4864929221795419,0.497217009630569,0.45451021898058097,0.5380280937114721,0.0,0.0,0.0,0.14408602150537636,0.0703125,0.2264667277167277,0.9120845552297167,0.8560250479099293,0.9627120502527504,0.9591520039100686,0.9257065217391305,0.9894595220825274,14.395320194414575,13.174609710929241,15.650166386760727,17.7017964483318,16.20069968847047,19.24486958396754
Chronological >2018,PCE,percentage point,A-site pattern,Cs (no FA/MA),862,174,True,True,9.187875310193178,8.563610658381574,9.774560764666957,7.4243195949717125,7.03850205084795,7.810381600936814,2.8239274106017507,2.570592905036057,3.0854716388268875,-1.7635557152214651,-2.1471299258845935,-1.3923470551488515,3.4757661667540525,3.1876577048929127,3.7694127236822106,0.3666490513665617,0.22007738290246653,0.4745972519816867,4.367453992802757,3.987449997851478,4.703535181575337,0.6465843521775789,0.5801315776673349,0.7291793348612147,0.9137026790824119,0.9001350606249438,0.9272775220127901,0.5181784789060848,0.44797000188964475,0.585206173284657,0.43524401957342407,0.4094273173307944,0.46080988434573744,0.0,0.0,0.0,0.04490928555330178,0.01858670238537899,0.07305459574805045,0.9584332334332335,0.9380038483394028,0.9758210190385603,0.9852686904411043,0.9743041409340274,0.9939236282814408,12.791648425116685,12.238391594280131,13.348373211224809,15.72977562165634,15.04944064675819,16.414375110124187
Chronological >2018,PCE,percentage point,A-site pattern,FA+MA,1107,255,True,True,16.216310927634456,15.74855172097753,16.656694961493784,14.939192987538249,14.61169133970999,15.2791424296122,2.9828898223301175,2.773140104551179,3.2092277006565904,-1.2771179400962085,-1.6317612494090357,-0.9096962341056971,3.7432716357972384,3.4737689705584627,3.993215306058586,0.2069292207848964,0.03849592854650913,0.34794195184967913,4.203348212424856,3.782448292493109,4.5957612587768875,0.7096461372181507,0.6397049547737649,0.78688621241199,0.6662906658859135,0.6349276069403362,0.6949014265132869,0.1182826976944624,0.0830397487160717,0.1548305019895929,0.4339444631352514,0.4123006534009514,0.45409129981168755,0.0,0.0,0.0,0.05158730158730159,0.029663154514061003,0.07721770783785213,0.9284195107724519,0.9042492548929938,0.9494020320297892,0.9698772904655258,0.9546508964675849,0.9822708865352254,12.723517045755711,12.31252420558831,13.151778164584092,15.645995074026702,15.140600855620367,16.17262394020338
Chronological >2018,PCE,percentage point,A-site pattern,FA+Cs,331,72,True,True,14.822288858767413,13.91043688729299,15.627748409923743,13.575158499675503,12.908164939251876,14.142901050929199,3.2733700509369696,2.841727858485808,3.691944722635572,-1.2471303590919107,-1.9831130289664312,-0.538172317240131,3.9924762188210305,3.49224957077449,4.481346808587485,0.10197828098585071,-0.2257465331332007,0.3103022286591247,4.213072355202439,3.5791942802152694,4.774118837112038,0.7769555742129388,0.6747562205938283,0.9251859698601116,0.8043489222494048,0.7648135740804285,0.8452777558487695,0.2222222222222222,0.13549999999999998,0.3172817938420348,0.5494571541217721,0.5223638365901034,0.5785031980251829,0.0,0.0,0.0,0.10509259259259258,0.045659436834094375,0.1769256756756757,0.9258487654320986,0.878673831336622,0.9671651839748245,0.9695023148148147,0.937365755423791,0.9930018581081081,14.294933525137866,13.468677768309536,15.330200730410636,17.57835185928043,16.56231254760799,18.85141067908234
Chronological >2018,PCE,percentage point,A-site pattern,MA+Cs,38,15,True,False,13.412333333333333,12.05839848856209,14.762960937499999,11.120554417669306,10.033289995425745,12.285750560566688,3.24392660413936,2.0390310124179254,4.587405047979438,-2.29177891566403,-3.9191742371795826,-0.7727631026161612,4.168517261444234,2.774092248276493,5.377485602333984,-0.6946674165631863,-3.098955551096697,0.19072580082485976,3.202132987036407,2.2689430093931,3.8770863593745406,1.0130518055534081,0.6712228878138397,1.6566983783944036,0.7056303716326993,0.614113239703553,0.7912297999256102,0.06666666666666667,0.0,0.23076923076923078,0.46202830079757623,0.38185159616290504,0.5433306959676509,0.0,0.0,0.0,0.2,0.0,0.42857142857142855,0.9888888888888889,0.9642857142857143,1.0,1.0,1.0,1.0,15.509356824107757,14.037654301484672,17.038871350785097,19.071717324594488,17.261977899827915,20.952547653503316
Chronological >2018,PCE,percentage point,A-site pattern,FA+MA+Cs,1665,342,True,True,16.199438759130693,15.796418929775122,16.574056832281087,15.566342468095984,15.356352944138452,15.77706683739741,3.0186488195149983,2.8104744126661307,3.2340255563598976,-0.6330962910347075,-0.9746281549784417,-0.2749306986131353,3.9738374119520787,3.685164977125998,4.273064792285643,0.09909474786650307,-0.0003833637823021078,0.18590049326716132,4.186687393684047,3.8625285491737937,4.519436273789651,0.7210112759000998,0.6826899142887025,0.7664976217362218,0.5604928792159284,0.5324288704117012,0.5938391973785745,0.1060985797827903,0.07420127148492534,0.13996405588139454,0.38635457399949136,0.3674806655287242,0.4064396254744743,0.0,0.0,0.0,0.06636302294197031,0.04288549542379626,0.0914096144010358,0.9017153777022199,0.8775111194026051,0.9245329671366831,0.9412794929242299,0.9222421750864946,0.9576432246768238,11.683910448665138,11.338793800329652,12.061957871629303,14.36760014293093,13.943213288226879,14.832481676564662
Chronological >2018,PCE,percentage point,A-site pattern,Other/unknown,99,25,True,True,3.5105000529100527,1.4504131523569024,5.894630335097,4.209432090203209,2.9195113748440575,5.3709869690149095,3.3812333196959745,1.9577863227229644,4.94152800313114,0.6989320372931561,-1.3529452932996309,2.519603989867996,5.050288432882909,3.065876579506157,6.833739824500251,0.28526583416625273,-2.0508484184771993,0.4850848648441212,5.9737069108839655,1.9375536650029888,8.461041439337263,0.5660192858701253,0.40766755901004303,1.2633271505772774,0.9720160238795676,0.9525485759767239,0.9865607023459203,0.8666666666666666,0.7333333333333334,0.9753086419753086,0.49871367918065623,0.3994431318437083,0.5818874710613114,0.0,0.0,0.0,0.6133333333333333,0.4332954545454545,0.7803606719367587,0.9466666666666665,0.8571428571428571,1.0,0.96,0.8695652173913043,1.0,15.148291238193192,11.983571716164,17.975989307516194,18.62771820404437,14.736090922508874,22.104913220513566
Chronological >2018,PCE,percentage point,B-site pattern,Pb (no Sn),8768,1660,True,True,13.794119849836822,13.583307436376133,14.001577534717299,12.830794771808018,12.670883274544977,12.982982221671257,3.1998885365788947,3.1119873251741876,3.2942117464081893,-0.9633250780288041,-1.119063059526213,-0.812099062054835,4.036305897708918,3.925297922900406,4.145958479024787,0.3166455609811638,0.2772804082685809,0.3577322650072721,4.882711480107103,4.751236972845942,5.005681991584151,0.655350730760095,0.6355464596976863,0.6753312744537416,0.6088701295991095,0.5946852252024796,0.6227470985278081,0.14167921804734418,0.12646864046489825,0.1569259577056214,0.39966281816430005,0.39103762593513314,0.40869762516730096,0.0,0.0,0.0,0.042767312614938414,0.03435374828577282,0.051179739846937765,0.9092747189527428,0.8985854749845187,0.919331018088879,0.952413177072912,0.945001345276779,0.9599464892475487,12.970829379434791,12.81553779228804,13.139372946368342,15.950112838051684,15.7591521627291,16.1573693543528
Chronological >2018,PCE,percentage point,B-site pattern,Sn (no Pb),155,30,True,True,4.575627876780375,3.7269343673050774,5.483914602178352,3.578281445631004,3.124031976849735,4.040155139648229,1.9847562468093884,1.6362908216029952,2.4033078761311097,-0.9973464311493707,-1.6851991424461754,-0.3072131485331577,2.4569620783799393,2.0016627687073187,2.9109073704625246,0.2297088049702396,-0.156167153293158,0.44697083230068047,2.7994388585490806,2.4103643392386283,3.1187003228535404,0.708983602463126,0.6045736869734235,0.8844240252086156,0.9286741880695288,0.8995616993077618,0.9561306737296311,0.6219191919191919,0.4571094877344878,0.7929859833149308,0.5533388981464338,0.5130082139878432,0.5923416230473009,0.0,0.0,0.0,0.30787878787878786,0.1611996753246753,0.4714972882231405,0.9166666666666666,0.8235056925996205,0.9853145424836601,0.9666666666666667,0.9166666666666666,1.0,8.944784670283827,8.213221017896204,9.735129805795815,10.999321680177621,10.099724402126904,11.971202022109217
Chronological >2018,PCE,percentage point,B-site pattern,Pb+Sn,98,25,True,True,14.041500317460319,12.555536117063493,15.52235372921391,11.720021292381361,11.020056140356505,12.349652333370333,3.838381877222494,2.9454730844648687,4.7437881326653875,-2.321479025078958,-3.520154344924817,-1.058144616697665,4.633906634248184,3.6188899846976166,5.557244335473845,-0.07542819340883589,-0.84786688613389,0.23371009240009855,4.46844657995778,3.2367578890978126,5.38193143261332,0.8589969262335371,0.7068297981354211,1.1747051234023194,0.8712189016815144,0.8343566253335741,0.9044512936217471,0.27844444444444444,0.1279851851851852,0.4608858919305779,0.6440537382638053,0.6044168843991545,0.6815772573295195,0.0,0.0,0.0,0.35,0.15616319444444446,0.5384615384615384,0.8975555555555556,0.8019421296296297,0.9787037037037036,0.9295555555555555,0.8421660353535354,0.990487012987013,14.898229955794617,13.550135388226895,16.528448934450854,18.32022008237384,16.662480254020117,20.324885774879718
Chronological >2018,PCE,percentage point,B-site pattern,Other/unknown,95,25,True,True,1.6864420476190474,0.527476360895445,3.849019011504799,1.1570551825344033,0.7060854503630322,1.95743938844745,1.175856112665983,0.471638528537035,2.5489074841678474,-0.5293868650846444,-1.9103081718418038,0.2531122550326518,3.1599670817395116,0.5727264251198726,5.60390480616645,0.5666152989705806,-0.27221298096719115,0.5764840704300848,4.800050101001288,0.5522601119489435,8.194645500871726,0.24496746657304683,0.22243978566342198,0.9674672756041334,0.9530912663775625,0.9238430810977728,0.978520862614018,0.78,0.6190476190476191,0.9333333333333333,0.22848684483976886,0.18153790410877332,0.2783283725348025,0.0,0.0,0.0,0.22,0.07772727272727271,0.3788009404388714,0.96,0.8695652173913043,1.0,0.96,0.8695652173913043,1.0,7.643737300158149,6.886543227675137,9.199080449127337,9.399435369587728,8.46832059326074,11.31202692424051
Chronological >2018,PCE,percentage point,A x B domain,Cs (no FA/MA) / Other/unknown,48,12,True,False,0.7815875992063493,0.4532186696428571,1.1178502125850338,0.8999393862065808,0.7383138920723838,1.0455944557442294,0.5764499000442734,0.4110195742852377,0.7284272958164714,0.11835178700023152,-0.25068111524066783,0.4452417998624432,0.667724600456734,0.5142420223063635,0.7917664733071889,-0.11165863200058923,-1.2582437471453662,0.2529284236564905,0.6333031593493396,0.46360752073479006,0.7255307131429761,0.9102274187871136,0.6963613096107082,1.3456692544834228,0.9846172430275572,0.9805180753564156,0.9877090165299132,1.0,1.0,1.0,0.2590311260281437,0.21579777274962936,0.30183181731195535,0.0,0.0,0.0,0.1111111111111111,0.0,0.27797619047619027,1.0,1.0,1.0,1.0,1.0,1.0,6.8813144568597595,6.871259328950649,6.9041670202895515,8.461890820570813,8.449526119744078,8.489992413358847
Chronological >2018,PCE,percentage point,A x B domain,Cs (no FA/MA) / Pb (no Sn),807,159,True,True,9.930468623072139,9.38407032990618,10.468708259733212,7.98319904607617,7.680183807762771,8.290503680014261,3.02093531494871,2.7714565459909632,3.2744033745546752,-1.9472695769959676,-2.3534068426213466,-1.536114844484965,3.6257737173677285,3.3355591295426623,3.9136498908328115,0.07495400324822121,-0.10590565607113825,0.2040444674188015,3.769806270670532,3.490647703981344,4.046459310420332,0.8013502811674666,0.7379422606195611,0.8887576568022256,0.9072991904732137,0.8933087512919735,0.9213110362486852,0.4769164905429272,0.40643748969023463,0.5478279409882233,0.4464556730890056,0.4194996550275794,0.4728729583352414,0.0,0.0,0.0,0.04076026637069922,0.014323755432618442,0.06855725561278611,0.954511840360897,0.9324312759241865,0.9734166867671803,0.9838789442563028,0.9721850616874737,0.9931562950950319,13.239550220363006,12.655898376343826,13.755783665646266,16.28055645189929,15.562845001234246,16.915364100830292
Chronological >2018,PCE,percentage point,A x B domain,Cs (no FA/MA) / Pb+Sn,2,1,False,False,6.54,,,6.722436878144695,,,1.4583374296945877,,,0.18243687814469478,,,1.4697044850429621,,,0.11241318484738905,,,1.5600000000000018,,,0.9348316857016576,,,0.9634024689305457,,,1.0,,,0.5345608711916539,,,0.0,,,0.0,,,1.0,,,1.0,,,16.49521897843617,,,20.284023195276447,,
Chronological >2018,PCE,percentage point,A x B domain,Cs (no FA/MA) / Sn (no Pb),5,2,False,False,1.9133708573333332,,,2.490625843171549,,,1.3294590688169152,,,0.5772549858382158,,,1.4703230492782913,,,-0.19814640437523878,,,1.3432530057373686,,,0.989730946544295,,,0.9724427449187414,,,0.6666666666666666,,,0.5515365005472657,,,0.0,,,0.0,,,1.0,,,1.0,,,10.793674235915915,,,13.272884637044857,,
Chronological >2018,PCE,percentage point,A x B domain,FA (no MA/Cs) / Pb (no Sn),200,41,True,True,12.752733832224685,11.275209799639178,14.2826160449063,11.30563099520756,10.532820184514836,12.084828624048157,3.6276153953453236,2.8534903255564235,4.4317738298900355,-1.4471028370171253,-2.6514286519979025,-0.1880785704601413,4.675021728867901,3.8069971546027213,5.457750775933893,0.20818059158741586,-0.1416628089660782,0.4337987696693688,5.253764025973263,4.446999240850129,5.874188118474796,0.69047931681197,0.5783786624979199,0.8406069779977785,0.7924063547953852,0.7449872644464561,0.8375479825226209,0.24634146341463414,0.13417857142857142,0.3744812164579606,0.4778359836761236,0.42182449001156513,0.5338378643999007,0.0,0.0,0.0,0.13008130081300814,0.03698830409356725,0.22525698775698774,0.9036400591278639,0.8270805333232658,0.9748341836734694,0.962620103473762,0.9249723587223586,0.9946544443719839,17.014334564563278,15.861645954583846,18.14694616602417,20.922374987016653,19.504924116414728,22.315137339872056
Chronological >2018,PCE,percentage point,A x B domain,FA (no MA/Cs) / Pb+Sn,1,1,False,False,13.98,,,11.075695403575764,,,2.904304596424236,,,-2.904304596424236,,,2.904304596424236,,,,,,0.0,,,,,,0.9747703562076562,,,1.0,,,0.6732200008312897,,,0.0,,,0.0,,,1.0,,,1.0,,,17.394096753429565,,,21.389365152938236,,
Chronological >2018,PCE,percentage point,A x B domain,FA (no MA/Cs) / Sn (no Pb),100,20,True,True,5.784516471861472,4.960026401515151,6.6160476135281385,4.148600668650928,3.6714912781056084,4.615712715639231,2.3573091545039917,1.9246142942478197,2.8168033801059775,-1.6359158032105436,-2.4609978254530964,-0.7617557082526554,2.7626626761209394,2.252771940464873,3.2678386634225602,-0.444362696673106,-1.6337239550159233,0.04452196682676243,2.2987393418723094,1.7368634497538131,2.7164525471060217,1.0254791013338544,0.8408788304863634,1.407207234087177,0.9119990057810625,0.8704965723092827,0.9496809771614758,0.571969696969697,0.35769087938205585,0.79630439005439,0.5281479632771457,0.46967645870208313,0.586951408421863,0.0,0.0,0.0,0.18,0.047619047619047616,0.3381428571428571,0.925,0.8398333333333333,1.0,0.95,0.868421052631579,1.0,8.876401907658986,8.039008608805418,9.80893564768805,10.91523200879753,9.885496961344092,12.061960405544205
Chronological >2018,PCE,percentage point,A x B domain,FA+Cs / Pb (no Sn),328,71,True,True,14.88255583799888,13.93492771741426,15.689052120819419,13.599535808278636,12.922779548687911,14.173986075171124,3.300686512513571,2.86708192021761,3.7120184369104465,-1.283020029720243,-2.0326745607404804,-0.5608879431418945,4.015764676000143,3.515671256362873,4.501353084433084,0.08962452718781677,-0.2774960520667025,0.3026253003377363,4.208797016663895,3.554120935488227,4.774738578567107,0.7842351387926667,0.6787805116925513,0.9420493080791851,0.8030072463890238,0.7632170174416565,0.8443427347547284,0.22535211267605634,0.14097222222222222,0.3242578325629173,0.5465841638794836,0.518190685747578,0.5751261328122117,0.0,0.0,0.0,0.10657276995305164,0.04567858954845256,0.17889102564102566,0.9248043818466354,0.876494341563786,0.9667471392382948,0.9690727699530518,0.9360679755519279,0.9930018581081081,14.337768896095659,13.504904763642246,15.376890040162776,17.63102613169973,16.606860559646176,18.908824105555905
Chronological >2018,PCE,percentage point,A x B domain,FA+Cs / Pb+Sn,3,1,False,False,10.543333333333333,,,11.844369588853064,,,1.333901278998247,,,1.3010362555197326,,,1.6426796771002188,,,-0.5516150662558132,,,1.318745194830634,,,1.011492807122273,,,0.8996079083364507,,,0.0,,,0.7534394613242444,,,0.0,,,0.0,,,1.0,,,1.0,,,11.253622187134392,,,13.838478517509968,,
Chronological >2018,PCE,percentage point,A x B domain,FA+MA / Pb (no Sn),1042,237,True,True,16.5484922344416,16.10286373817183,16.95988500124756,15.318971319399301,15.03495963663024,15.590752311208897,2.9680649362782168,2.7460529356759937,3.1960536252336396,-1.229520915042302,-1.5999234286869723,-0.8490797090568278,3.7261103505486615,3.4541608995501223,3.9776120319878494,0.07119595164335946,-0.0965766517111415,0.19996512273635114,3.866283203642373,3.509062007432282,4.201966152368888,0.767679132631061,0.7096670102897952,0.8443598415566352,0.6505635609778985,0.6179544395873634,0.6797282372401163,0.10585101724342229,0.0680194143821614,0.14262504352306768,0.42086899307771414,0.3981084780076959,0.4419839700926906,0.0,0.0,0.0,0.04405264215390797,0.022908106523787615,0.06832836548273928,0.9331564825235712,0.9112360196409772,0.9535827194452259,0.9739654859908023,0.9596659491002163,0.9854400950845988,12.70089001769271,12.27372028687825,13.15044693911459,15.618170820061353,15.092884023960753,16.170986944153995
Chronological >2018,PCE,percentage point,A x B domain,FA+MA / Pb+Sn,49,14,True,False,14.961611111111111,13.351849999999999,16.62476,12.200907844481254,11.328555158445887,13.006218485853609,3.822784463382058,2.778110163702943,4.958427984886991,-2.7607032666298568,-4.4809352943348255,-1.2497956174419271,4.521048774353341,3.373052841387609,5.5509282380023865,-0.6267211048496351,-3.3645462021008554,0.05073995985686267,3.5447257633918996,2.2401114881244455,4.444918915202572,1.0784429370705642,0.7904271000618881,1.8726340080582249,0.8484108675959956,0.7972915961554828,0.8973934440837991,0.16865079365079366,0.007936507936507936,0.37513888888888874,0.6108764531901405,0.5560148469338274,0.6668686458589925,0.0,0.0,0.0,0.07142857142857142,0.0,0.25,0.8492063492063492,0.6427987861811392,1.0,0.8730158730158729,0.6944444444444445,1.0,13.598769172605438,11.59645545840741,16.16336148158639,16.722284783544577,14.260057523869644,19.875941000524914
Chronological >2018,PCE,percentage point,A x B domain,FA+MA / Sn (no Pb),16,5,True,False,4.225214285714286,3.055714285714286,6.436666666666667,3.953569832966997,3.258310308659544,4.650070947668143,1.8851964891881312,0.8403928150784071,3.5074387566814225,-0.27164445274728904,-2.9796888549984244,1.5056106029790013,2.529926306344084,0.9930597829466511,3.864502816124425,-0.49090366736891333,-2.8061090678788916,-0.4238777648035068,2.07196816986622,0.5488744627051442,2.6129555534805102,0.9098578427051088,0.8403028533923065,1.8249685344112725,0.9386941625646477,0.8988540077072433,0.9709590411666558,0.5428571428571429,0.0,1.0,0.5988269907904972,0.5065360156282472,0.7167461834893981,0.0,0.0,0.0,0.34285714285714286,0.0,0.8571428571428572,0.8,0.3333333333333333,1.0,1.0,1.0,1.0,10.95408814234529,8.91021931782211,12.415029034869047,13.470144182559954,10.956816975511199,15.266650127077533
Chronological >2018,PCE,percentage point,A x B domain,FA+MA+Cs / Pb (no Sn),1632,334,True,True,16.230627554616003,15.821812867836156,16.60335899582096,15.658170183763731,15.455693671889435,15.862479627044312,2.9665040928851028,2.7694037614282916,3.1771951786777906,-0.5724573708522709,-0.9138504668462211,-0.2087856078416771,3.9163483150258265,3.622467563125472,4.205043638341532,0.10671460627750284,0.016985409225524054,0.18920174230894155,4.143679855446072,3.810188810722502,4.491310231547505,0.7159105424098346,0.6784841598875411,0.758088716982161,0.5525048528722295,0.5249612159403819,0.5841900173555236,0.10384944396920444,0.07329325348075348,0.13574180633889601,0.3793813021509232,0.36107667931456155,0.3989200142684542,0.0,0.0,0.0,0.04400046061722709,0.02647329489932147,0.06562522817040065,0.9030538697829117,0.8788329067133068,0.9260268608787534,0.9412203191020557,0.9213002855980243,0.9579234578535339,11.584529281495447,11.223896962596804,11.938271639967283,14.245392010824352,13.801925674847284,14.680385824108956
Chronological >2018,PCE,percentage point,A x B domain,FA+MA+Cs / Pb+Sn,33,8,True,False,14.897306547619047,11.475314285714285,18.369142857142855,11.732535338967612,10.45816090382495,12.894925363331712,5.195691156313142,3.34388447947728,6.9113753552064665,-3.1647712086514366,-6.044391822909445,-0.3240672332558957,5.89314595514546,3.6515315080085173,7.6137139753231455,-0.12940738008308772,-9.978385432587178,0.33104397794162693,5.545259655784947,1.801102915071063,7.356888277644456,0.9369608420216848,0.7084017428826253,3.109332391821324,0.8939929790653532,0.8429109619407843,0.9327972807176405,0.2,0.0,0.52,0.6774886736772102,0.6372890123947941,0.7131411767500133,0.0,0.0,0.0,1.0,1.0,1.0,0.8458333333333333,0.6808452380952381,1.0,0.94375,0.871267857142857,1.0,15.833074177999693,12.486017814509543,18.567596879399947,19.4697896583805,15.353944394265776,22.832407758553874
Chronological >2018,PCE,percentage point,A x B domain,MA (no FA/Cs) / Other/unknown,18,8,True,False,0.4169166666666667,0.10672888888888885,0.8126111111111108,0.5171973987737297,0.3466641623942662,0.7283215359004794,0.42842137835825445,0.20221951007805375,0.7076879899625468,0.10028073210706306,-0.3557298322246176,0.45632610600870865,0.5601477873577707,0.22334660610132032,0.8146483494609089,-0.23504845466764657,-25.009612357364208,0.5612089657294433,0.5040349208030024,0.08720143234577578,0.6346485032516006,0.8499835243076326,0.5545791742771282,4.1626741871465,0.9006729983235657,0.8411001031195139,0.9513256531397352,0.375,0.0,0.7160714285714269,0.1831504495892043,0.07394280726547234,0.3177661974497878,0.0,0.0,0.0,0.125,0.0,0.4,1.0,1.0,1.0,1.0,1.0,1.0,6.924771031512327,6.87125932895065,7.042496777148015,8.515328981615674,8.449526119744078,8.660095277733188
Chronological >2018,PCE,percentage point,A x B domain,MA (no FA/Cs) / Pb (no Sn),4665,915,True,True,13.042286290183524,12.77114945468288,13.3155163798966,12.177862359944365,12.017268284207743,12.34789494404515,3.318047698264558,3.1915423791254853,3.4452931265210203,-0.8644239302391579,-1.094992342495259,-0.635636852323716,4.1588272548483625,4.011582571457426,4.320334421910127,0.22796843241377407,0.1718636239831299,0.2791214813082962,4.733183612163207,4.5714150790723975,4.89544234224801,0.7010181666601586,0.6757866815563158,0.727020567024131,0.5448126479263681,0.5264362336865188,0.5648917855217271,0.09145903170011174,0.07527306065907977,0.1091534083097866,0.3810680560623145,0.36917485384422344,0.39217028411500954,0.0,0.0,0.0,0.0304027787634345,0.020584387043351745,0.04022309060835473,0.8967787225470503,0.8810890494295055,0.9111936927720827,0.9447086966870133,0.9330654228454052,0.956319928582662,13.204934744319866,12.997847493368702,13.389517247358985,16.23799011071325,15.983336771025511,16.464969563243237
Chronological >2018,PCE,percentage point,A x B domain,MA (no FA/Cs) / Pb+Sn,10,2,False,False,12.791904761904762,,,11.995649608543829,,,2.313421430846559,,,-0.7962551533609314,,,2.6376360902271725,,,-0.16805281775018122,,,2.4405271074827795,,,0.9479187605634422,,,0.8103689540989512,,,0.5,,,0.7268114694233818,,,0.0,,,0.0,,,1.0,,,1.0,,,14.949714434974936,,,18.383530085790923,,
Chronological >2018,PCE,percentage point,A x B domain,MA (no FA/Cs) / Sn (no Pb),20,5,True,False,2.2248666666666663,0.8496666666666667,3.4975,2.0610197700707977,1.878047395889049,2.3718353909527408,1.2282141857084463,0.7110994250063726,1.623825661456226,-0.16384689659586898,-1.3097735802998949,1.103840125959632,1.3255828157483414,0.8399861902711245,1.642805746211342,0.031145459901525063,-9.992668196294469,0.21529155326387384,1.3467208256436165,0.0,1.6284454715586116,0.9120035588084604,0.8082387184749731,3.293334810989234,0.921846017429375,0.8794215002701691,0.9692284245673829,0.4133333333333333,0.0,1.0,0.5842276625517824,0.5259570223201298,0.634745140418693,0.0,0.0,0.0,0.2,0.0,0.6666666666666666,1.0,1.0,1.0,1.0,1.0,1.0,7.837565781516346,7.19333970504568,8.361296010924535,9.637784518933037,8.845585476579261,10.281810896228835
Chronological >2018,PCE,percentage point,A x B domain,MA+Cs / Pb (no Sn),38,15,True,False,13.412333333333333,12.05839848856209,14.762960937499999,11.120554417669306,10.033289995425745,12.285750560566688,3.24392660413936,2.0390310124179254,4.587405047979438,-2.29177891566403,-3.9191742371795826,-0.7727631026161612,4.168517261444234,2.774092248276493,5.377485602333984,-0.6946674165631863,-3.098955551096697,0.19072580082485976,3.202132987036407,2.2689430093931,3.8770863593745406,1.0130518055534081,0.6712228878138397,1.6566983783944036,0.7056303716326993,0.614113239703553,0.7912297999256102,0.06666666666666667,0.0,0.23076923076923078,0.46202830079757623,0.38185159616290504,0.5433306959676509,0.0,0.0,0.0,0.2,0.0,0.42857142857142855,0.9888888888888889,0.9642857142857143,1.0,1.0,1.0,1.0,15.509356824107757,14.037654301484672,17.038871350785097,19.071717324594488,17.261977899827915,20.952547653503316
Chronological >2018,PCE,percentage point,A x B domain,Other/unknown / Other/unknown,29,7,True,False,4.291190476190477,0.2841,12.620000000000001,2.1469930129672603,0.635344850001646,5.157562827249268,2.789291012848711,0.32722130978966013,7.877316513621591,-2.144197463223216,-7.537428337111725,0.42920868323592865,5.8801438947947995,0.4270670352438585,10.836296425203377,0.5186773400140064,-10.574134281479425,0.5522786996676471,8.475587267862174,0.12229000476077133,11.93536925235176,0.3290970790219075,0.27228909842606247,2.867363221245914,0.9621081969787236,0.8977877063389069,0.9965428997464567,0.8571428571428571,0.5698412698412698,1.0,0.19488400539150774,0.10801657730301893,0.2916296049988224,0.0,0.0,0.0,0.4523809523809524,0.11000000000000001,0.7916666666666666,0.8571428571428571,0.5,1.0,0.8571428571428571,0.5,1.0,9.551715632491332,6.87125932895065,15.230260049125127,11.745659254200879,8.449526119744078,18.728514517473503
Chronological >2018,PCE,percentage point,A x B domain,Other/unknown / Pb (no Sn),56,14,True,False,3.7032441421012847,1.0859539886039888,6.621659250992064,5.915412867254921,4.463118511345866,7.220394915905878,4.351553453754279,2.7201872606828807,5.913298351695455,2.2121687251536377,-0.5107515621077645,4.673381720027093,5.264100762628779,3.703931855693668,6.516944613539718,-0.07316202299062802,-10.691182016380811,0.3805800476653237,5.081495507756107,1.5914912706020174,6.914685060241013,0.856352907743855,0.5790760065850462,2.796805834231034,0.9724566547273226,0.9596903998125235,0.9845241778863292,0.8333333333333333,0.6409722222222222,1.0,0.6403356189402991,0.5512219063735647,0.7115622243466293,0.0,0.0,0.0,0.5833333333333334,0.3333333333333333,0.8126041666666666,0.9761904761904762,0.9166666666666666,1.0,1.0,1.0,1.0,20.113586762588934,16.645406147207073,22.759397925368713,24.73349768596029,20.468707012991413,27.987028000793025
Chronological >2018,PCE,percentage point,A x B domain,Other/unknown / Sn (no Pb),14,4,False,False,1.4696875,,,1.847767755685123,,,1.021011887474622,,,0.37808025568512293,,,1.3831205723652948,,,-0.20851025359932618,,,1.2581570956536985,,,0.811513833210261,,,0.9878125129889023,,,1.0,,,0.5347388191529158,,,0.0,,,1.0,,,1.0,,,1.0,,,7.563764212786342,,,9.301093179564772,,
Chronological >2018,PCE,percentage point,FA presence,FA absent,5712,1124,True,True,12.173599501330237,11.898836440160032,12.451625125107785,11.177069505511945,10.978665621703023,11.382669330449326,3.2228213095426175,3.111066735137088,3.337340180814815,-0.9965299958182936,-1.2077607698840667,-0.809671879580029,4.066243939695321,3.9234706774407644,4.209081221962727,0.37219921959554847,0.32014380144177346,0.41930229987699164,5.131951027650625,4.964083441636804,5.286029346289569,0.62799143876827,0.6014429355368522,0.6537302988075107,0.6147478806832748,0.5974523759979125,0.6321438843720014,0.17306441204246326,0.15402100659056575,0.1928078813642104,0.3915935728100552,0.38108112222059054,0.40190298543495184,0.0,0.0,0.0,0.04633922020226186,0.03496423189654793,0.05729180036806273,0.9084777621503777,0.8949844606720508,0.9211127385049394,0.9520945734114414,0.9424800184243423,0.9616339636616527,13.119607277074227,12.919892226939133,13.304279989321408,16.13306368766501,15.887475877361801,16.360154069651045
Chronological >2018,PCE,percentage point,FA presence,FA present,3404,685,True,True,15.619390338885223,15.293557188902946,15.907312145937967,14.641803751535868,14.406134303680371,14.845838478761426,3.0424471883651028,2.9127853080748074,3.1779338340536776,-0.977586587349358,-1.191133139520316,-0.726307808402594,3.8952184194890336,3.7248611127266935,4.074125674939909,0.2778122269047264,0.20697514765398675,0.34736388017930914,4.583600409098459,4.359922385826248,4.817031232889287,0.6637679808051847,0.6303267368371374,0.6976827473909452,0.6430231955843481,0.6226164806258919,0.6647471346338872,0.14411292681365676,0.12112556037136024,0.16990524102351884,0.4267870701739261,0.4140248734822173,0.4409462018713631,0.0,0.0,0.0,0.07163614163614164,0.05523980418026701,0.08982058067841917,0.9158526003598996,0.9001824339639526,0.9311016684178969,0.9563121104361979,0.9458551200881288,0.9667895152059836,12.525929806699466,12.265561758027557,12.821562685559977,15.403023813969659,15.082851554027302,15.766560920080963
Chronological >2018,PCE,percentage point,MA presence,MA absent,1593,320,True,True,10.286005913893487,9.703306605551292,10.833021060008692,8.833913212630227,8.38746133994005,9.270379394823104,3.0175644658185456,2.7969530983992827,3.2287795785721842,-1.4520927012632594,-1.814084702158399,-1.0965202814430004,3.8328570257631394,3.534906030258139,4.121764958258727,0.518090630926493,0.436795655066861,0.5895529841091176,5.521282065819551,5.177009163190617,5.813580309639744,0.5465332924212112,0.5041421912605912,0.5952667015917248,0.8773003526092074,0.8629097481890671,0.8914282970223906,0.4432233797722412,0.39421373946349086,0.4934773575223681,0.4769296534882363,0.45759955168037614,0.4952505156916545,0.0,0.0,0.0,0.11634650735294119,0.08543552157067011,0.14966198218742513,0.9426387588106337,0.924171488665552,0.9611614494646884,0.9740885720182595,0.9616701562644797,0.9854345079419264,13.471568244946962,12.991247027125736,13.982028617838669,16.565866940867977,15.975220236740812,17.19357549433068
Chronological >2018,PCE,percentage point,MA presence,MA present,7523,1460,True,True,14.10163889164419,13.884925385497226,14.32922595663187,13.251652151135922,13.088859341304913,13.40435154780007,3.193863594939253,3.10072642343766,3.297012157874328,-0.8499867405082677,-1.020195301320837,-0.6843331958143438,4.057379991356162,3.934096289450509,4.186902998170409,0.32191712256763205,0.27364368786269505,0.36510436878127855,4.927246551383044,4.7640742446577296,5.08088506800183,0.6482045421580857,0.6263281102969441,0.6722668095021391,0.5719231338881511,0.5565635201236316,0.5866088323631249,0.10288369668204478,0.08873641721713209,0.11772769576031562,0.38877027930294694,0.37950333201469255,0.39769910392846924,0.0,0.0,0.0,0.04159573683546286,0.03280786146452289,0.05033972286612297,0.9033122121755819,0.891274577175794,0.9146968656633186,0.9480606593433029,0.939345646431594,0.9565858654572816,12.753672456240876,12.580364339717153,12.911672461804395,15.683076912500251,15.469961472196461,15.877368105717748
Chronological >2018,PCE,percentage point,Cs presence,Cs absent,6220,1211,True,True,13.29183192548858,13.0155077089775,13.554925971459376,12.33786201476884,12.142634220892408,12.52197718093411,3.2281156164888642,3.114945182764673,3.3415654568380604,-0.9539699107197406,-1.1465915499591066,-0.7579092685128089,4.085831807987236,3.9413245455792127,4.226554768628167,0.3744038776909401,0.3257126433277279,0.4229890316403706,5.1657509114996625,4.997023039383936,5.32539960621955,0.624907331343182,0.5991813367175607,0.6506411324793294,0.5896256507187478,0.5731207750017023,0.6060707160646059,0.12501902692090155,0.10908865800814466,0.1424851168507041,0.39486529359269207,0.3849125449300315,0.4048219686432578,0.0,0.0,0.0,0.04988358279027148,0.03874334162555403,0.06141713795872063,0.9039186639541882,0.8910369928638482,0.9162966699615036,0.9499257365567519,0.9404205832337843,0.9588949663154513,13.093897206150166,12.889383891229203,13.282178775632222,16.101448243477353,15.849960049896985,16.33297640491673
Chronological >2018,PCE,percentage point,Cs presence,Cs present,2896,587,True,True,13.90637231059021,13.513541046708184,14.28447295041541,12.852143950039055,12.496378068435225,13.193245971263774,2.9893679169841745,2.837778908148349,3.1393366540813976,-1.0542283605511535,-1.3011957423126248,-0.8096095531857804,3.8313035792563928,3.64132577127714,4.024033446079124,0.46819482253545797,0.3887349458797238,0.5305581233957091,5.253760666738005,5.011633325122825,5.5100692420889645,0.5689958311024922,0.5313785606460406,0.6111272346760248,0.6937461521600989,0.6715411301321181,0.7167809166768125,0.23759018105969282,0.20495639286430897,0.2707769028886816,0.4201612086611417,0.4047610441048388,0.4351801265489859,0.0,0.0,0.0,0.06719540522276268,0.049513859981857714,0.0867559612407716,0.9235588446193216,0.908153723993398,0.9383673953026332,0.9601649722603725,0.9487877982873097,0.970452901020161,12.376043435920195,12.071251697153382,12.672938437775619,15.21870988485377,14.843910210659889,15.58379901231972
Chronological >2018,PCE,percentage point,Pb presence,Pb absent,250,55,True,True,3.2623615907979526,2.2839378447398464,4.443079094538168,2.477724053314367,1.9814882032966477,3.0210300559683714,1.6170743676532953,1.1480909637431285,2.2751493330030965,-0.7846375374835861,-1.4999696855416538,-0.20458051981519562,2.798488808364729,1.622477596440671,4.15229518741978,0.5343136377106765,0.45303646358617394,0.636198992262656,4.100877671663097,2.553287273036873,5.8190194727662075,0.39432397089706317,0.33719680252300016,0.5287687429224018,0.9397728600277258,0.9200120132124722,0.9592701677695473,0.6937741046831956,0.5763502358490566,0.8112781057614319,0.4056788739161315,0.35306337104565927,0.459900853210147,0.0,0.0,0.0,0.26793388429752063,0.1628219696969697,0.38542325831847885,0.9363636363636364,0.8728730475240943,0.9850801141352062,0.9636363636363636,0.9185987185571903,1.0,8.353399502044882,7.713939966331277,9.17196802085935,10.272100629909488,9.485762960078494,11.278687013773903
Chronological >2018,PCE,percentage point,Pb presence,Pb present,8866,1680,True,True,13.790692614585723,13.582877656088478,13.997116591238923,12.81545522394283,12.652753171840919,12.969218470561325,3.2066885353045573,3.1183451732239997,3.2985637481433794,-0.9752373906428929,-1.1317854581938047,-0.8237959469928113,4.042668383786294,3.930237419036524,4.152096024789788,0.31361409676632623,0.27598671699235217,0.35345117349756494,4.879596827391226,4.749862671640926,5.000873849661597,0.6571625994393775,0.6371581374633225,0.6771954088853624,0.6122428446426285,0.597949531673713,0.6264496762180767,0.1435342273563044,0.1289573000850166,0.1597033983920944,0.40269467944581483,0.39412065224113985,0.41159105016973585,0.0,0.0,0.0,0.04716889222666533,0.038386203313668404,0.05543218839091123,0.9094340524194809,0.8985494615543749,0.9196043359934222,0.9524118486232531,0.9451332552248137,0.9598544234859937,12.997215254577592,12.841016479664603,13.162276455186554,15.982559312640708,15.790483076638587,16.185533594229167
Chronological >2018,PCE,percentage point,Sn presence,Sn absent,8863,1685,True,True,13.614480713305403,13.393699750526515,13.846010912015096,12.657593887694166,12.480633988906924,12.8285297910866,3.1698583819214323,3.0808590323539624,3.26064862023246,-0.9568868256112351,-1.1121478381014638,-0.8068532529198782,4.024698613538341,3.908782269942919,4.13861168657539,0.37631442027151807,0.3333134011979489,0.4158108701201893,5.096247515134716,4.947777057361493,5.2356842160475106,0.6219985141042819,0.600831321985387,0.6439494656103583,0.6139772681269796,0.5998647397941997,0.627485228257215,0.15114985279441623,0.13635284555757232,0.16712570774504412,0.3971231152959836,0.38860542233512757,0.4063420448459902,0.0,0.0,0.0,0.04539687770967226,0.03671997986670092,0.05425692552979183,0.9100273195617528,0.899192459421699,0.9201335405406813,0.9525257412112959,0.945083713610712,0.9598536321271585,12.891792404964812,12.742779025592199,13.05734050432202,15.852921777688715,15.669681358294953,16.05649479431161
Chronological >2018,PCE,percentage point,Sn presence,Sn present,253,55,True,True,8.878297167998532,7.428618789207094,10.408072715878976,7.279072285062984,6.18412903024097,8.437183861606888,2.8273133515426174,2.3275789435654093,3.3075470154717683,-1.5992248829355469,-2.273382245154978,-0.9100885105547455,3.6129241418479987,2.958712358608327,4.228584844564284,0.632987225002638,0.5168921839220117,0.7287085764651371,5.963733834351064,5.141256964379067,6.571328259957651,0.47408442933138845,0.41087829524401065,0.5541654584195659,0.9025581488022495,0.8806480454846338,0.9263778848050376,0.4657943067033976,0.3533135583778967,0.5962164662349675,0.5945729163816026,0.5652215065061993,0.6245136298324301,0.0,0.0,0.0,0.3270247933884297,0.21184909318244965,0.4539161915911636,0.9079797979797979,0.8465045911775563,0.9614197837360697,0.9497979797979799,0.9066335978835978,0.9891037797328119,11.650896163697821,10.635060958404665,12.94513395249348,14.327002772084992,13.07783930880017,15.918515401438595
Chronological >2018,Voc,V,A-site pattern,MA (no FA/Cs),4713,928,True,True,0.9798424047598917,0.9723835080871418,0.9872212755015571,0.9609292804759528,0.955328029917527,0.9664703812561137,0.08240060776582978,0.07870530606116453,0.08651947483871959,-0.018913124283938938,-0.02505655992184084,-0.012829886958336284,0.1141043298430402,0.10794372816117213,0.12088194466519118,0.29234096514927344,0.19502428845310904,0.3741289244496499,0.13564072322412246,0.12586378660055608,0.1458931658296405,0.6074916574256041,0.5708579576764865,0.6490710395451316,0.5504576319257666,0.5314579913222456,0.5705228237251004,0.09563758693132425,0.07914032991566351,0.11333494307483451,0.3805990593607801,0.36897621128205815,0.3920023401512857,0.0,0.0,0.0,0.032132050181619146,0.022126798650050433,0.0427476591627108,0.8900232885420085,0.8746041166287806,0.9046031565096879,0.943318981985848,0.9314946564027822,0.9533718692876676,0.3278158110876641,0.3194273332724027,0.33596243430102757,0.4210800838644496,0.4103050668503961,0.431544438144719
Chronological >2018,Voc,V,A-site pattern,FA (no MA/Cs),301,62,True,True,0.8268788995950286,0.7558683749410312,0.8934523221283028,0.7813674592278242,0.7099080983362215,0.8447324660543444,0.10543393155126518,0.08871935040928175,0.12426729763789902,-0.04551144036720444,-0.07426738826605347,-0.01474131719033327,0.1335606736962414,0.10815597033185924,0.15694255432220924,0.7566407356267082,0.6390178339414515,0.836488607128903,0.2707413929841159,0.23577314154219292,0.3013174720780052,0.38942671598594775,0.33065811196861455,0.4701379865895166,0.8339259841683823,0.800372792822959,0.8702910090636106,0.3635386119257087,0.2551251926040062,0.4864929221795419,0.497217009630569,0.45451021898058097,0.5380280937114721,0.0,0.0,0.0,0.14408602150537636,0.0703125,0.2264667277167277,0.8920698924731183,0.8202799814179531,0.9532625786163522,0.9469086021505375,0.8909491356382979,0.9928034060846561,0.4055716409414257,0.3711188176279119,0.44061772351896616,0.5209576073040257,0.4767028848667913,0.5659743724866081
Chronological >2018,Voc,V,A-site pattern,Cs (no FA/MA),862,174,True,True,1.100541691529736,1.0678556807165323,1.1327353853261333,1.0071724496215304,0.9839722793266532,1.0306329795150904,0.141139471214679,0.12856250603277156,0.1545581172051808,-0.09336924190820545,-0.11178819252456942,-0.07476369342912607,0.1763857533699145,0.16212015118917655,0.19085875616375597,0.4614067866240955,0.27386197833062625,0.5860945269457355,0.24034387892809378,0.2068227271672649,0.27457455626092603,0.5872397160441319,0.5095195047856036,0.688660921765927,0.9137026790824119,0.9001350606249438,0.9272775220127901,0.5181784789060848,0.44797000188964475,0.585206173284657,0.43524401957342407,0.4094273173307944,0.46080988434573744,0.0,0.0,0.0,0.04490928555330178,0.01858670238537899,0.07305459574805045,0.9217426889840682,0.8947829808686253,0.9482132986187808,0.9720252608183643,0.9568498572856968,0.9852674193480073,0.5613631242850954,0.5407549974053852,0.5826004016814398,0.7210720882195804,0.6946009068387745,0.7483514147335596
Chronological >2018,Voc,V,A-site pattern,FA+MA,1107,255,True,True,1.0214039960692902,1.0039004662906195,1.0372268030039922,1.005583317795905,0.9906194001614116,1.0204577082033208,0.06265293510712154,0.05679978201149688,0.0690903570976938,-0.015820678273385298,-0.02434445924111297,-0.006030128775232823,0.0891255609031045,0.07727396738907912,0.10140975280873962,0.6053716133780997,0.459804977082969,0.7143183708980128,0.14187573194289008,0.11731509200913584,0.16522771422385188,0.44160431279636697,0.37790591039545435,0.5223758427149462,0.6662906658859135,0.6349276069403362,0.6949014265132869,0.1182826976944624,0.0830397487160717,0.1548305019895929,0.4339444631352514,0.4123006534009514,0.45409129981168755,0.0,0.0,0.0,0.05158730158730159,0.029663154514061003,0.07721770783785213,0.9047755077166841,0.8773098606157146,0.9324897928845927,0.9556754465577995,0.9348573438246784,0.9745010601060524,0.2787807627706949,0.2609009743860406,0.29787059595734255,0.3580944634055111,0.33512783843550453,0.3826153934134975
Chronological >2018,Voc,V,A-site pattern,FA+Cs,331,72,True,True,1.0581821255859245,1.0284656954706684,1.0883267919802602,1.0112867710732085,0.9932539774283765,1.0279620841788335,0.09188734557439583,0.07249229173774477,0.11229654521006954,-0.04689535451271609,-0.07250033304143098,-0.022760446150088563,0.12803072075173572,0.09685937054738253,0.1603052111617351,0.13183319260909832,-0.2403693272203094,0.3772269207899356,0.13740818452878376,0.1054627836683292,0.16710731168716964,0.6687181399674749,0.5683987599051858,0.8178617959818919,0.8043489222494048,0.7648135740804285,0.8452777558487695,0.2222222222222222,0.13549999999999998,0.3172817938420348,0.5494571541217721,0.5223638365901034,0.5785031980251829,0.0,0.0,0.0,0.10509259259259258,0.045659436834094375,0.1769256756756757,0.9064429012345678,0.8361952426564495,0.9662212585720048,0.9557291666666666,0.9124816176470588,0.9929577464788732,0.35653108488322743,0.31958598095935203,0.39769365427445247,0.4579649121401456,0.4105088501307202,0.5108383172203481
Chronological >2018,Voc,V,A-site pattern,MA+Cs,38,15,True,False,0.9976555555555555,0.927808653846154,1.0493342948717947,0.9533398344025608,0.9234411576131958,0.9801602390751215,0.10263144334999338,0.060324256108766995,0.1573993648566013,-0.04431572115299489,-0.10010251766307948,0.026945242034850547,0.13913611384425129,0.07281051404948538,0.20372285536934595,-0.17248774582859183,-4.1116341879079235,0.1465162653078867,0.12849484737712005,0.05184600245140996,0.19346946805776838,0.7987203023696346,0.6292253779619946,1.8356355531045438,0.7056303716326993,0.614113239703553,0.7912297999256102,0.06666666666666667,0.0,0.23076923076923078,0.46202830079757623,0.38185159616290504,0.5433306959676509,0.0,0.0,0.0,0.2,0.0,0.42857142857142855,0.9,0.7271464646464647,1.0,0.9333333333333333,0.7777777777777778,1.0,0.39938805419246226,0.3245716419517389,0.4780859427731702,0.5130147774014732,0.4169129419340669,0.6141023772142163
Chronological >2018,Voc,V,A-site pattern,FA+MA+Cs,1665,342,True,True,1.0552769630057277,1.0447092864860132,1.0646580558303431,1.0447925652463672,1.0376510418429927,1.0517720032261795,0.06279732854417754,0.05814065104701222,0.0682280869928983,-0.01048439775936063,-0.018075571309829504,-0.00229647493036139,0.0899211746176755,0.08095581689464075,0.09910191023618016,0.30274544059294395,0.13916185815756274,0.42921783875340314,0.10768774675270865,0.0942252326670421,0.12091412837707596,0.5831427477852582,0.5273508377801651,0.6532225746073923,0.5604928792159284,0.5324288704117012,0.5938391973785745,0.1060985797827903,0.07420127148492534,0.13996405588139454,0.38635457399949136,0.3674806655287242,0.4064396254744743,0.0,0.0,0.0,0.06636302294197031,0.04288549542379626,0.0914096144010358,0.8849534440543213,0.8608307284580436,0.9112573836602572,0.9445198766470697,0.9267533239459386,0.9627413459973488,0.24499817302260402,0.2325199328179013,0.25854741015887533,0.31470065736215247,0.29867233214365985,0.33210468034295576
Chronological >2018,Voc,V,A-site pattern,Other/unknown,99,25,True,True,0.6627902116402118,0.5502424201161946,0.7689713477733686,0.695727677376984,0.6033094704855825,0.7766143666621818,0.1952504457590779,0.13154321605129288,0.26567574091878093,0.032937465736772246,-0.06556285246055787,0.12593164692485406,0.27227684490814635,0.17261822093624948,0.35692923023559614,0.200264998951593,-0.30890214042126934,0.5779034892140769,0.3044651979824537,0.2236029095818713,0.3632616930362971,0.6412898651567073,0.4740157217300406,0.889900502372775,0.9720160238795676,0.9525485759767239,0.9865607023459203,0.8666666666666666,0.7333333333333334,0.9753086419753086,0.49871367918065623,0.3994431318437083,0.5818874710613114,0.0,0.0,0.0,0.6133333333333333,0.4332954545454545,0.7803606719367587,0.8503703703703703,0.7139917695473251,0.9546527777777777,0.8637037037037036,0.7330026455026454,0.967449801333901,0.6663259912060786,0.5895678068637601,0.7444401001995831,0.8558971067539103,0.7573010610265642,0.9562348404856903
Chronological >2018,Voc,V,B-site pattern,Pb (no Sn),8768,1660,True,True,1.0251232135724666,1.0194407550733975,1.0309016038253647,0.9992891068600519,0.9957518703019316,1.0028986108820015,0.08150580790698886,0.0784380123891145,0.0848075326696741,-0.025834106712414626,-0.030355362325691485,-0.021032418435505313,0.11394023222262308,0.10942327387007227,0.11926145416514114,0.2660799834133999,0.2172002411944209,0.30960028908932397,0.13300033472262449,0.12700740186115267,0.13950003435083164,0.6128240810594293,0.591806108642189,0.6351689525935659,0.6088701295991095,0.5946852252024796,0.6227470985278081,0.14167921804734418,0.12646864046489825,0.1569259577056214,0.39966281816430005,0.39103762593513314,0.40869762516730096,0.0,0.0,0.0,0.042767312614938414,0.03435374828577282,0.051179739846937765,0.8949434903570785,0.8844095588505806,0.9057494954340518,0.9497441065861859,0.9422081832306887,0.9566403192845135,0.3264550157906898,0.319322499160427,0.3337305812609325,0.41933213950547843,0.41017040721785397,0.42867761832239787
Chronological >2018,Voc,V,B-site pattern,Sn (no Pb),155,30,True,True,0.4601581096681097,0.4112075859691384,0.5035465246945173,0.3966903936209615,0.37850984880152705,0.4150262847679789,0.12467328623982485,0.10010335994515492,0.1509084571427293,-0.06346771604714822,-0.10787465425789936,-0.01847843721758455,0.1548309449356163,0.1211513804089546,0.18611451332557052,-0.21371866421117547,-1.1563750130369674,0.22581323368660242,0.14053961163516232,0.10676631928512266,0.16451906919429193,0.8871042461926955,0.7233339564023699,1.1825236820117728,0.9286741880695288,0.8995616993077618,0.9561306737296311,0.6219191919191919,0.4571094877344878,0.7929859833149308,0.5533388981464338,0.5130082139878432,0.5923416230473009,0.0,0.0,0.0,0.30787878787878786,0.1611996753246753,0.4714972882231405,0.8894949494949496,0.8042316017316018,0.9624903011974584,0.9306060606060605,0.8730681818181819,0.9806101398601399,0.43395372033005664,0.3991292601211622,0.4716712123143742,0.5574144466784273,0.5126823558843868,0.6058626427407764
Chronological >2018,Voc,V,B-site pattern,Pb+Sn,98,25,True,True,0.7370142063492063,0.6888733633489628,0.7886212670658541,0.7671139297055444,0.7428592467664198,0.7940169029954826,0.10253927390310505,0.06893228726565619,0.14082981896522065,0.0300997233563382,-0.01836953334743187,0.07900042956272732,0.14596124073301223,0.1000201825704837,0.1860989316238104,0.004465831281721178,-0.7228630353236281,0.2881888626402051,0.146288255573763,0.08689407624514278,0.19441763761564687,0.700939890908752,0.5809230755343209,0.9771690316769599,0.8712189016815144,0.8343566253335741,0.9044512936217471,0.27844444444444444,0.1279851851851852,0.4608858919305779,0.6440537382638053,0.6044168843991545,0.6815772573295195,0.0,0.0,0.0,0.35,0.15616319444444446,0.5384615384615384,0.9438888888888889,0.8809048445767196,0.9945652173913043,0.9866666666666666,0.9555555555555555,1.0,0.5315313196690817,0.44062970272576585,0.6384703489561745,0.6827530738076132,0.565989759802391,0.8201164769674139
Chronological >2018,Voc,V,B-site pattern,Other/unknown,95,25,True,True,0.6462633333333333,0.5458457215836526,0.7635312443996416,0.6301338737318462,0.578201423905129,0.6823795385921413,0.167360456461589,0.11514214852115748,0.2257316546648935,-0.016129459601487258,-0.1114912020121629,0.06111419562613238,0.2377863729288911,0.15641414992840894,0.3206756049136845,0.35180480885620713,0.05808601732541943,0.5994270254037614,0.29534801751358747,0.21477095411057864,0.35780313405534203,0.5666550866686945,0.47499829289108275,0.6899637119360005,0.9530912663775625,0.9238430810977728,0.978520862614018,0.78,0.6190476190476191,0.9333333333333333,0.22848684483976886,0.18153790410877332,0.2783283725348025,0.0,0.0,0.0,0.22,0.07772727272727271,0.3788009404388714,0.9033333333333333,0.8055253623188406,0.98,0.9166666666666665,0.8224378881987576,0.9881087662337663,0.6569324795055969,0.5851362429247248,0.7273737908697829,0.8438311216463071,0.7516087080283721,0.9343131310354799
Chronological >2018,Voc,V,A x B domain,Cs (no FA/MA) / Other/unknown,48,12,True,False,0.6931111111111111,0.5417297222222223,0.8348439102564102,0.6624803994296803,0.5730362316866773,0.7450444360639183,0.13821251684278557,0.09175869186653818,0.18498188409855784,-0.030630711681430934,-0.11780427044802523,0.05894431258872137,0.17173745278800684,0.11647093374397183,0.21446507447930377,0.5423242543744852,0.027962037426096487,0.6860372434329072,0.25385520251670496,0.16093403071133774,0.2979567276639712,0.544454143435136,0.4491632303858329,0.8052758489776816,0.9846172430275572,0.9805180753564156,0.9877090165299132,1.0,1.0,1.0,0.2590311260281437,0.21579777274962936,0.30183181731195535,0.0,0.0,0.0,0.1111111111111111,0.0,0.27797619047619027,0.9513888888888888,0.875,1.0,0.9513888888888888,0.875,1.0,0.600160224587829,0.5122313249926874,0.6885776351065972,0.7709070433883652,0.6579621909336134,0.884479389129688
Chronological >2018,Voc,V,A x B domain,Cs (no FA/MA) / Pb (no Sn),807,159,True,True,1.1444397546719542,1.118756892149358,1.1703359593298734,1.0417399714511935,1.025611465087175,1.059356871668014,0.14117952165154413,0.1282409954730223,0.1546525956932543,-0.10269978322076072,-0.12045277478198908,-0.08417320670538495,0.17600585282634618,0.16091444408866348,0.19132359582035824,0.09393620702019478,-0.10642029913744881,0.24231705008386695,0.1849046027096627,0.16336043386598081,0.20573583577059854,0.7635262702098567,0.688731433373514,0.861969360460061,0.9072991904732137,0.8933087512919735,0.9213110362486852,0.4769164905429272,0.40643748969023463,0.5478279409882233,0.4464556730890056,0.4194996550275794,0.4728729583352414,0.0,0.0,0.0,0.04076026637069922,0.014323755432618442,0.06855725561278611,0.9201251229553117,0.8908769520167537,0.9478017186180503,0.9751513336418998,0.9605995029145011,0.9877893086055637,0.5561494243627908,0.5350436685058243,0.5779830647305616,0.7143750799415355,0.6872646931155095,0.7424204359194037
Chronological >2018,Voc,V,A x B domain,Cs (no FA/MA) / Pb+Sn,2,1,False,False,0.55,,,0.8016748308646948,,,0.25167483086469483,,,0.25167483086469483,,,0.2611416094868606,,,-12.917334735793581,,,0.06999999999999972,,,3.5953547266385124,,,0.9634024689305457,,,1.0,,,0.5345608711916539,,,0.0,,,0.0,,,1.0,,,1.0,,,1.0421376679168421,,,1.3386279787687734,,
Chronological >2018,Voc,V,A x B domain,Cs (no FA/MA) / Sn (no Pb),5,2,False,False,0.3305,,,0.4299555746928413,,,0.1002495078902555,,,0.09945557469284129,,,0.1814455368250434,,,-0.33431208607237295,,,0.15707880187982076,,,0.638211564453842,,,0.9724427449187414,,,0.6666666666666666,,,0.5515365005472657,,,0.0,,,0.0,,,0.8333333333333333,,,0.8333333333333333,,,0.5026823944760349,,,0.6456965700368453,,
Chronological >2018,Voc,V,A x B domain,FA (no MA/Cs) / Pb (no Sn),200,41,True,True,0.995530450849963,0.9598241204362258,1.0355331176900586,0.9621943431463466,0.9416522480902245,0.9821507160047908,0.09326606018089906,0.07289644313417375,0.11756464642442091,-0.033336107703616724,-0.06554801117190097,0.0013612206523363718,0.12388387830587695,0.08917078810725532,0.1562200438507992,0.20507369777791662,-0.05200319088002357,0.37479431515726097,0.1389476990765183,0.10186510458361185,0.17254273028842892,0.6712314115366356,0.5855985221944304,0.8233352190282018,0.7924063547953852,0.7449872644464561,0.8375479825226209,0.24634146341463414,0.13417857142857142,0.3744812164579606,0.4778359836761236,0.42182449001156513,0.5338378643999007,0.0,0.0,0.0,0.13008130081300814,0.03698830409356725,0.22525698775698774,0.909959349593496,0.8198117236024846,0.9767999482401657,0.9725609756097561,0.9188626126126127,1.0,0.4134950388559666,0.36658481916561736,0.46172256496985914,0.5311352282286432,0.4708789545127006,0.5930835847561512
Chronological >2018,Voc,V,A x B domain,FA (no MA/Cs) / Pb+Sn,1,1,False,False,0.72,,,0.8802353899732149,,,0.16023538997321496,,,0.16023538997321496,,,0.16023538997321496,,,,,,0.0,,,,,,0.9747703562076562,,,1.0,,,0.6732200008312897,,,0.0,,,0.0,,,1.0,,,1.0,,,0.6807228462090495,,,0.8743898966285698,,
Chronological >2018,Voc,V,A x B domain,FA (no MA/Cs) / Sn (no Pb),100,20,True,True,0.48648716450216456,0.4401075279066172,0.5266257158149822,0.40572895065758424,0.38258025231329496,0.43056804207396526,0.12763799493941821,0.09971274142649042,0.1612472354661818,-0.08075821384458026,-0.13386070078364154,-0.02754558148023463,0.1501787123629432,0.1106978943664618,0.1887089397167496,-0.7472611249206897,-3.11478402202406,0.07554906889485136,0.11361337709221382,0.0804716262037002,0.13458764910676022,1.123441607019756,0.8679567744950882,1.717782500189724,0.9119990057810625,0.8704965723092827,0.9496809771614758,0.571969696969697,0.35769087938205585,0.79630439005439,0.5281479632771457,0.46967645870208313,0.586951408421863,0.0,0.0,0.0,0.18,0.047619047619047616,0.3381428571428571,0.85,0.7082720588235295,0.9762175324675324,0.8916666666666668,0.75,1.0,0.37557111495323553,0.34189296658391644,0.41224978097290527,0.48242186994233227,0.4391622190649074,0.5295356919155761
Chronological >2018,Voc,V,A x B domain,FA+Cs / Pb (no Sn),328,71,True,True,1.0631330475425338,1.0356174749126108,1.0930001862050815,1.0154051279558867,0.9994613466485331,1.0303624074370528,0.0927735457047597,0.07318906272632815,0.11375360923956292,-0.047727919586647016,-0.07374245971603176,-0.02340190388583957,0.12887360794607225,0.0974181519025083,0.16125393681481398,0.04346035181294483,-0.35043325883738097,0.28303902677131965,0.13176877216758803,0.1004031262231049,0.16089041669555113,0.7040632175487461,0.6032818266070522,0.8467077955399815,0.8030072463890238,0.7632170174416565,0.8443427347547284,0.22535211267605634,0.14097222222222222,0.3242578325629173,0.5465841638794836,0.518190685747578,0.5751261328122117,0.0,0.0,0.0,0.10657276995305164,0.04567858954845256,0.17889102564102566,0.9051251956181533,0.8327636788574289,0.965814393939394,0.9551056338028169,0.9109780844155845,0.9928571428571429,0.3564711650435966,0.3190652964685848,0.3982511691916827,0.4578879449828471,0.4098400298309556,0.5115544462786877
Chronological >2018,Voc,V,A x B domain,FA+Cs / Pb+Sn,3,1,False,False,0.7066666666666667,,,0.7188834324030466,,,0.028967136318562476,,,0.012216765736380012,,,0.03189715143001924,,,0.24943816195525892,,,0.036817870057291605,,,0.7867683891949006,,,0.8996079083364507,,,0.0,,,0.7534394613242444,,,0.0,,,0.0,,,1.0,,,1.0,,,0.3607853934970202,,,0.46342958030833836,,
Chronological >2018,Voc,V,A x B domain,FA+MA / Pb (no Sn),1042,237,True,True,1.0502242446489283,1.0395980247605303,1.0595190122937228,1.0332840783982435,1.0271633062179366,1.0396289526407345,0.06069337252587131,0.055260227675539945,0.06625061839152549,-0.016940166250684615,-0.02533406936751549,-0.007918004610786792,0.08422175404081045,0.07412648204264873,0.0948968567571586,0.12209495184706176,-0.0404995875663448,0.25310480220913417,0.08988774983216577,0.07706300371556979,0.10250856213662654,0.6752129476952661,0.6083920479707557,0.7689914813395413,0.6505635609778985,0.6179544395873634,0.6797282372401163,0.10585101724342229,0.0680194143821614,0.14262504352306768,0.42086899307771414,0.3981084780076959,0.4419839700926906,0.0,0.0,0.0,0.04405264215390797,0.022908106523787615,0.06832836548273928,0.9083596900052597,0.8810915153815096,0.9359414684904391,0.9549210400476223,0.9329736967988419,0.9749748070346177,0.2654747803145531,0.2492602011362264,0.28215536926195683,0.3410029015618612,0.3201752412437603,0.36242915238721507
Chronological >2018,Voc,V,A x B domain,FA+MA / Pb+Sn,49,14,True,False,0.7282460317460316,0.6712197530864197,0.7778218162393161,0.7424223944007056,0.7236625918514578,0.7648869087603027,0.0798852338260124,0.04128859122514178,0.12855862954888794,0.014176362654673902,-0.03628476316298939,0.08152336325960215,0.12580579338486222,0.053176424818379774,0.18449285852307443,-0.15453667063513232,-0.7342240509477976,0.19507764336674316,0.11708379081476077,0.0489392664592316,0.15782700006510458,0.6822911461109035,0.5540197898935005,1.039028646432842,0.8484108675959956,0.7972915961554828,0.8973934440837991,0.16865079365079366,0.007936507936507936,0.37513888888888874,0.6108764531901405,0.5560148469338274,0.6668686458589925,0.0,0.0,0.0,0.07142857142857142,0.0,0.25,0.9087301587301587,0.801497113997114,1.0,0.9761904761904762,0.9230392156862746,1.0,0.44501944484805656,0.31854496303803814,0.6142567025472364,0.5716283925909212,0.40917166046876685,0.7890139983325041
Chronological >2018,Voc,V,A x B domain,FA+MA / Sn (no Pb),16,5,True,False,0.46088571428571423,0.377952380952381,0.554,0.3982218351881358,0.3559111918258432,0.44390123506867113,0.11383453002835589,0.03064275067318758,0.21662020339470042,-0.06266387909757848,-0.1959813970059799,0.059346577237090664,0.1634216627214314,0.04263809699259943,0.24601268339178423,-1.0654077832155218,-9.484574401252052,-0.1652913788750925,0.1137121105319601,0.003726779962508133,0.15342517537475875,1.0010765739534961,0.6159734547529664,2.8371253634262485,0.9386941625646477,0.8988540077072433,0.9709590411666558,0.5428571428571429,0.0,1.0,0.5988269907904972,0.5065360156282472,0.7167461834893981,0.0,0.0,0.0,0.34285714285714286,0.0,0.8571428571428572,0.7428571428571429,0.3333333333333333,1.0,0.9428571428571428,0.8095238095238096,1.0,0.4553086140029919,0.3719348109583249,0.5400087905985652,0.5848448515416977,0.477751029978716,0.6936424026599997
Chronological >2018,Voc,V,A x B domain,FA+MA+Cs / Pb (no Sn),1632,334,True,True,1.0616296725559078,1.0525057952789005,1.0703753783070453,1.0514410602138127,1.0465190545221092,1.0563891013520432,0.06162781172201352,0.056961122307414035,0.0666850221642749,-0.010188612342095074,-0.017650067838834802,-0.002392068450020753,0.08776876240717095,0.07902614743154124,0.0968724117791842,0.17278381931835263,0.042136318691680365,0.28650124609417144,0.09650070011664239,0.08498450416995473,0.10854029053871722,0.6386255399963183,0.583534567746991,0.697885330262268,0.5525048528722295,0.5249612159403819,0.5841900173555236,0.10384944396920444,0.07329325348075348,0.13574180633889601,0.3793813021509232,0.36107667931456155,0.3989200142684542,0.0,0.0,0.0,0.04400046061722709,0.02647329489932147,0.06562522817040065,0.8825720894208919,0.8583399516919394,0.9095986872021539,0.9431910114170594,0.9251502986624505,0.9621598067519016,0.23704598113734315,0.22716464030893577,0.24826529168409497,0.3044860505228978,0.29179344789670436,0.31889727800534595
Chronological >2018,Voc,V,A x B domain,FA+MA+Cs / Pb+Sn,33,8,True,False,0.7900513392857142,0.680493125,0.9340099999999999,0.7672179003555167,0.709711079815187,0.8245103220668268,0.11162465586952472,0.04597425568279513,0.18609606304669962,-0.02283343893019754,-0.12646599376342937,0.05524298198902777,0.155092249106147,0.055816403225967745,0.22363021243871495,0.3114795725060111,-0.9047398554400075,0.5243844828005483,0.1869096306055076,0.0422931117805994,0.2499455551640131,0.5972119013231602,0.4946360596014242,1.1721226241313618,0.8939929790653532,0.8429109619407843,0.9327972807176405,0.2,0.0,0.52,0.6774886736772102,0.6372890123947941,0.7131411767500133,0.0,0.0,0.0,1.0,1.0,1.0,0.984375,0.95,1.0,1.0,1.0,1.0,0.5770021842322485,0.41387840356882455,0.7208852970057522,0.7411604929010354,0.5316276609911306,0.9259786473162386
Chronological >2018,Voc,V,A x B domain,MA (no FA/Cs) / Other/unknown,18,8,True,False,0.5449166666666667,0.4122583333333334,0.6886333333333332,0.5895919693247652,0.556934475791127,0.621180684708466,0.14039608817237875,0.03772193321774531,0.2518680242756511,0.04467530265809855,-0.09241551608494859,0.1894409139222989,0.2004043731533495,0.06046210779738694,0.2979015569067699,-0.10735627798739267,-2.2967866898731124,0.34152735111141885,0.19044233962599325,0.03264241951739465,0.2510916640749542,0.7372104777125741,0.5238628993702333,1.4103652337423727,0.9006729983235657,0.8411001031195139,0.9513256531397352,0.375,0.0,0.7160714285714269,0.1831504495892043,0.07394280726547234,0.3177661974497878,0.0,0.0,0.0,0.125,0.0,0.4,0.875,0.6,1.0,0.875,0.6,1.0,0.5998572465499715,0.4767377820138591,0.7233754754669103,0.7705178674753217,0.6123706619448706,0.9291772866734522
Chronological >2018,Voc,V,A x B domain,MA (no FA/Cs) / Pb (no Sn),4665,915,True,True,0.9868642977325249,0.9801521673669951,0.9932121552381735,0.9676627940416711,0.9635404666594192,0.9717830505670957,0.08138927601635347,0.07789184474035592,0.08543582895818685,-0.019201503690853668,-0.025320131449181736,-0.013204977322593169,0.11239449831140849,0.10619472800799024,0.11896382506080316,0.1482513569537054,0.07056343328485871,0.21238165429661982,0.12178374582323605,0.11537695134326198,0.1286701486235215,0.6683098427148608,0.6412114706911615,0.7006711580301654,0.5448126479263681,0.5264362336865188,0.5648917855217271,0.09145903170011174,0.07527306065907977,0.1091534083097866,0.3810680560623145,0.36917485384422344,0.39217028411500954,0.0,0.0,0.0,0.0304027787634345,0.020584387043351745,0.04022309060835473,0.8895536740622775,0.8739386929566828,0.904456189574369,0.943606574079636,0.9320171113449494,0.9536932859832202,0.3234139483370227,0.31525767254862125,0.3313330580424379,0.41542588210386344,0.4049491290710965,0.4255979948150355
Chronological >2018,Voc,V,A x B domain,MA (no FA/Cs) / Pb+Sn,10,2,False,False,0.7559523809523809,,,0.8544382761577055,,,0.13063729958709602,,,0.09848589520532461,,,0.14560767071229838,,,-2.085343756299891,,,0.08289579011108242,,,1.5759220029393386,,,0.8103689540989512,,,0.5,,,0.7268114694233818,,,0.0,,,0.0,,,1.0,,,1.0,,,0.49096886454265015,,,0.6306505167353484,,
Chronological >2018,Voc,V,A x B domain,MA (no FA/Cs) / Sn (no Pb),20,5,True,False,0.438,0.2856666666666667,0.585,0.34646188745574347,0.3250768981317151,0.3607338469233478,0.1626384579475479,0.055868482426667615,0.2641723044535149,-0.09153811254425649,-0.2641723044535149,0.07521861289864247,0.19416570514017892,0.08809567155601249,0.26418237390433613,-0.4878823885393335,-3.9725630461123838,-0.03574424919898345,0.15917989822838816,0.0,0.18567441261520123,1.0217273648095784,0.6751943822798945,2.0730158829738063,0.921846017429375,0.8794215002701691,0.9692284245673829,0.4133333333333333,0.0,1.0,0.5842276625517824,0.5259570223201298,0.634745140418693,0.0,0.0,0.0,0.2,0.0,0.6666666666666666,1.0,1.0,1.0,1.0,1.0,1.0,0.6568842902813954,0.5881503161093107,0.7269928219189147,0.843769222488665,0.7554802912358081,0.9338237756341979
Chronological >2018,Voc,V,A x B domain,MA+Cs / Pb (no Sn),38,15,True,False,0.9976555555555555,0.927808653846154,1.0493342948717947,0.9533398344025608,0.9234411576131958,0.9801602390751215,0.10263144334999338,0.060324256108766995,0.1573993648566013,-0.04431572115299489,-0.10010251766307948,0.026945242034850547,0.13913611384425129,0.07281051404948538,0.20372285536934595,-0.17248774582859183,-4.1116341879079235,0.1465162653078867,0.12849484737712005,0.05184600245140996,0.19346946805776838,0.7987203023696346,0.6292253779619946,1.8356355531045438,0.7056303716326993,0.614113239703553,0.7912297999256102,0.06666666666666667,0.0,0.23076923076923078,0.46202830079757623,0.38185159616290504,0.5433306959676509,0.0,0.0,0.0,0.2,0.0,0.42857142857142855,0.9,0.7271464646464647,1.0,0.9333333333333333,0.7777777777777778,1.0,0.39938805419246226,0.3245716419517389,0.4780859427731702,0.5130147774014732,0.4169129419340669,0.6141023772142163
Chronological >2018,Voc,V,A x B domain,Other/unknown / Other/unknown,29,7,True,False,0.6291309523809524,0.36631388888888894,0.9245555555555556,0.5853447782827104,0.4696365079258454,0.7133955091499486,0.2155504756317442,0.07737712438503762,0.38678148540708196,-0.043786174098242155,-0.27587153963545197,0.14107467756792189,0.32669013734651015,0.09635002135042414,0.5116003374865211,0.3187402525433385,-2.3136066416991126,0.76623673155407,0.395803526088604,0.07498298223354886,0.48685219935970603,0.5445895789808891,0.38185737175160056,1.420450473739933,0.9621081969787236,0.8977877063389069,0.9965428997464567,0.8571428571428571,0.5698412698412698,1.0,0.19488400539150774,0.10801657730301893,0.2916296049988224,0.0,0.0,0.0,0.4523809523809524,0.11000000000000001,0.7916666666666666,0.8809523809523808,0.7033333333333334,1.0,0.9285714285714286,0.75,1.0,0.761093566907646,0.606149283251232,0.9061006283373793,0.977626252738804,0.7786000015647492,1.1638881215156
Chronological >2018,Voc,V,A x B domain,Other/unknown / Pb (no Sn),56,14,True,False,0.7348099017384732,0.6020975308641975,0.8543023809523809,0.8497170588521881,0.8034627616526827,0.8935618237827102,0.19049385080207099,0.10968704451669559,0.2936633561935223,0.11490715711371483,0.006733852163354566,0.24624902207817878,0.25797239666164345,0.14385944293769445,0.36951523529446023,-0.11498917719392865,-1.2599347975555137,0.2865108938772778,0.24430812606479252,0.15239272130660209,0.31655056821221317,0.7797278537986512,0.591682154093121,1.255575770602757,0.9724566547273226,0.9596903998125235,0.9845241778863292,0.8333333333333333,0.6409722222222222,1.0,0.6403356189402991,0.5512219063735647,0.7115622243466293,0.0,0.0,0.0,0.5833333333333334,0.3333333333333333,0.8126041666666666,0.828042328042328,0.6,0.9932659932659932,0.828042328042328,0.6,0.9932659932659932,0.6660404873675327,0.5652296415351366,0.7807566794081187,0.8555303764858381,0.726038637583105,1.002883561204993
Chronological >2018,Voc,V,A x B domain,Other/unknown / Sn (no Pb),14,4,False,False,0.469625,,,0.34993491562874834,,,0.17637347583143614,,,-0.11969008437125167,,,0.20891701809633959,,,-0.1231290194738921,,,0.19713284702200187,,,0.8946934947464702,,,0.9878125129889023,,,1.0,,,0.5347388191529158,,,0.0,,,1.0,,,0.875,,,0.875,,,0.501481997163247,,,0.6441546572186005,,
Chronological >2018,Voc,V,FA presence,FA absent,5712,1124,True,True,0.9945400641243576,0.984803873623443,1.003825406556331,0.9633675139152355,0.9571290122004813,0.9694668568978847,0.0934183462558697,0.08925581352563416,0.09789777123750998,-0.031172550209122178,-0.037776733076581526,-0.024754287867370512,0.1294498154992071,0.12259034571466614,0.13678216454858744,0.4216214917098363,0.34493633187663136,0.4873066459242903,0.1702140331926454,0.15904852367982183,0.18157586885806432,0.5488286982198488,0.5178275897329699,0.5826130667928564,0.6147478806832748,0.5974523759979125,0.6321438843720014,0.17306441204246326,0.15402100659056575,0.1928078813642104,0.3915935728100552,0.38108112222059054,0.40190298543495184,0.0,0.0,0.0,0.04633922020226186,0.03496423189654793,0.05729180036806273,0.894884637611837,0.8811707674807289,0.9078964129795694,0.947306218331887,0.9375347568782957,0.9560688948104297,0.37031786387945825,0.36005502064155576,0.38003601748116295,0.4756740581288394,0.46249141487266016,0.4881570464265546
Chronological >2018,Voc,V,FA presence,FA present,3404,685,True,True,1.0243414118457892,1.013275996016212,1.0343584055532906,1.0063990785309214,0.9957760933323111,1.0155680428070353,0.06808061243844464,0.06415899713274181,0.07244483181581315,-0.017942333314867876,-0.023588446894518517,-0.01178543672392462,0.09652680074916195,0.08917831974585737,0.10378063675894675,0.6089779173031691,0.5195901412265119,0.6790926514050815,0.15436444295223004,0.13984794930797037,0.17042662578801493,0.441038176515255,0.40060310514200587,0.48721664525367103,0.6430231955843481,0.6226164806258919,0.6647471346338872,0.14411292681365676,0.12112556037136024,0.16990524102351884,0.4267870701739261,0.4140248734822173,0.4409462018713631,0.0,0.0,0.0,0.07163614163614164,0.05523980418026701,0.08982058067841917,0.8982528197674183,0.8816360361488635,0.9161250238305384,0.9524368859040392,0.9398598929226992,0.9646298778384695,0.27960230269129394,0.27005717961102793,0.2909434465900091,0.3591497331239424,0.346889002887047,0.373717455797675
Chronological >2018,Voc,V,MA presence,MA absent,1593,320,True,True,1.0104015392826824,0.9824908306893119,1.037991404530135,0.9456390369349761,0.9231032317491928,0.96611101044584,0.12782424484994925,0.11752487799304315,0.13859417563901835,-0.06476250234770645,-0.08104554270410438,-0.049531626967392946,0.16973670783792014,0.15432749698032144,0.18620582410498554,0.614134966898628,0.5171947062569482,0.6835229640008688,0.2732486733453489,0.24896499946650763,0.297980346219148,0.4677945670696703,0.42650797181779804,0.5175436672904415,0.8773003526092074,0.8629097481890671,0.8914282970223906,0.4432233797722412,0.39421373946349086,0.4934773575223681,0.4769296534882363,0.45759955168037614,0.4952505156916545,0.0,0.0,0.0,0.11634650735294119,0.08543552157067011,0.14966198218742513,0.9087438834313832,0.88230170101916,0.9316301399647495,0.9570181915885041,0.9389793322451954,0.9734285660453152,0.4950590646417906,0.47512654259751574,0.5156287535997596,0.6359043871787964,0.6103010215992491,0.6623261949700352
Chronological >2018,Voc,V,MA presence,MA present,7523,1460,True,True,1.0027774987079459,0.9966869475538742,1.009022006728299,0.9866753913723838,0.9817408433485478,0.9909919129502979,0.07513579991986562,0.0723741523630634,0.07842178468174982,-0.016102107335562086,-0.020639933063269028,-0.01152537308614438,0.10570406756995444,0.10088232868265372,0.11123128854944367,0.3798402874864991,0.3116567551793164,0.44140267604179495,0.13422701267663062,0.12640635736954883,0.14203395949584277,0.5597666104726401,0.5315184122564045,0.592641277942359,0.5719231338881511,0.5565635201236316,0.5866088323631249,0.10288369668204478,0.08873641721713209,0.11772769576031562,0.38877027930294694,0.37950333201469255,0.39769910392846924,0.0,0.0,0.0,0.04159573683546286,0.03280786146452289,0.05033972286612297,0.8908268818630956,0.8797690044839502,0.9031720454415666,0.9461255620470358,0.9377656458176963,0.9544182721316187,0.3026710300501639,0.2951354282064482,0.3089309252194342,0.3887815608832248,0.37910206480952147,0.396822409108676
Chronological >2018,Voc,V,Cs presence,Cs absent,6220,1211,True,True,0.9769249351040181,0.9683415094852021,0.9847327023723437,0.9578128086048138,0.9505456904331301,0.9640871771731033,0.08073983601901324,0.07751685682258105,0.08451939357588702,-0.0191121264992041,-0.024294005977631226,-0.013559364227070141,0.11346072835921894,0.10708019449587963,0.12068126509508902,0.48630159538182094,0.41056958135738975,0.5505317434306871,0.15830384327085092,0.14761453723986198,0.1698914164073559,0.5100308012160573,0.4795534646459267,0.5432465796332596,0.5896256507187478,0.5731207750017023,0.6060707160646059,0.12501902692090155,0.10908865800814466,0.1424851168507041,0.39486529359269207,0.3849125449300315,0.4048219686432578,0.0,0.0,0.0,0.04988358279027148,0.03874334162555403,0.06141713795872063,0.8941123902316075,0.8810053427575372,0.9065080292644327,0.9462696908880657,0.9363252113785502,0.9548895855707802,0.32678507066979506,0.3186438709679539,0.3347375283443794,0.41975609567681854,0.4092987079082591,0.4299710439230061
Chronological >2018,Voc,V,Cs presence,Cs present,2896,587,True,True,1.0665782087863533,1.055009733257576,1.0796134614528037,1.027965321158729,1.019450268430169,1.0365683567646544,0.08975759237700213,0.08375925419744405,0.0962465156432303,-0.0386128876276242,-0.04738141894225403,-0.030599831250844256,0.1264279777978082,0.11744074396258726,0.13543975163707017,0.4047327448482101,0.28639819391887106,0.4985515863424891,0.16386537450333877,0.14865249052107618,0.18022223260062495,0.5477520351633122,0.5034227451799296,0.5987348077760024,0.6937461521600989,0.6715411301321181,0.7167809166768125,0.23759018105969282,0.20495639286430897,0.2707769028886816,0.4201612086611417,0.4047610441048388,0.4351801265489859,0.0,0.0,0.0,0.06719540522276268,0.049513859981857714,0.0867559612407716,0.8981044390967731,0.8803114772846253,0.9165395175370377,0.9533146391749456,0.9405950979109703,0.9661999607723522,0.35313092342082486,0.3382428162612657,0.370310104359271,0.45359739774542873,0.4344735934648182,0.4756640910091925
Chronological >2018,Voc,V,Pb presence,Pb absent,250,55,True,True,0.5447513931523024,0.48909896903155214,0.6043457765828703,0.5028010663986363,0.4618946658517964,0.5427585590388382,0.14407654543153584,0.11707891607691813,0.17428763389172586,-0.04195032675366598,-0.08971706114687866,0.001053072458844167,0.19691888611842265,0.15181371726771936,0.24787374598076098,0.34288346829618954,0.04191382861710021,0.5445111777474367,0.2429216228890992,0.18133726529206362,0.2942400720896713,0.5930988922188741,0.5045668103382136,0.7441695658483549,0.9397728600277258,0.9200120132124722,0.9592701677695473,0.6937741046831956,0.5763502358490566,0.8112781057614319,0.4056788739161315,0.35306337104565927,0.459900853210147,0.0,0.0,0.0,0.26793388429752063,0.1628219696969697,0.38542325831847885,0.8957851239669421,0.834429104477612,0.9478295633218983,0.9242699724517907,0.8709589969907807,0.9677564910726455,0.535307701773484,0.4880490893823027,0.5820969598348685,0.6876038443911,0.6269000595340768,0.7477047426457436
Chronological >2018,Voc,V,Pb presence,Pb present,8866,1680,True,True,1.0210574967828747,1.0150582754077837,1.0266400405314076,0.9961393347170843,0.9924236618045863,0.9998718480551255,0.08173242914640494,0.07878773303039045,0.08504629529900978,-0.024918162065790467,-0.029322118866796098,-0.02024725290529567,0.11444214049962263,0.10970722027235628,0.1196502877975652,0.30784361320967957,0.2599037234374932,0.3511583299192763,0.13755736778387212,0.1312347184842036,0.1438966194403723,0.5941697668628088,0.5731033394701719,0.6166697197067104,0.6122428446426285,0.597949531673713,0.6264496762180767,0.1435342273563044,0.1289573000850166,0.1597033983920944,0.40269467944581483,0.39412065224113985,0.41159105016973585,0.0,0.0,0.0,0.04716889222666533,0.038386203313668404,0.05543218839091123,0.8958056048898646,0.8855493292343833,0.9063474478370318,0.9502927878569852,0.9427828900109346,0.9571460638102772,0.32938495175162996,0.3220106865158524,0.3371572927186854,0.4230956482760186,0.41362338940718235,0.43307923624077227
Chronological >2018,Voc,V,Sn presence,Sn absent,8863,1685,True,True,1.0195021471000758,1.013208957636534,1.0256966634997717,0.9938120262498411,0.989514510611381,0.9980391797162238,0.08277961574904526,0.0796912126529892,0.086171382548292,-0.025690120850234692,-0.03036287211592117,-0.02108626325051666,0.1167418822121812,0.111678003771511,0.12283818128461528,0.3453692013702977,0.27874669102928007,0.40296107972491185,0.14428742209309334,0.13617929866672238,0.15288413102131582,0.5737133185152922,0.5492183206420534,0.6007160932038731,0.6139772681269796,0.5998647397941997,0.627485228257215,0.15114985279441623,0.13635284555757232,0.16712570774504412,0.3971231152959836,0.38860542233512757,0.4063420448459902,0.0,0.0,0.0,0.04539687770967226,0.03671997986670092,0.05425692552979183,0.8950679687395156,0.8849360309054339,0.905828708614271,0.9492533433826321,0.9415669906421429,0.9562082471562843,0.3313582422553027,0.3237745582219933,0.33884948383344066,0.42563034398828004,0.4158890862431089,0.43525285920957213
Chronological >2018,Voc,V,Sn presence,Sn present,253,55,True,True,0.586001789977699,0.5381116052514173,0.637279823900561,0.5650647282048629,0.5156128937525811,0.6184744195887613,0.11461237154131586,0.09457022964490536,0.13775841783137144,-0.02093706177283622,-0.05411935742362633,0.012219272077756575,0.15086392063395673,0.12369185776741622,0.1745696756995128,0.4238698429310117,0.07255893586081356,0.6214777037059652,0.1987582140007452,0.16006201843856704,0.23326232975996677,0.5766421886890478,0.46414016016723025,0.7362533447535397,0.9025581488022495,0.8806480454846338,0.9263778848050376,0.4657943067033976,0.3533135583778967,0.5962164662349675,0.5945729163816026,0.5652215065061993,0.6245136298324301,0.0,0.0,0.0,0.3270247933884297,0.21184909318244965,0.4539161915911636,0.9142194674012855,0.8624337516771727,0.9612794612794612,0.9560881542699725,0.9195118116275502,0.9863387978142077,0.47830717457506816,0.4326717939852917,0.5381034811728399,0.6143865499189665,0.5557678096508519,0.691195028782241
Chronological >2018,Jsc,mA cm^-2,A-site pattern,MA (no FA/Cs),4713,928,True,True,18.957500392475914,18.682053881625475,19.24146316525241,18.123745437190284,17.922857993176567,18.308884519781195,2.9663389782145035,2.8341931110674157,3.1068525562661513,-0.8337549552856311,-1.052324310121823,-0.6127054786043876,3.946406445990453,3.74258185004324,4.160317480051053,0.2957236957741739,0.2001237526066536,0.3739056635745602,4.702515909726505,4.385828899750953,5.02088796379697,0.6307982865255258,0.5965758502793612,0.6731583956248332,0.5504576319257666,0.5314579913222456,0.5705228237251004,0.09563758693132425,0.07914032991566351,0.11333494307483451,0.3805990593607801,0.36897621128205815,0.3920023401512857,0.0,0.0,0.0,0.032132050181619146,0.022126798650050433,0.0427476591627108,0.8998055760487923,0.8849488016281751,0.9140963918197401,0.9490990634820966,0.9389196726456168,0.9592142865279868,11.351266034854172,11.099218973008133,11.616986803584565,14.897318827472551,14.566534100172628,15.246048828047204
Chronological >2018,Jsc,mA cm^-2,A-site pattern,FA (no MA/Cs),301,62,True,True,18.74712347437509,17.621113152037225,19.943773687570452,16.898914767340575,16.116369947642166,17.68345198607322,3.3731950387380096,2.7569882239336607,3.9458802717827335,-1.8482087070345128,-2.7046843680685133,-0.9038385050255541,4.424243105911645,3.618223273109549,5.194658539348715,0.11455023656418228,-0.5336781983527058,0.4448217969002599,4.701722788115499,3.688997612713998,5.548617759346871,0.7174380946627485,0.5770464306855214,0.9413188277638191,0.8339259841683823,0.800372792822959,0.8702910090636106,0.3635386119257087,0.2551251926040062,0.4864929221795419,0.497217009630569,0.45451021898058097,0.5380280937114721,0.0,0.0,0.0,0.14408602150537636,0.0703125,0.2264667277167277,0.969758064516129,0.9397267425115208,0.9949011320946289,0.987231182795699,0.967762928022362,1.0,16.900277237862557,15.53119653293875,18.20414808617251,22.179800694658827,20.383029154007254,23.89099129467457
Chronological >2018,Jsc,mA cm^-2,A-site pattern,Cs (no FA/MA),862,174,True,True,11.896696564809954,11.225137874197511,12.609429336052816,10.858463904856276,10.337507005092474,11.421702851030016,2.297144495081773,2.025166591877617,2.562964938952781,-1.0382326599536769,-1.4068638696953901,-0.6824636371128359,3.052447473187522,2.683494027441033,3.407499940133259,0.6301987953538943,0.5271746729756361,0.7103457693454475,5.019541376616242,4.572336116731408,5.406898471550116,0.4576403146676156,0.40511188209319693,0.5222210088344562,0.9137026790824119,0.9001350606249438,0.9272775220127901,0.5181784789060848,0.44797000188964475,0.585206173284657,0.43524401957342407,0.4094273173307944,0.46080988434573744,0.0,0.0,0.0,0.04490928555330178,0.01858670238537899,0.07305459574805045,0.9761380222587119,0.9607852564102565,0.9902551273862749,0.9910600255427843,0.9774080086580086,1.0,12.822670451104543,12.151077725405242,13.498476356901584,16.828379261236275,15.946985861924377,17.715302007407008
Chronological >2018,Jsc,mA cm^-2,A-site pattern,FA+MA,1107,255,True,True,21.932833487536428,21.58045047858083,22.283335454963293,20.822693947515784,20.578179389352556,21.06112906852554,2.221363430482467,2.0131960885570757,2.4544093810644783,-1.110139540020645,-1.4139363203565296,-0.823638699728526,3.0887928815816617,2.7281251819178074,3.4561644149306288,0.11654160579573303,-0.12531579637644055,0.2960193742764101,3.2862132089494955,2.856654157574834,3.6928317192629123,0.6759644883761425,0.6033314652700341,0.7661535444301969,0.6662906658859135,0.6349276069403362,0.6949014265132869,0.1182826976944624,0.0830397487160717,0.1548305019895929,0.4339444631352514,0.4123006534009514,0.45409129981168755,0.0,0.0,0.0,0.05158730158730159,0.029663154514061003,0.07721770783785213,0.9317637591167004,0.905695620609386,0.9546084742806945,0.9723612770671595,0.9572561707677906,0.9845739346365786,9.559523140810702,8.992002058686326,10.154991948547899,12.545848509759502,11.801037977105315,13.327337433852886
Chronological >2018,Jsc,mA cm^-2,A-site pattern,FA+Cs,331,72,True,True,19.910089016183072,18.93338724155482,20.835858550209807,18.996949108037178,18.327415079732322,19.601748984659164,2.4674340790604083,2.065984138990873,2.9203391690155995,-0.9131399081458957,-1.6171958241183706,-0.2904009375516529,3.2722515997586195,2.7969456338607737,3.778849945166106,0.40883392407678243,-0.010826327091086937,0.6231455418825382,4.255905113100423,3.158906663065589,5.152405693171432,0.5797671737241541,0.46453312462698726,0.7604519243861972,0.8043489222494048,0.7648135740804285,0.8452777558487695,0.2222222222222222,0.13549999999999998,0.3172817938420348,0.5494571541217721,0.5223638365901034,0.5785031980251829,0.0,0.0,0.0,0.10509259259259258,0.045659436834094375,0.1769256756756757,0.941184413580247,0.8923525933622241,0.9833366402116404,0.9725308641975308,0.9429236393788633,0.9951201201201201,12.389562677056619,11.184048888507833,13.815537340122248,16.25997177463192,14.677864263118883,18.131410531362576
Chronological >2018,Jsc,mA cm^-2,A-site pattern,MA+Cs,38,15,True,False,19.8145,18.312337239583336,21.426432291666668,17.171317452593723,15.863973859335392,18.37937796953028,3.6540580270705743,2.3718274904500865,4.985022442128021,-2.643182547406278,-4.328985187995571,-0.9267312080982671,4.6166086605473735,3.0681114370703138,5.906643212191358,-0.6038343603412166,-2.7835687557633784,0.12623671091071276,3.645384185667013,2.280436410793556,4.68568542031362,1.0023794039151388,0.7142846015978339,1.6067700465395363,0.7056303716326993,0.614113239703553,0.7912297999256102,0.06666666666666667,0.0,0.23076923076923078,0.46202830079757623,0.38185159616290504,0.5433306959676509,0.0,0.0,0.0,0.2,0.0,0.42857142857142855,0.9222222222222222,0.7691666666666667,1.0,1.0,1.0,1.0,15.584083759522388,13.195365953651221,17.978240465391885,20.452437964786423,17.31750212294659,23.594511779350803
Chronological >2018,Jsc,mA cm^-2,A-site pattern,FA+MA+Cs,1665,342,True,True,21.25259619052919,20.94987083911987,21.54948772296127,20.84964648773162,20.699011326933903,20.98264734521955,2.0866528408397675,1.9062103316175032,2.2896213298955157,-0.4029497027975715,-0.6659363612750635,-0.13660723385743848,3.179351923845594,2.7785392930502133,3.5719276524087604,0.07304094299816788,-0.030474450012502236,0.15788021960748996,3.3022376660061865,2.882951549008111,3.736775004590165,0.6318905699369061,0.5904357166294022,0.6867784828661467,0.5604928792159284,0.5324288704117012,0.5938391973785745,0.1060985797827903,0.07420127148492534,0.13996405588139454,0.38635457399949136,0.3674806655287242,0.4064396254744743,0.0,0.0,0.0,0.06636302294197031,0.04288549542379626,0.0914096144010358,0.9078034335709775,0.8835165074908683,0.9301948951988699,0.9450729095465937,0.924800466909611,0.9631860714803763,8.21001385079195,7.833722729623877,8.612741488356559,10.774762351412425,10.280920626024662,11.30329916827612
Chronological >2018,Jsc,mA cm^-2,A-site pattern,Other/unknown,99,25,True,True,6.776523597883597,3.72926924001924,9.969097864076634,8.47717482768675,6.7806789659354925,10.127429006404656,5.763975620948842,4.028350768143268,7.389239848346958,1.7006512298031513,-1.0100767465065317,4.552616750675169,7.191502487154319,5.522466098358216,8.54193894951989,0.1770540395075506,-1.3079127684844303,0.4489890058045808,7.927458479944383,4.390269507398598,9.71656733643886,0.7270899791567601,0.5628716767685459,1.2069456681051423,0.9720160238795676,0.9525485759767239,0.9865607023459203,0.8666666666666666,0.7333333333333334,0.9753086419753086,0.49871367918065623,0.3994431318437083,0.5818874710613114,0.0,0.0,0.0,0.6133333333333333,0.4332954545454545,0.7803606719367587,0.9333333333333332,0.8333333333333333,1.0,1.0,1.0,1.0,22.23524522375384,19.3010880257216,24.504788966636625,29.181373803433434,25.330607277937993,32.159906473428656
Chronological >2018,Jsc,mA cm^-2,B-site pattern,Pb (no Sn),8768,1660,True,True,19.19753509804205,18.98096187528464,19.40504023336456,18.420246258050568,18.23302896230772,18.585876616947715,2.6243080942696047,2.534281261649715,2.7252389717391954,-0.7772888399914809,-0.9193644058307429,-0.6308298899545702,3.605280107660749,3.453725560908262,3.761581719153837,0.41553001449150573,0.36233607461570244,0.4653316283874078,4.7158274440617065,4.513220236745621,4.921041115991074,0.5564894232027514,0.5326126613149255,0.5828959697675333,0.6088701295991095,0.5946852252024796,0.6227470985278081,0.14167921804734418,0.12646864046489825,0.1569259577056214,0.39966281816430005,0.39103762593513314,0.40869762516730096,0.0,0.0,0.0,0.042767312614938414,0.03435374828577282,0.051179739846937765,0.9148048736625272,0.9051139994684675,0.9245616871560596,0.9567360670507988,0.9492376330006133,0.9643124600232307,10.75537643923402,10.550885487592634,10.967244101914114,14.115277664427856,13.846905229619175,14.393331241049657
Chronological >2018,Jsc,mA cm^-2,B-site pattern,Sn (no Pb),155,30,True,True,15.58854619047619,13.444870781354961,17.621835095174433,14.331215592252278,13.151718281726012,15.501034328647922,4.5298970086655155,3.284065461511008,5.772640190792535,-1.257330598223913,-2.9773075652533607,0.5820581623935621,6.041258769399115,4.494436564077385,7.353333573422682,0.15872650630969765,-0.21012996679517498,0.3610781686040792,6.58656278098245,5.058338677439015,7.707365626317838,0.687748247347585,0.5770464649413489,0.8469264050906016,0.9286741880695288,0.8995616993077618,0.9561306737296311,0.6219191919191919,0.4571094877344878,0.7929859833149308,0.5533388981464338,0.5130082139878432,0.5923416230473009,0.0,0.0,0.0,0.30787878787878786,0.1611996753246753,0.4714972882231405,0.8806060606060606,0.767244227994228,0.9709728276663762,0.9722222222222221,0.9298161268556004,1.0,19.153527117063785,17.565576248527986,20.76695328459594,25.136949416691753,23.052934268222565,27.254398161925245
Chronological >2018,Jsc,mA cm^-2,B-site pattern,Pb+Sn,98,25,True,True,25.99500634920635,24.349515057189546,27.479131660273367,22.17711326859103,20.80179069289545,23.296715633529164,4.962298045034232,4.018669472266782,6.004833755201461,-3.817893080615322,-5.211615501557889,-2.26565200751666,5.950011637667121,4.764744102561691,7.235523147197892,-0.4411210171840394,-3.2591223386186776,0.05070063372563859,4.956414161768123,2.7216328788186828,7.118451552338613,1.0011871250210476,0.7363290332451802,1.8399839172698853,0.8712189016815144,0.8343566253335741,0.9044512936217471,0.27844444444444444,0.1279851851851852,0.4608858919305779,0.6440537382638053,0.6044168843991545,0.6815772573295195,0.0,0.0,0.0,0.35,0.15616319444444446,0.5384615384615384,0.8713650793650793,0.7694006568144499,0.9625754385964914,0.98,0.9375,1.0,15.277876924555715,14.169994778271356,16.682558330173663,20.05057434590522,18.596597890258284,21.894067986725503
Chronological >2018,Jsc,mA cm^-2,B-site pattern,Other/unknown,95,25,True,True,2.992070793650794,1.5725798140567162,5.2127689831349215,2.9442111656365357,2.144822057474274,4.164708582757346,1.8463460474135314,1.099440490670825,2.8855598186214144,-0.04785962801425818,-1.2764557195808124,0.9500450647299644,3.0044550468038014,1.3125858024986563,4.6117860793020995,0.6487153662285788,-0.5830132678294954,0.7180529853634116,5.069161572332927,1.1712573053571629,8.376985152079362,0.3642310510461411,0.29114751170747655,1.0339785531142605,0.9530912663775625,0.9238430810977728,0.978520862614018,0.78,0.6190476190476191,0.9333333333333333,0.22848684483976886,0.18153790410877332,0.2783283725348025,0.0,0.0,0.0,0.22,0.07772727272727271,0.3788009404388714,0.96,0.863474025974026,1.0,0.96,0.863474025974026,1.0,10.245588177430715,7.976980374830425,12.824242396015064,13.446235264464018,10.468930915675347,16.830442270282088
Chronological >2018,Jsc,mA cm^-2,A x B domain,Cs (no FA/MA) / Other/unknown,48,12,True,False,2.2566011904761907,1.4003287480376765,3.5065219345238097,2.4064915608148825,2.221609655422493,2.591255658583659,1.558776436180329,0.9345019479102034,2.506013902422419,0.14989037033869182,-1.2090679092245904,1.0878203944182687,2.1209454880872305,1.1318485369076439,3.2982493511813233,-0.18675546917298913,-1.431080529036228,-0.08101862911394489,1.9469234928426717,0.8791767887162288,2.8144882973824625,0.8006356910842883,0.7381860801345964,1.4180516867627346,0.9846172430275572,0.9805180753564156,0.9877090165299132,1.0,1.0,1.0,0.2590311260281437,0.21579777274962936,0.30183181731195535,0.0,0.0,0.0,0.1111111111111111,0.0,0.27797619047619027,0.9166666666666666,0.7142857142857143,1.0,0.9166666666666666,0.7142857142857143,1.0,8.424433082561045,6.9888459544731365,10.18292366629488,11.056164588713349,9.172110502933482,13.363994816685604
Chronological >2018,Jsc,mA cm^-2,A x B domain,Cs (no FA/MA) / Pb (no Sn),807,159,True,True,12.590448561789627,11.973594106865024,13.250902212517502,11.504893228045834,11.050204835350469,11.936172031457367,2.287124106754974,2.0299434446886484,2.53606371537245,-1.085555333743795,-1.4643891512033298,-0.7175524479548705,2.986260578332299,2.6537555421361376,3.3132538472187902,0.5263754783724153,0.41647126729225764,0.6093943233467697,4.3392094269568355,3.9612881812788925,4.67500746054565,0.527083134671141,0.4766321518433906,0.5945854777533238,0.9072991904732137,0.8933087512919735,0.9213110362486852,0.4769164905429272,0.40643748969023463,0.5478279409882233,0.4464556730890056,0.4194996550275794,0.4728729583352414,0.0,0.0,0.0,0.04076026637069922,0.014323755432618442,0.06855725561278611,0.9822726365179195,0.9716771707529837,0.9921188423645321,0.9986023759608665,0.9952666141318625,1.0,12.96761743884689,12.281067144419344,13.65771222404355,17.018606631720697,16.11758302820565,17.924281999092436
Chronological >2018,Jsc,mA cm^-2,A x B domain,Cs (no FA/MA) / Pb+Sn,2,1,False,False,19.0,,,12.63216864035557,,,6.3678313596444305,,,-6.3678313596444305,,,6.43404132446558,,,-33.2123039379583,,,1.1000000000000165,,,5.788937599676668,,,0.9634024689305457,,,1.0,,,0.5345608711916539,,,0.0,,,0.0,,,1.0,,,1.0,,,19.027534037363658,,,24.971597017004814,,
Chronological >2018,Jsc,mA cm^-2,A x B domain,Cs (no FA/MA) / Sn (no Pb),5,2,False,False,11.032333333333334,,,9.292314407785211,,,5.488630288189647,,,-1.740018925548122,,,7.346202385119034,,,-0.07988389931907869,,,7.069266526466676,,,0.7764073214159808,,,0.9724427449187414,,,0.6666666666666666,,,0.5515365005472657,,,0.0,,,0.0,,,0.8333333333333333,,,0.8333333333333333,,,24.586377343719427,,,32.26698246497765,,
Chronological >2018,Jsc,mA cm^-2,A x B domain,FA (no MA/Cs) / Pb (no Sn),200,41,True,True,18.67705240206947,17.070156475680907,20.25918507136139,17.411790887048678,16.349443396395902,18.41612207105599,3.210930535091331,2.559600429315678,3.8732113616366464,-1.265261515020796,-2.426982667122707,-0.07100032011772658,4.156787961181948,3.3527175722796985,4.935107754371464,0.3561448760392787,-0.28096920149229976,0.6209341489874418,5.180405949371581,3.8099696754475763,6.210533465529997,0.6198221850704266,0.48024494420762814,0.8740799627900919,0.7924063547953852,0.7449872644464561,0.8375479825226209,0.24634146341463414,0.13417857142857142,0.3744812164579606,0.4778359836761236,0.42182449001156513,0.5338378643999007,0.0,0.0,0.0,0.13008130081300814,0.03698830409356725,0.22525698775698774,0.9786585365853658,0.9474967105263158,1.0,0.9928861788617885,0.9821378968253968,1.0,16.908097199810644,15.066903661622533,18.66853533718222,22.190063555735435,19.773694572993776,24.500449738910046
Chronological >2018,Jsc,mA cm^-2,A x B domain,FA (no MA/Cs) / Pb+Sn,1,1,False,False,24.5,,,18.745534066963607,,,5.754465933036393,,,-5.754465933036393,,,5.754465933036393,,,,,,0.0,,,,,,0.9747703562076562,,,1.0,,,0.6732200008312897,,,0.0,,,0.0,,,1.0,,,1.0,,,17.81649512851376,,,23.382238377870145,,
Chronological >2018,Jsc,mA cm^-2,A x B domain,FA (no MA/Cs) / Sn (no Pb),100,20,True,True,18.603125346320347,17.342974217765896,19.891118710963724,15.75518775695781,14.583211590305465,16.843283892450952,3.5867737264987816,2.50281377951452,4.958598162295739,-2.8479375893625383,-4.354463377666459,-1.3883309155197812,4.858164608342468,3.212281602524709,6.5194464125543865,-0.9953151825778943,-3.841143317920229,0.06308074508164305,3.439271590170647,2.456822481093709,4.313176814398533,1.0428876093268389,0.7624591810454187,1.6219648591430347,0.9119990057810625,0.8704965723092827,0.9496809771614758,0.571969696969697,0.35769087938205585,0.79630439005439,0.5281479632771457,0.46967645870208313,0.586951408421863,0.0,0.0,0.0,0.18,0.047619047619047616,0.3381428571428571,0.95,0.875,1.0,0.975,0.9166666666666666,1.0,16.83843542133642,15.038199168213152,18.68957510590321,22.098639945291218,19.73602300501293,24.52806217806269
Chronological >2018,Jsc,mA cm^-2,A x B domain,FA+Cs / Pb (no Sn),328,71,True,True,19.878634870871096,18.90016570590937,20.820029288077492,18.93035210565255,18.248312842261633,19.51281309503825,2.47990494011742,2.0717580101474504,2.939365338121504,-0.94828276521855,-1.6262897294521148,-0.31448755685236257,3.287818806915883,2.8077641993443465,3.809546733039067,0.4083955835816918,-0.014540001990375225,0.6225259275681907,4.2745674234481,3.179772086252559,5.1750549270597554,0.5801534271079511,0.46453312462698726,0.7611043535105526,0.8030072463890238,0.7632170174416565,0.8443427347547284,0.22535211267605634,0.14097222222222222,0.3242578325629173,0.5465841638794836,0.518190685747578,0.5751261328122117,0.0,0.0,0.0,0.10657276995305164,0.04567858954845256,0.17889102564102566,0.9403560250391237,0.8896209610604805,0.9826166842793881,0.9721439749608765,0.9416601851851851,0.9950549436422723,12.375528202855943,11.124800586810336,13.832015746295626,16.241553032960162,14.600107223713435,18.15303667154638
Chronological >2018,Jsc,mA cm^-2,A x B domain,FA+Cs / Pb+Sn,3,1,False,False,22.143333333333334,,,23.725336277345907,,,1.5820029440125734,,,1.5820029440125734,,,1.859292959178347,,,-0.973131541485525,,,1.3236397630103873,,,1.1951914623768813,,,0.8996079083364507,,,0.0,,,0.7534394613242444,,,0.0,,,0.0,,,1.0,,,1.0,,,13.386010345304493,,,17.567702433326758,,
Chronological >2018,Jsc,mA cm^-2,A x B domain,FA+MA / Pb (no Sn),1042,237,True,True,21.721287420619696,21.435007904913483,21.99982254549547,20.77042519613388,20.539168028960383,20.982387606460442,2.0294826728883337,1.8370705912711534,2.234727782213973,-0.9508622244858214,-1.2332952761058547,-0.682309429460047,2.806979716628601,2.4626602554574624,3.1833858249031635,-0.05013666154922447,-0.3491230692795879,0.1630960427642877,2.7391534603296215,2.333825060750383,3.125733463529784,0.7409160174049219,0.6576736895123149,0.8589852957211042,0.6505635609778985,0.6179544395873634,0.6797282372401163,0.10585101724342229,0.0680194143821614,0.14262504352306768,0.42086899307771414,0.3981084780076959,0.4419839700926906,0.0,0.0,0.0,0.04405264215390797,0.022908106523787615,0.06832836548273928,0.9359912122570351,0.9104521817456882,0.9578111294444765,0.9702621335532728,0.9538628177021033,0.9834260950182183,9.027083436910136,8.519056636592882,9.58572453508075,11.847078522248257,11.180347851502944,12.580235028669966
Chronological >2018,Jsc,mA cm^-2,A x B domain,FA+MA / Pb+Sn,49,14,True,False,27.989329365079367,26.78960127314815,29.140406296296298,23.596261358175514,21.87551590591174,25.02901066532586,4.797951227632885,3.6073146444198505,6.0993674486782075,-4.393068006903852,-5.952827142272849,-2.7964590348092067,5.405429476987521,4.109122051971936,6.640095419001493,-4.167464063627227,-13.754874354342702,-1.3365067218272657,2.377888426253206,1.5842711169568728,3.057052349801269,2.0177360613983586,1.331805205547159,3.5486824274396693,0.8484108675959956,0.7972915961554828,0.8973934440837991,0.16865079365079366,0.007936507936507936,0.37513888888888874,0.6108764531901405,0.5560148469338274,0.6668686458589925,0.0,0.0,0.0,0.07142857142857142,0.0,0.25,0.9325396825396826,0.8333333333333334,1.0,1.0,1.0,1.0,14.044638451883811,12.378862612964424,16.150935796194982,18.43208116097876,16.245929088488687,21.19637044706503
Chronological >2018,Jsc,mA cm^-2,A x B domain,FA+MA / Sn (no Pb),16,5,True,False,15.35642857142857,11.974285714285713,21.37416666666667,15.317900037231604,14.412127348802708,16.22345306443307,4.450664675429537,1.50269516941392,8.14145134359192,-0.03852853419696789,-6.345982117872879,4.118176029102337,5.885999478884142,1.8288507483706147,8.671313362801724,-0.06107768360680188,-6.194807742635516,0.018235067690367302,5.714084112515147,1.074511834635363,7.328945981716892,0.7788937978146955,0.6894050458724041,2.2869107524142005,0.9386941625646477,0.8988540077072433,0.9709590411666558,0.5428571428571429,0.0,1.0,0.5988269907904972,0.5065360156282472,0.7167461834893981,0.0,0.0,0.0,0.34285714285714286,0.0,0.8571428571428572,0.7428571428571429,0.3333333333333333,1.0,1.0,1.0,1.0,22.40001071936828,19.748943257972048,25.630929399471732,29.39761083923174,25.918369221222623,33.637844971296666
Chronological >2018,Jsc,mA cm^-2,A x B domain,FA+MA+Cs / Pb (no Sn),1632,334,True,True,21.164351844935933,20.86950316700374,21.429718543135806,20.816180286565817,20.669793671316473,20.951516805569288,2.012988085550324,1.8319820570254495,2.1988538527127397,-0.34817155837011515,-0.601644734042285,-0.08681840668424448,3.037014682764871,2.6550652013659644,3.4154681003411396,0.03402865990667747,-0.07329600100164224,0.12322569536198284,3.0900447642125584,2.7039122098478625,3.5033165270779882,0.6514430175458308,0.6053145239300215,0.7065071341567238,0.5525048528722295,0.5249612159403819,0.5841900173555236,0.10384944396920444,0.07329325348075348,0.13574180633889601,0.3793813021509232,0.36107667931456155,0.3989200142684542,0.0,0.0,0.0,0.04400046061722709,0.02647329489932147,0.06562522817040065,0.9123958169242601,0.8884138190360382,0.934793517104705,0.945254296601602,0.9245546594008942,0.9632477447129765,8.02060355748122,7.667627491984135,8.421698818586624,10.526181662704138,10.062938446482178,11.0525761605979
Chronological >2018,Jsc,mA cm^-2,A x B domain,FA+MA+Cs / Pb+Sn,33,8,True,False,24.936797619047617,20.833545833333332,28.889095238095237,22.246860386403746,20.909419889706356,24.0634944000497,5.16215637417402,2.938886531565989,7.9500770261160385,-2.6899372326438753,-5.428982957331865,0.6510236515186663,6.859266241770409,3.683295306000029,10.087136806722578,0.1227976699034431,-3.448654538843557,0.3215768405296273,7.323653220034097,2.4877328976085744,10.946027469774009,0.7048608418613773,0.5750858822405432,1.9309093027646769,0.8939929790653532,0.8429109619407843,0.9327972807176405,0.2,0.0,0.52,0.6774886736772102,0.6372890123947941,0.7131411767500133,0.0,0.0,0.0,1.0,1.0,1.0,0.7160714285714286,0.44143217893217895,0.9666666666666667,0.9375,0.8,1.0,16.117893596514925,13.797857012157985,18.975136022832476,21.153006104983408,18.108206997778822,24.902830244558395
Chronological >2018,Jsc,mA cm^-2,A x B domain,MA (no FA/Cs) / Other/unknown,18,8,True,False,1.2684166666666667,0.5499916666666667,2.030688095238095,1.6996898067415822,1.2931160865780218,2.2092004957934046,1.0331528970295591,0.5017246046079957,1.7101446512152472,0.4312731400749155,-0.4247888766059184,1.3862360306323782,1.3252978069641557,0.5921864161925378,2.0038276059086715,-0.6665900171233927,-7.493086394727839,0.40081454299557523,1.0265948737073558,0.4279718203812521,1.2378536644206604,1.0063881317646952,0.6806956153834641,2.317302759474949,0.9006729983235657,0.8411001031195139,0.9513256531397352,0.375,0.0,0.7160714285714269,0.1831504495892043,0.07394280726547234,0.3177661974497878,0.0,0.0,0.0,0.125,0.0,0.4,1.0,1.0,1.0,1.0,1.0,1.0,6.982231983564434,4.980173540053455,10.344947866362125,9.163430375708904,6.535943463443996,13.576634196183592
Chronological >2018,Jsc,mA cm^-2,A x B domain,MA (no FA/Cs) / Pb (no Sn),4665,915,True,True,19.151066038058698,18.897291702671545,19.408840605459776,18.307209320876726,18.14731038060383,18.45895653031504,2.969077122063028,2.8390006271986503,3.10224924823457,-0.8438567171819701,-1.05743594500591,-0.6234346927555847,3.9467705999187825,3.740469744992954,4.16185543903846,0.18388645647482982,0.10070853954058778,0.2527101410340323,4.368844547284435,4.101513747495911,4.6403509275881465,0.6796023731053861,0.6477172163927064,0.7184523927098776,0.5448126479263681,0.5264362336865188,0.5648917855217271,0.09145903170011174,0.07527306065907977,0.1091534083097866,0.3810680560623145,0.36917485384422344,0.39217028411500954,0.0,0.0,0.0,0.0304027787634345,0.020584387043351745,0.04022309060835473,0.8984549084589575,0.8834549395749091,0.9129992673241101,0.9483758807774706,0.9379123947740232,0.9586860551629478,11.319570070927396,11.073565084362588,11.567926370800016,14.855721275383528,14.532866123654092,15.181662273564118
Chronological >2018,Jsc,mA cm^-2,A x B domain,MA (no FA/Cs) / Pb+Sn,10,2,False,False,25.13857142857143,,,20.066399893315307,,,5.072171535256126,,,-5.072171535256126,,,5.4229555811236,,,-13.072483964820508,,,1.4456084094488528,,,3.5086760025074306,,,0.8103689540989512,,,0.5,,,0.7268114694233818,,,0.0,,,0.0,,,1.0,,,1.0,,,14.347018475349921,,,18.828922500332602,,
Chronological >2018,Jsc,mA cm^-2,A x B domain,MA (no FA/Cs) / Sn (no Pb),20,5,True,False,10.607733333333334,5.578116666666667,15.159999999999998,10.462196050802211,9.054096257064709,12.150948516616458,4.810608289146197,2.170452285929087,7.844763490870149,-0.14553728253112225,-4.664941842875919,6.079799422615409,5.672464412358108,2.8389540307154553,8.261123317021184,-0.31915560253896147,-9.061683453718855,-0.0801890030699509,4.938826466097205,0.0,6.252487212295904,0.9740387361590517,0.7880169460366218,2.7362397350848764,0.921846017429375,0.8794215002701691,0.9692284245673829,0.4133333333333333,0.0,1.0,0.5842276625517824,0.5259570223201298,0.634745140418693,0.0,0.0,0.0,0.2,0.0,0.6666666666666666,0.9866666666666667,0.9555555555555556,1.0,1.0,1.0,1.0,23.035684697269467,21.032848195330047,25.013577092285395,30.23186473567329,27.603356705196607,32.82763630199128
Chronological >2018,Jsc,mA cm^-2,A x B domain,MA+Cs / Pb (no Sn),38,15,True,False,19.8145,18.312337239583336,21.426432291666668,17.171317452593723,15.863973859335392,18.37937796953028,3.6540580270705743,2.3718274904500865,4.985022442128021,-2.643182547406278,-4.328985187995571,-0.9267312080982671,4.6166086605473735,3.0681114370703138,5.906643212191358,-0.6038343603412166,-2.7835687557633784,0.12623671091071276,3.645384185667013,2.280436410793556,4.68568542031362,1.0023794039151388,0.7142846015978339,1.6067700465395363,0.7056303716326993,0.614113239703553,0.7912297999256102,0.06666666666666667,0.0,0.23076923076923078,0.46202830079757623,0.38185159616290504,0.5433306959676509,0.0,0.0,0.0,0.2,0.0,0.42857142857142855,0.9222222222222222,0.7691666666666667,1.0,1.0,1.0,1.0,15.584083759522388,13.195365953651221,17.978240465391885,20.452437964786423,17.31750212294659,23.594511779350803
Chronological >2018,Jsc,mA cm^-2,A x B domain,Other/unknown / Other/unknown,29,7,True,False,5.89684126984127,1.634340555555556,14.4523875,5.005666680933928,2.339106060637098,8.82862621108667,3.0085548597908107,0.9923630897287079,6.409345415484751,-0.8911745889073421,-5.285193823921628,1.8156643587751857,4.779394164357719,1.1776068427326274,8.40412302189249,0.682292764018738,-2.3692107626716408,0.7032218255889905,8.479286232139517,0.9100282799656884,11.895710779979495,0.3548122775225249,0.30916486008483823,1.566460242876097,0.9621081969787236,0.8977877063389069,0.9965428997464567,0.8571428571428571,0.5698412698412698,1.0,0.19488400539150774,0.10801657730301893,0.2916296049988224,0.0,0.0,0.0,0.4523809523809524,0.11000000000000001,0.7916666666666666,1.0,1.0,1.0,1.0,1.0,1.0,15.958969321358174,10.288186936541909,21.54447832941372,20.944435044348808,13.50214156550441,28.274816364919484
Chronological >2018,Jsc,mA cm^-2,A x B domain,Other/unknown / Pb (no Sn),56,14,True,False,7.412871504157219,2.8974900604686322,11.87231209372638,9.44143099999609,7.437588630275164,11.24298130456815,6.94308650103126,5.02061800257182,8.871153549599516,2.0285594958388744,-2.1575268816520845,6.273276198651934,7.8318196059361185,5.788106031262559,9.45101817642654,0.12395784218751515,-3.716243964058865,0.4228134482444606,8.367585765918644,3.6063024710159386,10.072770326727074,0.8297598250275008,0.6484157263708605,1.9011409498647913,0.9724566547273226,0.9596903998125235,0.9845241778863292,0.8333333333333333,0.6409722222222222,1.0,0.6403356189402991,0.5512219063735647,0.7115622243466293,0.0,0.0,0.0,0.5833333333333334,0.3333333333333333,0.8126041666666666,0.9523809523809523,0.8333333333333334,1.0,1.0,1.0,1.0,24.842055646418082,21.375118503420534,27.492050426357483,32.60253280631171,28.052549763411,36.080366644993504
Chronological >2018,Jsc,mA cm^-2,A x B domain,Other/unknown / Sn (no Pb),14,4,False,False,6.08875,,,11.177417481421486,,,6.4590738726869255,,,5.088667481421485,,,8.28131728292119,,,-2.6763440214209733,,,4.319081029281576,,,1.4954741133350096,,,0.9878125129889023,,,1.0,,,0.5347388191529158,,,0.0,,,1.0,,,0.75,,,1.0,,,24.094891573621407,,,31.621960121757585,,
Chronological >2018,Jsc,mA cm^-2,FA presence,FA absent,5712,1124,True,True,17.682055444949125,17.36264496547757,18.014566940324993,16.849476318434878,16.60229093064594,17.101112444034136,2.9189972218605353,2.7925541776988663,3.043908663655606,-0.8325791265142495,-1.0385564193862127,-0.638014416174032,3.9098807496382,3.7170970436074184,4.101085200193064,0.5123689464252879,0.4561879423069722,0.5628199682400757,5.59909497532598,5.3399505991612255,5.846849020789071,0.5213337574597207,0.493288634723433,0.5513191264698,0.6147478806832748,0.5974523759979125,0.6321438843720014,0.17306441204246326,0.15402100659056575,0.1928078813642104,0.3915935728100552,0.38108112222059054,0.40190298543495184,0.0,0.0,0.0,0.04633922020226186,0.03496423189654793,0.05729180036806273,0.9119998153616523,0.8997243557216282,0.9251080414527124,0.9568279440587757,0.9481862553620296,0.9655568221693878,11.81749202290278,11.56527953085889,12.076775106822108,15.509190416799001,15.178188580112911,15.84947164673902
Chronological >2018,Jsc,mA cm^-2,FA presence,FA present,3404,685,True,True,21.185981977457644,20.93770140167429,21.410085527840824,20.36927767292301,20.195355069984604,20.526008492200095,2.274988760468264,2.141688671105866,2.431324536459086,-0.8167043045346372,-1.0064239811265567,-0.6076234715705623,3.2871358544503266,3.041836854028413,3.5468297155884625,0.15765313489899357,0.03402438926286711,0.2768118899249168,3.581559508811683,3.28213563279517,3.9088314344707786,0.6351950190611455,0.5885046541524478,0.6818188898446171,0.6430231955843481,0.6226164806258919,0.6647471346338872,0.14411292681365676,0.12112556037136024,0.16990524102351884,0.4267870701739261,0.4140248734822173,0.4409462018713631,0.0,0.0,0.0,0.07163614163614164,0.05523980418026701,0.08982058067841917,0.9237470761193389,0.9074522801575886,0.9386251763708742,0.9600735679567797,0.9476922528256546,0.9712063836718354,9.735201245258734,9.391431828083382,10.116309692171995,12.776407173870835,12.325246695817473,13.27657112246273
Chronological >2018,Jsc,mA cm^-2,MA presence,MA absent,1593,320,True,True,14.551695176381362,13.882881110551665,15.213242887832582,13.580775327096172,13.024033322781642,14.11897484916124,2.7970726526423335,2.527090208700692,3.067076713816724,-0.9709198492851876,-1.342791927109342,-0.5778182591803361,3.849491714487637,3.4623242669692735,4.197732312716305,0.6576823720369673,0.5930298769455958,0.7232725227793578,6.5794373691312735,6.1842978643920175,6.945639592249763,0.4251233799664012,0.38647503604779365,0.46868357535238153,0.8773003526092074,0.8629097481890671,0.8914282970223906,0.4432233797722412,0.39421373946349086,0.4934773575223681,0.4769296534882363,0.45759955168037614,0.4952505156916545,0.0,0.0,0.0,0.11634650735294119,0.08543552157067011,0.14966198218742513,0.9627238343253968,0.945812140061504,0.9779814602893997,0.9864843750000001,0.9762097121921757,0.9954810025686761,14.025269062457886,13.392993831765514,14.706017796565925,18.406660915440906,17.57686751006953,19.300070593468604
Chronological >2018,Jsc,mA cm^-2,MA presence,MA present,7523,1460,True,True,19.893777530356637,19.673345485775716,20.103381542991983,19.141664417566727,18.98916089610757,19.287770170097215,2.6671154907211276,2.566069741376205,2.769824657182539,-0.7521131127899107,-0.9015597315603782,-0.5917585912414377,3.6874927876740022,3.5053667769782364,3.859743696536047,0.30560762234838934,0.23077739308031936,0.36913113774988154,4.425157239014941,4.158143521157791,4.6807736735532055,0.6027165469299435,0.5732766073457943,0.636654074418992,0.5719231338881511,0.5565635201236316,0.5866088323631249,0.10288369668204478,0.08873641721713209,0.11772769576031562,0.38877027930294694,0.37950333201469255,0.39769910392846924,0.0,0.0,0.0,0.04159573683546286,0.03280786146452289,0.05033972286612297,0.9040034079186167,0.8922585291601163,0.9151875403524464,0.9511030676766669,0.9424973255143516,0.9597377483183794,10.374267598999003,10.173797473158487,10.587517571418156,13.615113199643355,13.352017667315973,13.894980909493814
Chronological >2018,Jsc,mA cm^-2,Cs presence,Cs absent,6220,1211,True,True,19.34890832956898,19.067162801467646,19.599865041478534,18.45444628202372,18.26413005627096,18.651184482279454,2.879473317556902,2.7629288856325065,2.999532071955201,-0.8944620475452607,-1.0774097940151326,-0.7074343529342106,3.895884677659618,3.712015290323084,4.077191187674885,0.3713603983152025,0.28995496549707067,0.4363384049892457,4.9136613852065265,4.5990006665774645,5.204821868710955,0.5860137872394059,0.5535630176972839,0.6229130128809466,0.5896256507187478,0.5731207750017023,0.6060707160646059,0.12501902692090155,0.10908865800814466,0.1424851168507041,0.39486529359269207,0.3849125449300315,0.4048219686432578,0.0,0.0,0.0,0.04988358279027148,0.03874334162555403,0.06141713795872063,0.9074513542545785,0.894874494022229,0.9201640874648246,0.9557381973545929,0.9477155682838636,0.9637306475190303,11.35191607864537,11.118627045049399,11.609310261108234,14.898171940207249,14.592005112492984,15.235974189640238
Chronological >2018,Jsc,mA cm^-2,Cs presence,Cs present,2896,587,True,True,18.332538645980236,17.87125885604714,18.757387437154033,17.63006795629203,17.21623709363439,18.027669788777168,2.225989926678581,2.0852824528944223,2.383274408398985,-0.7024706896882025,-0.908365502556318,-0.5018292568600671,3.188668414669153,2.9426907482723004,3.451647980656047,0.6960160942098704,0.6361516406543845,0.7465850491573308,5.78341110399348,5.397531295279076,6.133256381619433,0.3848922178714776,0.35487284447171075,0.419145272165527,0.6937461521600989,0.6715411301321181,0.7167809166768125,0.23759018105969282,0.20495639286430897,0.2707769028886816,0.4201612086611417,0.4047610441048388,0.4351801265489859,0.0,0.0,0.0,0.06719540522276268,0.049513859981857714,0.0867559612407716,0.9342350201379163,0.918972689377088,0.9495688647116842,0.9636871882612938,0.9514365658459283,0.9747734423799782,10.185551611859847,9.786443857384823,10.591715932292749,13.367443713295232,12.843657604620224,13.900490807712167
Chronological >2018,Jsc,mA cm^-2,Pb presence,Pb absent,250,55,True,True,9.862875555555556,7.616273065009967,12.12131129014991,9.155304489245122,7.460590232749596,10.950508610998366,3.310101117187341,2.4607960472342008,4.256896234995807,-0.7075710663104336,-1.8129392355716802,0.3826777122393764,4.90004263204436,3.7589454178526776,5.996265901370707,0.6785043714628756,0.5320773195526164,0.7938902828053102,8.641961406877932,7.662697631834403,9.338972610323536,0.3830266025665088,0.2997706681587698,0.48028244197003417,0.9397728600277258,0.9200120132124722,0.9592701677695473,0.6937741046831956,0.5763502358490566,0.8112781057614319,0.4056788739161315,0.35306337104565927,0.459900853210147,0.0,0.0,0.0,0.26793388429752063,0.1628219696969697,0.38542325831847885,0.9166942148760331,0.8497729282212041,0.9736890227135236,0.9666666666666667,0.9242266414141415,1.0,15.104463962685118,13.303428110216146,16.85702798631782,19.822988438406416,17.459322109773517,22.123040692088793
Chronological >2018,Jsc,mA cm^-2,Pb presence,Pb present,8866,1680,True,True,19.287279967262428,19.066724434466664,19.498096610586046,18.472342349912278,18.28604953384156,18.63676401440733,2.656141135773929,2.5655775419832927,2.7537831906850894,-0.8149376173501486,-0.9569630871118097,-0.673105966527766,3.648632421383154,3.49154139622651,3.804121093262138,0.4189282625561024,0.3665209300066689,0.46712017454867305,4.786468847649938,4.587287572550013,4.984234958309406,0.5549270705225715,0.5320829028687201,0.5814083962346137,0.6122428446426285,0.597949531673713,0.6264496762180767,0.1435342273563044,0.1289573000850166,0.1597033983920944,0.40269467944581483,0.39412065224113985,0.41159105016973585,0.0,0.0,0.0,0.04716889222666533,0.038386203313668404,0.05543218839091123,0.9142091240327578,0.9044012826220272,0.9239044345713604,0.9569534948240036,0.9495927234107513,0.964344864859042,10.816724382786894,10.613064692920313,11.026331550419563,14.195790258504214,13.928508765591374,14.470877177897998
Chronological >2018,Jsc,mA cm^-2,Sn presence,Sn absent,8863,1685,True,True,18.957097942190543,18.722294737121544,19.18162014781259,18.19063149406816,17.986535868442555,18.377716342997793,2.6127656306663987,2.520763223538923,2.706919178261561,-0.7664664481223826,-0.9094911025396519,-0.6187397347313868,3.5970992995633826,3.4411131822434866,3.7525505187168684,0.504796674552643,0.45076415313115104,0.552508806303503,5.111644598563701,4.877573484677527,5.340839882794285,0.5111399238124944,0.4854144348227316,0.5382594380386001,0.6139772681269796,0.5998647397941997,0.627485228257215,0.15114985279441623,0.13635284555757232,0.16712570774504412,0.3971231152959836,0.38860542233512757,0.4063420448459902,0.0,0.0,0.0,0.04539687770967226,0.03671997986670092,0.05425692552979183,0.9154754244983946,0.9060742742382548,0.9252031004977128,0.956784493355683,0.9493695074271641,0.9643179096581728,10.747812815171654,10.543783118042235,10.957502438273925,14.105351219324534,13.83758413157619,14.380546352675772
Chronological >2018,Jsc,mA cm^-2,Sn presence,Sn present,253,55,True,True,20.318755353535348,18.46040758859034,22.13544917645846,17.8975327178608,16.57737261683022,19.261750408807718,4.726442934287659,3.8912081432520593,5.538290583984519,-2.4212226356745536,-3.6027038939920555,-1.1519964778595242,5.999954829791495,4.967217625185919,6.886312897918869,0.4163472962245579,0.1850485740928471,0.5610099175379686,7.853635299012419,6.450251895265192,8.968485269366772,0.6018159431062455,0.515593762335178,0.7186101841712975,0.9025581488022495,0.8806480454846338,0.9263778848050376,0.4657943067033976,0.3533135583778967,0.5962164662349675,0.5945729163816026,0.5652215065061993,0.6245136298324301,0.0,0.0,0.0,0.3270247933884297,0.21184909318244965,0.4539161915911636,0.8764056145874328,0.8040758262901121,0.9428432415422323,0.9757575757575757,0.9462344913151365,1.0,17.391867938651025,16.316367099703125,18.605010549681186,22.824960748152417,21.413481284291286,24.41708027069878
Chronological >2018,FF,percentage point,A-site pattern,MA (no FA/Cs),4713,928,True,True,65.89016935448828,65.20737608223557,66.6025677677161,64.91573538713085,64.55310898767223,65.28621087068366,8.08631513015051,7.729187654076254,8.438407979106776,-0.9744339673574297,-1.5765070918655621,-0.38242319502749555,10.722109507789304,10.161109215579263,11.253673043540669,0.17522250160284347,0.1222473032315259,0.2276886182362992,11.80624622703624,11.28313579093039,12.277093192325083,0.6849183876610071,0.6639144229597103,0.7077338607105039,0.5504576319257666,0.5314579913222456,0.5705228237251004,0.09563758693132425,0.07914032991566351,0.11333494307483451,0.3805990593607801,0.36897621128205815,0.3920023401512857,0.0,0.0,0.0,0.032132050181619146,0.022126798650050433,0.0427476591627108,0.8864218174588745,0.8711768660553872,0.9019639113828334,0.9356822552968985,0.9235654386816874,0.9469282826119402,30.048664795092456,29.550743817753265,30.500973470239742,38.7324981542374,38.09068183836247,39.3155205628786
Chronological >2018,FF,percentage point,A-site pattern,FA (no MA/Cs),301,62,True,True,64.58333389191452,62.37086748481358,66.84660863745445,61.04524077754798,59.748094433676116,62.301767220067646,8.212237391237974,7.144862276172905,9.418600619043767,-3.538093114366562,-5.491828139023953,-1.4612081321484671,9.928544226651274,8.723678473856536,11.236403104376025,0.053625806244587126,-0.26172272997088675,0.23486901002334898,10.20596630343941,8.640155304019222,11.466211772155997,0.8046506471876602,0.7182518910088206,0.9311095890262072,0.8339259841683823,0.800372792822959,0.8702910090636106,0.3635386119257087,0.2551251926040062,0.4864929221795419,0.497217009630569,0.45451021898058097,0.5380280937114721,0.0,0.0,0.0,0.14408602150537636,0.0703125,0.2264667277167277,0.8777126099706745,0.805052821343805,0.9372955005520796,0.9541788856304986,0.911991463382749,0.9875145948734658,32.63071825232828,30.697828679449735,34.66705027218827,42.06074523105467,39.56926541574887,44.68556156610604
Chronological >2018,FF,percentage point,A-site pattern,Cs (no FA/MA),862,174,True,True,66.86088052198043,65.3146774594558,68.36286180634697,62.37115338919554,61.537818856159014,63.207946427246156,9.238231693663883,8.563086493734266,9.980937995707952,-4.489727132784901,-5.786258171262905,-3.1281273173452506,11.123845544798053,10.352253904461719,11.979732196744969,0.1221349005231922,-0.11640696282750879,0.2782555992702473,11.872469382876567,10.290914846639664,13.386262243620106,0.778122174565302,0.6989638553515102,0.8916835159095858,0.9137026790824119,0.9001350606249438,0.9272775220127901,0.5181784789060848,0.44797000188964475,0.585206173284657,0.43524401957342407,0.4094273173307944,0.46080988434573744,0.0,0.0,0.0,0.04490928555330178,0.01858670238537899,0.07305459574805045,0.9263706440430578,0.8948461385958878,0.9547765875986742,0.968894818463784,0.9478431180928014,0.9859780879823253,34.88955564661153,33.75190637590037,36.11062891428536,44.97236928494899,43.50594811187957,46.54632334942673
Chronological >2018,FF,percentage point,A-site pattern,FA+MA,1107,255,True,True,70.81541779353543,69.8474032309976,71.68316688920572,68.70685875878924,68.14125458278404,69.2581914574699,6.488388756191435,5.984992027677257,7.0607030050411055,-2.1085590347461953,-2.9494690188435637,-1.2503085199069301,8.516349839091495,7.665781483804614,9.37842480464642,0.05958761427364967,-0.10086129245978538,0.19057805561384433,8.782018004102877,7.7308258443473585,9.86226926192148,0.7388266288181282,0.6780840498754936,0.8156102974463478,0.6662906658859135,0.6349276069403362,0.6949014265132869,0.1182826976944624,0.0830397487160717,0.1548305019895929,0.4339444631352514,0.4123006534009514,0.45409129981168755,0.0,0.0,0.0,0.05158730158730159,0.029663154514061003,0.07721770783785213,0.9325290722349546,0.9079975748242237,0.9522850014240352,0.9640297502062208,0.9459216452147756,0.9780523281424307,26.80537484569102,25.898539749985446,27.74672469683237,34.55192231715846,33.38301884307297,35.76531504593551
Chronological >2018,FF,percentage point,A-site pattern,FA+Cs,331,72,True,True,70.0997324036938,68.01255541800067,71.812372873699,67.6476497204822,66.59444311295557,68.54954053491076,7.871834826419306,6.8368848786482985,8.92492903522077,-2.452082683211602,-4.085388750963301,-0.5617152790841143,9.827837390665248,8.258621494900277,11.587004479161262,-0.006208672004629712,-0.3168877120016424,0.2300532242166243,9.797469815029938,7.821474327434224,11.665568307786245,0.8034558896362624,0.7110497492653405,0.9532862379215449,0.8043489222494048,0.7648135740804285,0.8452777558487695,0.2222222222222222,0.13549999999999998,0.3172817938420348,0.5494571541217721,0.5223638365901034,0.5785031980251829,0.0,0.0,0.0,0.10509259259259258,0.045659436834094375,0.1769256756756757,0.9163773148148149,0.8668432835820895,0.9639791828604741,0.9491319444444445,0.9134123508261933,0.982264617983368,29.680516689677958,27.89791676519252,31.749318483940392,38.25795807364846,35.96020046093242,40.92462769854439
Chronological >2018,FF,percentage point,A-site pattern,MA+Cs,38,15,True,False,68.18,63.503574561403504,72.45993055555554,64.3796174729102,62.28960373572911,66.5188593079043,8.246536329727553,6.140784206307474,10.797271258637638,-3.800382527089799,-8.177121177162663,0.758013373090319,9.980727114199835,7.433036122307693,12.266650714786657,-0.1822771272502559,-2.3674923194785444,0.2520662029695653,9.179151497944767,5.374357808517496,11.62548213558353,0.898398542781865,0.6989765544655879,1.5665156112217637,0.7056303716326993,0.614113239703553,0.7912297999256102,0.06666666666666667,0.0,0.23076923076923078,0.46202830079757623,0.38185159616290504,0.5433306959676509,0.0,0.0,0.0,0.2,0.0,0.42857142857142855,0.9666666666666667,0.9110897435897437,1.0,0.9777777777777777,0.9285714285714286,1.0,33.388161620747695,30.35130761642482,36.37404730513931,43.037083915961425,39.12260242670954,46.88586763224656
Chronological >2018,FF,percentage point,A-site pattern,FA+MA+Cs,1665,342,True,True,70.4172174727537,69.56925880716815,71.23907160086961,69.4394718534377,69.03855255778456,69.82867641956888,6.7346948070461305,6.217531538835072,7.2544186639746595,-0.9777456193160055,-1.7615639759156323,-0.13431643187939424,9.55557771310859,8.734964112081286,10.416822322741528,0.056315766997809824,-0.030972683931982513,0.12594721527191677,9.836568018257799,8.877468564532377,10.774867110569552,0.6846589983971813,0.6475560916818585,0.7303501600953731,0.5604928792159284,0.5324288704117012,0.5938391973785745,0.1060985797827903,0.07420127148492534,0.13996405588139454,0.38635457399949136,0.3674806655287242,0.4064396254744743,0.0,0.0,0.0,0.06636302294197031,0.04288549542379626,0.0914096144010358,0.8970349326837975,0.8725273047104181,0.9194893563006249,0.9381369889045329,0.9168142193091282,0.9558952780254206,24.840627530166305,23.981779801987184,25.687168325463936,32.01937811624167,30.91232999036616,33.11056270014729
Chronological >2018,FF,percentage point,A-site pattern,Other/unknown,99,25,True,True,48.671312169312166,43.16060597572362,54.10681368102796,51.56941157885373,48.58905038501583,54.172568613811684,12.700487673015102,9.926424560375612,15.344237485841704,2.898099409541562,-2.391821913027101,8.232109625124618,15.003503114342607,11.73335465747689,17.784610095577456,0.08098395275738202,-0.44046351579128246,0.3473101483492406,15.650604811847522,12.181293836920075,18.098830107868185,0.8115013972751277,0.6837084783199068,1.031691682070372,0.9720160238795676,0.9525485759767239,0.9865607023459203,0.8666666666666666,0.7333333333333334,0.9753086419753086,0.49871367918065623,0.3994431318437083,0.5818874710613114,0.0,0.0,0.0,0.6133333333333333,0.4332954545454545,0.7803606719367587,0.8781481481481481,0.7719027777777777,0.9621422558922558,0.9325925925925926,0.8564774904214559,0.9919568572195384,40.86563617722955,38.47838033990353,42.780172478778354,52.67549119403095,49.59833675327776,55.1433137835415
Chronological >2018,FF,percentage point,B-site pattern,Pb (no Sn),8768,1660,True,True,67.8874571826707,67.4480639310256,68.32339753535288,66.30986612049459,66.06723992194154,66.56761191018744,7.7508554987707425,7.516120843568681,8.015872291005655,-1.577591062176095,-1.981441948698943,-1.1750791317382476,10.268006599657834,9.921376508667521,10.661229425193994,0.1158756666447126,0.0728709371542026,0.15376238038265128,10.920171710199135,10.521602621039742,11.313703644888182,0.7097741413289006,0.6915502452933024,0.7305800188788848,0.6088701295991095,0.5946852252024796,0.6227470985278081,0.14167921804734418,0.12646864046489825,0.1569259577056214,0.39966281816430005,0.39103762593513314,0.40869762516730096,0.0,0.0,0.0,0.042767312614938414,0.03435374828577282,0.051179739846937765,0.8981951893438644,0.8866286689986181,0.9093030982455351,0.9426052632844132,0.9347568055315505,0.9506100804772879,29.07979705427604,28.665817440490205,29.435223830711163,37.48363507700006,36.950018534095626,37.94177746223138
Chronological >2018,FF,percentage point,B-site pattern,Sn (no Pb),155,30,True,True,55.44340014430015,50.83580460472068,59.88778950565564,53.659715394018434,51.26060473284338,55.98806757396679,8.457940295039972,6.751462228284941,10.212217631669825,-1.7836847502817157,-5.071625605874291,1.3729362848186486,10.618092991566943,8.35179109177484,12.729766239839023,0.42313978743861014,0.05322689225454845,0.5748385618116757,13.980130701166647,10.607796937600057,16.56755950774037,0.6049972261227968,0.5168162944141561,0.7849297498296381,0.9286741880695288,0.8995616993077618,0.9561306737296311,0.6219191919191919,0.4571094877344878,0.7929859833149308,0.5533388981464338,0.5130082139878432,0.5923416230473009,0.0,0.0,0.0,0.30787878787878786,0.1611996753246753,0.4714972882231405,0.855050505050505,0.7229017390655321,0.9542449737762237,0.9691919191919192,0.9185660173160175,1.0,33.93268979643526,30.634914539842185,37.22310902661626,43.73897655257513,39.488169572960444,47.98030167063719
Chronological >2018,FF,percentage point,B-site pattern,Pb+Sn,98,25,True,True,71.38716507936508,68.98972530057027,73.72778080618212,66.31427250186229,64.77725326040793,67.68069803988523,7.345665018311636,5.699769093976287,9.00344653296266,-5.072892577502789,-7.620612063932359,-2.8987938155410817,8.863379746181293,6.945758097835013,10.50414377523473,-0.48880954568984025,-1.826953665934904,0.07088911238614218,7.264066050241656,5.621995376610769,8.399736725608328,1.0112332359735723,0.7855706282994317,1.4550153150302592,0.8712189016815144,0.8343566253335741,0.9044512936217471,0.27844444444444444,0.1279851851851852,0.4608858919305779,0.6440537382638053,0.6044168843991545,0.6815772573295195,0.0,0.0,0.0,0.35,0.15616319444444446,0.5384615384615384,0.937,0.881556519138756,0.9841136363636362,0.992,0.9727272727272727,1.0,29.262718742681642,25.694364506371077,33.09572239704921,37.71941972855959,33.119838522071625,42.66013200247813
Chronological >2018,FF,percentage point,B-site pattern,Other/unknown,95,25,True,True,49.19939682539683,44.23285643424037,55.12575447395349,48.309106145557735,45.910171812428324,50.63993494874893,10.641449949325429,8.19697006312943,13.39429159734168,-0.8902906798390873,-5.763398973034327,3.6248072322330933,13.261532855008685,10.187337884220149,16.22953914067182,0.17122929263627595,-0.25941254730726493,0.4192620342749424,14.567214971199267,11.295997249458727,16.98174553702586,0.7305068244248857,0.6266395660002484,0.8926278167679764,0.9530912663775625,0.9238430810977728,0.978520862614018,0.78,0.6190476190476191,0.9333333333333333,0.22848684483976886,0.18153790410877332,0.2783283725348025,0.0,0.0,0.0,0.22,0.07772727272727271,0.3788009404388714,0.8955555555555554,0.8178902116402116,0.9606597222222223,0.9466666666666665,0.8777536231884058,1.0,38.618613975346186,36.30986751027816,40.98011287302667,49.77909683240219,46.80314036955617,52.8230507757595
Chronological >2018,FF,percentage point,A x B domain,Cs (no FA/MA) / Other/unknown,48,12,True,False,48.3297619047619,39.60820833333333,56.63827380952381,51.149705065476525,48.42782123404749,53.561463590282344,10.97752252308486,7.915512477581821,14.49079743532833,2.8199431607146206,-4.093689509535571,9.988650607210067,12.969291718477633,9.266477723880982,16.548044698855932,0.21065370664778738,-0.7392511537866786,0.46646000875959037,14.597634047494848,10.428061498375923,16.48494933592883,0.7520069682092593,0.6352380370454791,1.1471771615078985,0.9846172430275572,0.9805180753564156,0.9877090165299132,1.0,1.0,1.0,0.2590311260281437,0.21579777274962936,0.30183181731195535,0.0,0.0,0.0,0.1111111111111111,0.0,0.27797619047619027,0.861111111111111,0.6666666666666666,1.0,0.9722222222222222,0.9047619047619048,1.0,35.80819923525775,32.62468415310241,38.68203716213449,46.15649381574854,42.05296732349298,49.86084883309726
Chronological >2018,FF,percentage point,A x B domain,Cs (no FA/MA) / Pb (no Sn),807,159,True,True,68.67622264969047,67.3662618648954,69.89773111609406,63.414747571083616,62.67798312780543,64.1548375821641,9.109201629075148,8.420580216343527,9.874039385231178,-5.261475078606852,-6.4744113711441535,-4.014161587259128,10.895460854829993,10.120011936980946,11.720065946712035,-0.2581236265266922,-0.544149352378105,-0.0405837296434223,9.713683429563236,8.62957950574962,10.737202544491923,0.9377700740536417,0.8444787385766458,1.050032593396872,0.9072991904732137,0.8933087512919735,0.9213110362486852,0.4769164905429272,0.40643748969023463,0.5478279409882233,0.4464556730890056,0.4194996550275794,0.4728729583352414,0.0,0.0,0.0,0.04076026637069922,0.014323755432618442,0.06855725561278611,0.9320030947389437,0.9021420384173456,0.9581951950187968,0.9701532394928621,0.9492627996464638,0.9873607610633917,34.76029331831561,33.53611945107435,36.0605164180864,44.80575113647964,43.227800422971356,46.4817287266784
Chronological >2018,FF,percentage point,A x B domain,Cs (no FA/MA) / Pb+Sn,2,1,False,False,61.5,,,58.94210824914512,,,3.278395181352572,,,-2.5578917508548713,,,4.158206966254465,,,-0.41148450401696324,,,3.499999999999935,,,0.9366843375293236,,,0.9634024689305457,,,1.0,,,0.5345608711916539,,,0.0,,,0.0,,,1.0,,,1.0,,,40.786462164545725,,,52.57343649971918,,
Chronological >2018,FF,percentage point,A x B domain,Cs (no FA/MA) / Sn (no Pb),5,2,False,False,36.40833333333333,,,48.44862844143141,,,12.04029510809808,,,12.04029510809808,,,17.6063738493068,,,-0.45494491424890393,,,14.596429833657579,,,0.8248794565048115,,,0.9724427449187414,,,0.6666666666666666,,,0.5515365005472657,,,0.0,,,0.0,,,0.8333333333333333,,,0.8333333333333333,,,36.70559595529261,,,47.31323129607897,,
Chronological >2018,FF,percentage point,A x B domain,FA (no MA/Cs) / Pb (no Sn),200,41,True,True,66.04537324464154,63.165074352911894,68.64846992337164,62.913499159936705,61.78067629594608,63.960258607685276,8.169585096221773,6.80150418441172,9.629276834337503,-3.131874084704834,-5.431187882665652,-0.46025446932234115,9.897570095611965,8.326382702190468,11.445320859687452,0.04364568166146343,-0.3558042703662291,0.24375728305691252,10.120900949079214,7.999585915247414,11.81609315982742,0.8071993923589412,0.7100254244307681,0.9750721185379325,0.7924063547953852,0.7449872644464561,0.8375479825226209,0.24634146341463414,0.13417857142857142,0.3744812164579606,0.4778359836761236,0.42182449001156513,0.5338378643999007,0.0,0.0,0.0,0.13008130081300814,0.03698830409356725,0.22525698775698774,0.8864005912786401,0.8107738442113442,0.953498526936027,0.9451219512195121,0.8841441322021916,0.9910146033129904,33.512383775545096,31.278167981948823,35.77289629004002,43.19720531949852,40.31731831980164,46.11098859048115
Chronological >2018,FF,percentage point,A x B domain,FA (no MA/Cs) / Pb+Sn,1,1,False,False,79.3,,,62.641265194627,,,16.658734805372994,,,-16.658734805372994,,,16.658734805372994,,,,,,0.0,,,,,,0.9747703562076562,,,1.0,,,0.6732200008312897,,,0.0,,,0.0,,,1.0,,,1.0,,,38.9070260129876,,,50.15085773398576,,
Chronological >2018,FF,percentage point,A x B domain,FA (no MA/Cs) / Sn (no Pb),100,20,True,True,60.85031991341992,57.274928191094624,64.43385797412905,57.13550987279713,54.50685242279102,59.50330401226862,7.877349725314434,6.096132169611154,10.073040207124366,-3.714810040622782,-7.268360592993998,-0.2569316148501354,9.53352064438939,7.349683811731291,12.019567641256627,-0.08499538316239286,-1.0379311812853398,0.26737108881991584,9.152492175060159,6.737438314334185,11.01601844929186,0.8606781163691797,0.7153817840744633,1.1767822517622157,0.9119990057810625,0.8704965723092827,0.9496809771614758,0.571969696969697,0.35769087938205585,0.79630439005439,0.5281479632771457,0.46967645870208313,0.586951408421863,0.0,0.0,0.0,0.18,0.047619047619047616,0.3381428571428571,0.8537878787878788,0.6893465909090909,0.979812834224599,0.9704545454545455,0.9115530303030304,1.0,30.50948854170083,26.38459206559718,34.462892037975564,39.32649642459823,34.009536545129706,44.42240317009281
Chronological >2018,FF,percentage point,A x B domain,FA+Cs / Pb (no Sn),328,71,True,True,70.13869577088197,68.02913102733416,71.85276359729566,67.63459343837793,66.59372491278248,68.5492230333712,7.946397359535896,6.894287007488693,9.032510496456908,-2.504102332504051,-4.230325532993723,-0.5758387919924847,9.889803793289175,8.31754945527763,11.658718646527156,-0.007114479863945089,-0.3200698360040485,0.23040017329817444,9.85480999998426,7.828603354081691,11.7261375093808,0.8063470893450597,0.7135113046910588,0.957702171669328,0.8030072463890238,0.7632170174416565,0.8443427347547284,0.22535211267605634,0.14097222222222222,0.3242578325629173,0.5465841638794836,0.518190685747578,0.5751261328122117,0.0,0.0,0.0,0.10657276995305164,0.04567858954845256,0.17889102564102566,0.9151995305164318,0.8656346176609849,0.9631482683982683,0.9484154929577465,0.9122563502673796,0.9820043981481482,29.805880930171465,28.010043712473426,31.780371090812054,38.41955161687689,36.10473123486908,40.96465427032528
Chronological >2018,FF,percentage point,A x B domain,FA+Cs / Pb+Sn,3,1,False,False,67.33333333333333,,,68.57464574988559,,,2.577894975141419,,,1.2413124165522618,,,3.1362981390531,,,-0.19631478585469053,,,2.867441755680946,,,0.8990226113692178,,,0.8996079083364507,,,0.0,,,0.7534394613242444,,,0.0,,,0.0,,,1.0,,,1.0,,,20.77965561463886,,,26.78481650443037,,
Chronological >2018,FF,percentage point,A x B domain,FA+MA / Pb (no Sn),1042,237,True,True,71.02270355991874,70.04027130551712,71.91778493203245,69.09770223452499,68.59607648159744,69.60012719225766,6.47032816150286,5.9653250421933555,7.072079640223768,-1.9250013253937655,-2.74598639010807,-1.026492609051159,8.54338186049946,7.661506510174512,9.462328197557081,0.03124372565771083,-0.11956595879874451,0.1548779518317371,8.680056541165401,7.583154840691706,9.757110683246918,0.7454246560281209,0.6859644102835201,0.824626190941011,0.6505635609778985,0.6179544395873634,0.6797282372401163,0.10585101724342229,0.0680194143821614,0.14262504352306768,0.42086899307771414,0.3981084780076959,0.4419839700926906,0.0,0.0,0.0,0.04405264215390797,0.022908106523787615,0.06832836548273928,0.9351804665095805,0.90992908513435,0.9552150803825804,0.9612978325003642,0.9410562327813121,0.9764275581302477,26.579549603318675,25.59236524610827,27.520700203959514,34.260835314024945,32.988362258923054,35.47397121043704
Chronological >2018,FF,percentage point,A x B domain,FA+MA / Pb+Sn,49,14,True,False,72.49503968253968,70.08562268518519,75.03284143518519,67.604517197097,65.70144086360055,69.2153821645866,6.695105927798616,5.05981793090957,8.552941995572706,-4.890522485442682,-7.700835423469932,-2.0925261973118325,7.877813142568787,5.894689762578589,9.616627460719496,-0.9143941716783999,-3.9637204501789745,-0.09207227688520198,5.693639865592134,3.7269990019894976,6.871010275258582,1.175892063047147,0.886402047321239,1.9178549779614094,0.8484108675959956,0.7972915961554828,0.8973934440837991,0.16865079365079366,0.007936507936507936,0.37513888888888874,0.6108764531901405,0.5560148469338274,0.6668686458589925,0.0,0.0,0.0,0.07142857142857142,0.0,0.25,0.9500000000000001,0.8727272727272727,1.0,1.0,1.0,1.0,25.757087501916356,21.488818714286165,31.017921580126973,33.200687981631724,27.69892229367091,39.98186270648408
Chronological >2018,FF,percentage point,A x B domain,FA+MA / Sn (no Pb),16,5,True,False,57.74071428571428,49.0125,65.47619047619048,53.3360951791494,48.19319477308772,57.68446231276491,7.274609230104443,3.8294378764322197,12.5195422415216,-4.404619106564885,-11.84682714087838,0.585981688494158,9.155534649656945,4.510497638833946,13.590872604311267,0.17071680391666533,-4.92846631801891,0.7270803801191548,10.053847141613934,2.5332879697970285,12.606185043879972,0.723564733741979,0.47482870020964846,2.282304178190703,0.9386941625646477,0.8988540077072433,0.9709590411666558,0.5428571428571429,0.0,1.0,0.5988269907904972,0.5065360156282472,0.7167461834893981,0.0,0.0,0.0,0.34285714285714286,0.0,0.8571428571428572,0.7714285714285715,0.3333333333333333,1.0,1.0,1.0,1.0,39.27761726769269,33.26083549750508,44.614741876436746,50.62854701524747,42.872961520936194,57.508059648064204
Chronological >2018,FF,percentage point,A x B domain,FA+MA+Cs / Pb (no Sn),1632,334,True,True,70.3694405316962,69.52630222371873,71.1947641615063,69.53283155700626,69.13585824710742,69.91919417374581,6.687946546497413,6.176108599649861,7.195813783731472,-0.8366089746899377,-1.6252876329839037,0.005748066738281202,9.542039888685375,8.675481652148504,10.40517726075751,0.06426466926350505,-0.018603926324135663,0.13150803452634174,9.86426461471505,8.885313578414104,10.821749486760044,0.677997479560782,0.6421534432277403,0.7214363681113249,0.5525048528722295,0.5249612159403819,0.5841900173555236,0.10384944396920444,0.07329325348075348,0.13574180633889601,0.3793813021509232,0.36107667931456155,0.3989200142684542,0.0,0.0,0.0,0.04400046061722709,0.02647329489932147,0.06562522817040065,0.8968890628079603,0.8720132983613961,0.9196424745922155,0.9372540425309888,0.9151089063239478,0.9555401836615093,24.67794552913697,23.838247892744242,25.509142833440812,31.809682266274137,30.72731846164312,32.88108920812315
Chronological >2018,FF,percentage point,A x B domain,FA+MA+Cs / Pb+Sn,33,8,True,False,72.41190476190476,66.29104166666667,77.24204695767196,65.54170422945043,62.36281779645531,68.47584962368879,8.686434684955014,5.333456432943739,11.841341171272116,-6.870200532454337,-11.336538984835165,-2.0379759266785356,10.104608776718647,6.164586048566534,13.00861474727903,-0.46063432593778875,-16.300559548640354,0.48895766272330937,8.360817661396492,2.462699700116286,10.177295652851456,1.0389455956038796,0.594051822400687,3.9708755628888124,0.8939929790653532,0.8429109619407843,0.9327972807176405,0.2,0.0,0.52,0.6774886736772102,0.6372890123947941,0.7131411767500133,0.0,0.0,0.0,1.0,1.0,1.0,0.903125,0.7928571428571428,1.0,0.975,0.9142857142857144,1.0,31.63260107314111,24.55833460728806,39.37380174470883,40.774179852386226,31.655504706594485,50.75252806744725
Chronological >2018,FF,percentage point,A x B domain,MA (no FA/Cs) / Other/unknown,18,8,True,False,45.79375,40.83016666666667,52.0,44.58749111541504,40.41440892470308,48.21494767705806,8.07563691093794,4.332403998582337,13.998385435586227,-1.2062588845849624,-9.891905412904004,5.189485835333287,10.8780212757049,4.7650768715162934,17.607113958112457,-0.6324247680745123,-3.691930893181316,0.1960518899057546,8.51399353637879,2.86423611579103,11.93767783254599,0.9485133946170115,0.7982023178577978,1.8872219335156695,0.9006729983235657,0.8411001031195139,0.9513256531397352,0.375,0.0,0.7160714285714269,0.1831504495892043,0.07394280726547234,0.3177661974497878,0.0,0.0,0.0,0.125,0.0,0.4,0.9375,0.7857142857142857,1.0,0.9375,0.7857142857142857,1.0,38.563593050221186,34.781491399551506,42.85608605679347,49.70817528246377,44.83307530039647,55.241165802604655
Chronological >2018,FF,percentage point,A x B domain,MA (no FA/Cs) / Pb (no Sn),4665,915,True,True,66.20473722399456,65.55217640883988,66.8660401888748,65.21555058242394,64.88246895209181,65.57689652479256,8.089288884565901,7.734817809843553,8.436342398329568,-0.9891866415706291,-1.5932935881009405,-0.39826263838679166,10.730794832375992,10.179332100688072,11.258195582611622,0.13719327128242365,0.08712025490968615,0.18659438267164136,11.552477458169358,11.02892292572319,12.043578537228615,0.7002211355838261,0.6786293353597679,0.7241133736831639,0.5448126479263681,0.5264362336865188,0.5648917855217271,0.09145903170011174,0.07527306065907977,0.1091534083097866,0.3810680560623145,0.36917485384422344,0.39217028411500954,0.0,0.0,0.0,0.0304027787634345,0.020584387043351745,0.04022309060835473,0.8854760193584116,0.87024632136339,0.9011884860185404,0.935314899361226,0.9233559059400447,0.946262218749072,29.874281799063052,29.384796768322342,30.332250893387616,38.50771981157565,37.87677736608009,39.098038457065705
Chronological >2018,FF,percentage point,A x B domain,MA (no FA/Cs) / Pb+Sn,10,2,False,False,67.07619047619048,,,67.90785389766756,,,6.784302465907315,,,0.8316634214770767,,,8.262018545384125,,,0.04198876963130094,,,8.44113537623402,,,0.803719187469554,,,0.8103689540989512,,,0.5,,,0.7268114694233818,,,0.0,,,0.0,,,0.9285714285714286,,,1.0,,,31.006822342688814,,,39.96755587466581,,
Chronological >2018,FF,percentage point,A x B domain,MA (no FA/Cs) / Sn (no Pb),20,5,True,False,42.117333333333335,35.29333333333333,52.0,43.55599472422007,40.94776830371349,46.737495101134776,6.563723410942714,3.095930117175324,9.86476497353395,1.4386613908867294,-5.915832204204696,7.166106885159804,7.909557530144747,4.410967762022794,10.564407957650428,0.3992602216661486,-13.39695513653147,0.4985223509450074,10.204905661276603,0.0,13.035618124984351,0.6431929533507919,0.5453861879345135,3.660185123259672,0.921846017429375,0.8794215002701691,0.9692284245673829,0.4133333333333333,0.0,1.0,0.5842276625517824,0.5259570223201298,0.634745140418693,0.0,0.0,0.0,0.2,0.0,0.6666666666666666,1.0,1.0,1.0,1.0,1.0,1.0,46.74295632288764,41.83522846827292,53.134433184443004,60.25131172535596,53.92528821094644,68.48987631487061
Chronological >2018,FF,percentage point,A x B domain,MA+Cs / Pb (no Sn),38,15,True,False,68.18,63.503574561403504,72.45993055555554,64.3796174729102,62.28960373572911,66.5188593079043,8.246536329727553,6.140784206307474,10.797271258637638,-3.800382527089799,-8.177121177162663,0.758013373090319,9.980727114199835,7.433036122307693,12.266650714786657,-0.1822771272502559,-2.3674923194785444,0.2520662029695653,9.179151497944767,5.374357808517496,11.62548213558353,0.898398542781865,0.6989765544655879,1.5665156112217637,0.7056303716326993,0.614113239703553,0.7912297999256102,0.06666666666666667,0.0,0.23076923076923078,0.46202830079757623,0.38185159616290504,0.5433306959676509,0.0,0.0,0.0,0.2,0.0,0.42857142857142855,0.9666666666666667,0.9110897435897437,1.0,0.9777777777777777,0.9285714285714286,1.0,33.388161620747695,30.35130761642482,36.37404730513931,43.037083915961425,39.12260242670954,46.88586763224656
Chronological >2018,FF,percentage point,A x B domain,Other/unknown / Other/unknown,29,7,True,False,51.38015873015873,38.648888888888884,65.66481481481482,47.003205012272076,42.575775590065014,52.34940871182513,12.250146104670204,6.483890184433429,18.316012794430033,-4.376953717886656,-14.233523820835678,4.679791221860963,15.489107261966407,7.975534739509207,21.079118426449778,0.2843246442841296,-1.1617180833686702,0.5902565786991938,18.309157305693947,5.785339778940233,21.24255197135272,0.66907208781589,0.5009193065801222,1.293871573201571,0.9621081969787236,0.8977877063389069,0.9965428997464567,0.8571428571428571,0.5698412698412698,1.0,0.19488400539150774,0.10801657730301893,0.2916296049988224,0.0,0.0,0.0,0.4523809523809524,0.11000000000000001,0.7916666666666666,0.865079365079365,0.7170594837261504,1.0,0.9285714285714286,0.75,1.0,41.90368707223259,35.501614151623194,45.66104575574595,54.01353082570457,45.761307997444504,58.85673731312753
Chronological >2018,FF,percentage point,A x B domain,Other/unknown / Pb (no Sn),56,14,True,False,48.68012093726379,41.539027777777775,55.99918915343915,55.64945356158609,52.49555623615079,58.08272155687038,13.551530412419199,10.109010552025575,17.22659975369039,6.969332624322296,-0.11313320049108369,13.768106727010762,15.556562050009097,11.702621253763889,19.473126444202535,-0.15139566925839043,-1.5472154377884535,0.24523175161985292,14.49777414512315,9.952946743071424,17.04441405989828,0.9347317923957137,0.7595697884449117,1.4260372331488127,0.9724566547273226,0.9596903998125235,0.9845241778863292,0.8333333333333333,0.6409722222222222,1.0,0.6403356189402991,0.5512219063735647,0.7115622243466293,0.0,0.0,0.0,0.5833333333333334,0.3333333333333333,0.8126041666666666,0.8677248677248677,0.69625,1.0,0.9153439153439153,0.8033950617283951,1.0,41.06209018444662,37.962423100354336,43.847854828706225,52.92871890061345,48.93327183392837,56.51954813305066
Chronological >2018,FF,percentage point,A x B domain,Other/unknown / Sn (no Pb),14,4,False,False,43.900000000000006,,,45.28012613080838,,,10.509935829704338,,,1.3801261308083768,,,11.833721062311065,,,0.190461796668273,,,13.15232869114819,,,0.7990931550226356,,,0.9878125129889023,,,1.0,,,0.5347388191529158,,,0.0,,,1.0,,,0.9375,,,1.0,,,38.36145808571446,,,49.447624865563306,,
Chronological >2018,FF,percentage point,FA presence,FA absent,5712,1124,True,True,65.84431998063506,65.2461831606118,66.47442873632187,64.291915185117,63.92643397933647,64.6642347593795,8.34744096400381,8.041881841661521,8.648829444324212,-1.5524047955180529,-2.114986157123737,-1.0457962364538407,10.864793608759832,10.412423854641421,11.316158014473666,0.18424886534781038,0.13203464553858812,0.236164017422488,12.029363195068983,11.526330630255522,12.478936801048235,0.693922099502786,0.6718113364557634,0.7172750114793653,0.6147478806832748,0.5974523759979125,0.6321438843720014,0.17306441204246326,0.15402100659056575,0.1928078813642104,0.3915935728100552,0.38108112222059054,0.40190298543495184,0.0,0.0,0.0,0.04633922020226186,0.03496423189654793,0.05729180036806273,0.89274128956281,0.8789607888068137,0.9061648147477581,0.9408879629763873,0.9301137584074056,0.9503914111914711,31.004479339410363,30.53973386581428,31.419669339811087,39.9645357614336,39.365482415103536,40.49971248338916
Chronological >2018,FF,percentage point,FA presence,FA present,3404,685,True,True,70.05139285818937,69.4107256232927,70.60318046594296,68.32961653321385,67.96732839006918,68.65724454577415,6.857179810179995,6.546256195343352,7.205637592936339,-1.7217763249755287,-2.2410298105178588,-1.176889257797703,9.252620961989617,8.74424163161053,9.796137866261066,0.07705918335254214,0.005146121862693002,0.14284904099630266,9.631143306888804,9.028567672671496,10.280989231091867,0.7119798337208112,0.6800918748406037,0.7464712243782162,0.6430231955843481,0.6226164806258919,0.6647471346338872,0.14411292681365676,0.12112556037136024,0.16990524102351884,0.4267870701739261,0.4140248734822173,0.4409462018713631,0.0,0.0,0.0,0.07163614163614164,0.05523980418026701,0.08982058067841917,0.909395885351231,0.8928512477068282,0.9243056079561166,0.949696390389821,0.9372326554767155,0.9610616522368225,26.64338677322058,26.078705300963563,27.27261909896104,34.34312093577413,33.61525085465495,35.15419657129821
Chronological >2018,FF,percentage point,MA presence,MA absent,1593,320,True,True,66.05714737218587,64.85431411891473,67.27481127927528,62.582731480678945,61.832522677495824,63.297585438694824,8.96774830136994,8.426382235271012,9.465962589331282,-3.4744158915069123,-4.527673787670335,-2.5068560585531827,10.964766241737552,10.260379291242225,11.627242495858516,0.224507233384303,0.09141812438638894,0.3205884287863094,12.451179718839091,11.326049847202196,13.469328003096175,0.720232821617811,0.6737554018099092,0.78395094968507,0.8773003526092074,0.8629097481890671,0.8914282970223906,0.4432233797722412,0.39421373946349086,0.4934773575223681,0.4769296534882363,0.45759955168037614,0.4952505156916545,0.0,0.0,0.0,0.11634650735294119,0.08543552157067011,0.14966198218742513,0.9132312146765272,0.8892347630917484,0.9350951920050647,0.960622200426888,0.9443095228229985,0.9748771139106119,33.70024433245006,32.83615460987129,34.61462638194406,43.43935613462438,42.32555111822501,44.617987574184326
Chronological >2018,FF,percentage point,MA presence,MA present,7523,1460,True,True,67.63783117032526,67.14666252273129,68.14049396081224,66.47311472236,66.19540303333642,66.76052805102626,7.577032819470902,7.30645571068383,7.853138511653545,-1.1647164479652568,-1.5820466304671874,-0.743462144071609,10.199082012879549,9.790812565501449,10.623794909226241,0.17263244141705147,0.1262219903016725,0.21303362390761876,11.212742275740649,10.77390588140574,11.643286069521796,0.675751982266123,0.6573936263483561,0.6970360264013158,0.5719231338881511,0.5565635201236316,0.5866088323631249,0.10288369668204478,0.08873641721713209,0.11772769576031562,0.38877027930294694,0.37950333201469255,0.39769910392846924,0.0,0.0,0.0,0.04159573683546286,0.03280786146452289,0.05033972286612297,0.8948277814848369,0.882821510300821,0.9068383114045158,0.9404040538560325,0.9320249659173317,0.9487283781535077,28.4301435383041,27.999360078793575,28.802898190943154,36.646236684097545,36.090960113103534,37.12671456868174
Chronological >2018,FF,percentage point,Cs presence,Cs absent,6220,1211,True,True,66.6182079285507,66.05199905299136,67.20353710496018,65.28405549192162,64.93860528743092,65.61456245170142,7.860539691062315,7.562763741520749,8.155658964573158,-1.3341524366290938,-1.8639322955741964,-0.8632448439810823,10.384314952925248,9.944412219049596,10.859617534484254,0.20039782725667465,0.14821232196644574,0.24971267858436202,11.612904882622155,11.152715000487394,12.060632064427171,0.6768797101597746,0.6543441096021171,0.6994818469362543,0.5896256507187478,0.5731207750017023,0.6060707160646059,0.12501902692090155,0.10908865800814466,0.1424851168507041,0.39486529359269207,0.3849125449300315,0.4048219686432578,0.0,0.0,0.0,0.04988358279027148,0.03874334162555403,0.06141713795872063,0.8932191838900251,0.8794653922774275,0.9065435410147774,0.9417514594867105,0.9313158279231899,0.9508388485183217,29.62821541919584,29.15709378711396,30.051911516594167,38.19054213765839,37.58326997200749,38.73668315331903
Chronological >2018,FF,percentage point,Cs presence,Cs present,2896,587,True,True,69.20528524466769,68.52562278329,69.92198932505916,67.03481707587679,66.57552383788274,67.44634284238174,7.618828950202036,7.2088470620785055,8.014558407584666,-2.1704681687909035,-2.8460133402157863,-1.5791286860901217,10.099140524087854,9.544722758684712,10.687596486341162,0.09690547532201677,-0.0031481367591007815,0.18644557707285464,10.627174470063453,9.87265682330903,11.378880852034166,0.7169195322485888,0.6769211142896278,0.7621779064365033,0.6937461521600989,0.6715411301321181,0.7167809166768125,0.23759018105969282,0.20495639286430897,0.2707769028886816,0.4201612086611417,0.4047610441048388,0.4351801265489859,0.0,0.0,0.0,0.06719540522276268,0.049513859981857714,0.0867559612407716,0.9091818003733024,0.89076020660979,0.9268884494669419,0.9481426154765168,0.9339373960151032,0.9613238028071892,28.515196404030235,27.754243920096286,29.275321038691462,36.75586917483265,35.77500726697684,37.735663991333595
Chronological >2018,FF,percentage point,Pb presence,Pb absent,250,55,True,True,52.60521681752591,49.103635432098756,56.28776522992683,51.22762028108176,49.37734673427575,53.08033788708098,9.450444683351542,8.04392602281772,10.910734256926691,-1.3775965364441571,-4.2119417130796775,1.3621134096789094,11.892719931223596,9.974134157693808,13.716163983100545,0.3351298624491291,0.13036102385348067,0.48202836704534,14.585213070055461,12.747128270846344,16.118418619557456,0.6479469746488664,0.5801930215106486,0.7375799948280186,0.9397728600277258,0.9200120132124722,0.9592701677695473,0.6937741046831956,0.5763502358490566,0.8112781057614319,0.4056788739161315,0.35306337104565927,0.459900853210147,0.0,0.0,0.0,0.26793388429752063,0.1628219696969697,0.38542325831847885,0.8734618916437098,0.7983619308759234,0.9342939183065995,0.9589531680440772,0.9242424242424243,0.9871794871794871,36.06265533230386,33.97953159328437,38.086008269313226,46.48448577067833,43.79935526897972,49.092572167611536
Chronological >2018,FF,percentage point,Pb presence,Pb present,8866,1680,True,True,67.9182737719892,67.48049382198968,68.35566562258678,66.30045971210087,66.05580372114535,66.55560694202858,7.747354570757477,7.515856100463048,8.009744930920666,-1.6178140598883206,-2.0098277089010907,-1.2261970059208616,10.254431557589434,9.908490872984835,10.629622787341562,0.11296050417217596,0.07020473952394417,0.15127675116528272,10.887799434004473,10.491279934112749,11.279045117434388,0.7115629395744704,0.6931438527783038,0.7324458652390103,0.6122428446426285,0.597949531673713,0.6264496762180767,0.1435342273563044,0.1289573000850166,0.1597033983920944,0.40269467944581483,0.39412065224113985,0.41159105016973585,0.0,0.0,0.0,0.04716889222666533,0.038386203313668404,0.05543218839091123,0.8986354677020156,0.8870798126721907,0.9096429430995389,0.9431694863405512,0.9351070509250909,0.9510783577718492,29.087872579169225,28.6744235691616,29.463587212729333,37.494044366569256,36.961111767860004,37.978337643828745
Chronological >2018,FF,percentage point,Sn presence,Sn absent,8863,1685,True,True,67.61018625748859,67.14001238069757,68.06536626542714,66.04279253036201,65.76554700260652,66.32970093682961,7.793742656790841,7.560596822452901,8.05917950356224,-1.5673937271265845,-1.9766392735677842,-1.1766914747003823,10.318769713730724,9.964541567325613,10.699151978945011,0.15315700374271457,0.10754218139147875,0.1930352658234835,11.213120009962214,10.816167938760863,11.61739536058964,0.6950556713801821,0.6764047498946731,0.717002599308708,0.6139772681269796,0.5998647397941997,0.627485228257215,0.15114985279441623,0.13635284555757232,0.16712570774504412,0.3971231152959836,0.38860542233512757,0.4063420448459902,0.0,0.0,0.0,0.04539687770967226,0.03671997986670092,0.05425692552979183,0.8981560256378064,0.8869124513754683,0.9089341876343757,0.9426655214948325,0.9347569788279692,0.9503076717641502,29.221322527882418,28.81794692756893,29.589479407292817,37.66606032559653,37.146112274621636,38.14061171579881
Chronological >2018,FF,percentage point,Sn presence,Sn present,253,55,True,True,62.69056602387511,59.140869734805534,65.94075828021947,59.41178680667473,57.2196930799642,61.59457750186079,7.952360623799818,6.741842057325217,9.205295123275112,-3.2787792172003862,-5.48756023225609,-1.1450331581706026,9.85928678635004,8.283344722930982,11.296304564920803,0.49794778575798126,0.20919786709404742,0.6243989043595158,13.91461056789454,11.006870108739019,16.542962524593733,0.5715115478796409,0.4909082077037668,0.7274798938784146,0.9025581488022495,0.8806480454846338,0.9263778848050376,0.4657943067033976,0.3533135583778967,0.5962164662349675,0.5945729163816026,0.5652215065061993,0.6245136298324301,0.0,0.0,0.0,0.3270247933884297,0.21184909318244965,0.4539161915911636,0.8923002754820937,0.8183134077028725,0.9528199925074925,0.9795592286501378,0.9529278996865203,0.9972500291002211,31.809975681092695,29.367457284439208,34.42611889148067,41.002814359840784,37.85442690451788,44.37500286666996
