comparison_type,target,unit,domain_type,domain,comparison,metric,estimate,CI_low,CI_high,CI_excludes_zero,domain_DOI,reference_DOI,inferential_eligible
Chronological minus DOI-grouped on identical future records,PCE,percentage point,A-site pattern,MA (no FA/Cs),chronological - DOI-grouped,MAE,0.17789347680191092,0.11684577339008793,0.23054271289275802,True,928,928,True
Chronological minus DOI-grouped on identical future records,PCE,percentage point,A-site pattern,MA (no FA/Cs),chronological - DOI-grouped,bias,-0.3380877924224587,-0.410420424605642,-0.27225624211398614,True,928,928,True
Chronological minus DOI-grouped on identical future records,PCE,percentage point,A-site pattern,MA (no FA/Cs),chronological - DOI-grouped,RMSE,0.15551072869850247,0.0874426161516588,0.21969219954124933,True,928,928,True
Chronological minus DOI-grouped on identical future records,PCE,percentage point,A-site pattern,MA (no FA/Cs),chronological - DOI-grouped,R2,-0.052359894121549844,-0.07440244364460312,-0.029702485136427554,True,928,928,True
Chronological minus DOI-grouped on identical future records,PCE,percentage point,A-site pattern,MA (no FA/Cs),chronological - DOI-grouped,mean_feature_OOD_percentile,0.01813329941064934,0.010907098017057013,0.025231028254709447,True,928,928,True
Chronological minus DOI-grouped on identical future records,PCE,percentage point,A-site pattern,MA (no FA/Cs),chronological - DOI-grouped,high_feature_OOD_fraction,0.03363830853054991,0.02168782136340278,0.04663314391797715,True,928,928,True
Chronological minus DOI-grouped on identical future records,PCE,percentage point,A-site pattern,MA (no FA/Cs),chronological - DOI-grouped,coverage_90,-0.0013101995221524998,-0.010351717826418999,0.00791790992006516,False,928,928,True
Chronological minus DOI-grouped on identical future records,PCE,percentage point,A-site pattern,MA (no FA/Cs),chronological - DOI-grouped,interval_90_mean_width,0.6148375117246729,0.47775341598022936,0.752886414969358,True,928,928,True
Chronological minus DOI-grouped on identical future records,PCE,percentage point,A-site pattern,FA (no MA/Cs),chronological - DOI-grouped,MAE,0.0020688655143179524,-0.2604073880376811,0.25582506175639697,False,62,62,True
Chronological minus DOI-grouped on identical future records,PCE,percentage point,A-site pattern,FA (no MA/Cs),chronological - DOI-grouped,bias,-0.7695702370998712,-1.0001594536247411,-0.5199551693942231,True,62,62,True
Chronological minus DOI-grouped on identical future records,PCE,percentage point,A-site pattern,FA (no MA/Cs),chronological - DOI-grouped,RMSE,0.00835998958213846,-0.2716442679355019,0.29985237749019045,False,62,62,True
Chronological minus DOI-grouped on identical future records,PCE,percentage point,A-site pattern,FA (no MA/Cs),chronological - DOI-grouped,R2,-0.0022480332518136636,-0.0747661867995249,0.07831426984769818,False,62,62,True
Chronological minus DOI-grouped on identical future records,PCE,percentage point,A-site pattern,FA (no MA/Cs),chronological - DOI-grouped,mean_feature_OOD_percentile,0.025548131172159816,0.001042197462254499,0.050773283838473064,True,62,62,True
Chronological minus DOI-grouped on identical future records,PCE,percentage point,A-site pattern,FA (no MA/Cs),chronological - DOI-grouped,high_feature_OOD_fraction,0.021505376344086002,-0.031463399656104174,0.07830988455988448,False,62,62,True
Chronological minus DOI-grouped on identical future records,PCE,percentage point,A-site pattern,FA (no MA/Cs),chronological - DOI-grouped,coverage_90,0.007661290322580672,-0.012376893939393828,0.028462440360008744,False,62,62,True
Chronological minus DOI-grouped on identical future records,PCE,percentage point,A-site pattern,FA (no MA/Cs),chronological - DOI-grouped,interval_90_mean_width,0.7438636801261787,0.13542057216426828,1.3553937153792563,True,62,62,True
Chronological minus DOI-grouped on identical future records,PCE,percentage point,A-site pattern,Cs (no FA/MA),chronological - DOI-grouped,MAE,0.6966916255877287,0.5358055396598871,0.8677980986315772,True,174,174,True
Chronological minus DOI-grouped on identical future records,PCE,percentage point,A-site pattern,Cs (no FA/MA),chronological - DOI-grouped,bias,-1.2614652238919275,-1.4507824818176633,-1.0759321166783335,True,174,174,True
Chronological minus DOI-grouped on identical future records,PCE,percentage point,A-site pattern,Cs (no FA/MA),chronological - DOI-grouped,RMSE,0.6722672729998842,0.502024380072849,0.8436899296274094,True,174,174,True
Chronological minus DOI-grouped on identical future records,PCE,percentage point,A-site pattern,Cs (no FA/MA),chronological - DOI-grouped,R2,-0.22130646850742952,-0.29893419705631524,-0.15558648265502967,True,174,174,True
Chronological minus DOI-grouped on identical future records,PCE,percentage point,A-site pattern,Cs (no FA/MA),chronological - DOI-grouped,mean_feature_OOD_percentile,0.04753136488900733,0.03608049201246659,0.059922335774836945,True,174,174,True
Chronological minus DOI-grouped on identical future records,PCE,percentage point,A-site pattern,Cs (no FA/MA),chronological - DOI-grouped,high_feature_OOD_fraction,0.20240113529225623,0.14938365557351344,0.2624523413938603,True,174,174,True
Chronological minus DOI-grouped on identical future records,PCE,percentage point,A-site pattern,Cs (no FA/MA),chronological - DOI-grouped,coverage_90,0.012148887098177186,-0.003656931794224116,0.02721972033277175,False,174,174,True
Chronological minus DOI-grouped on identical future records,PCE,percentage point,A-site pattern,Cs (no FA/MA),chronological - DOI-grouped,interval_90_mean_width,2.1362405778284916,1.7808724843577026,2.496347401997168,True,174,174,True
Chronological minus DOI-grouped on identical future records,PCE,percentage point,A-site pattern,FA+MA,chronological - DOI-grouped,MAE,0.2870073455660327,0.1548083446321414,0.41519604987536735,True,255,255,True
Chronological minus DOI-grouped on identical future records,PCE,percentage point,A-site pattern,FA+MA,chronological - DOI-grouped,bias,-0.6286062911850473,-0.7775708143414333,-0.482276290855767,True,255,255,True
Chronological minus DOI-grouped on identical future records,PCE,percentage point,A-site pattern,FA+MA,chronological - DOI-grouped,RMSE,0.29290842832124,0.15543783942773376,0.4311026338321894,True,255,255,True
Chronological minus DOI-grouped on identical future records,PCE,percentage point,A-site pattern,FA+MA,chronological - DOI-grouped,R2,-0.1192585484183023,-0.1880001911826462,-0.06016819322807205,True,255,255,True
Chronological minus DOI-grouped on identical future records,PCE,percentage point,A-site pattern,FA+MA,chronological - DOI-grouped,mean_feature_OOD_percentile,0.059284149563402444,0.04294137547944132,0.07411198727906766,True,255,255,True
Chronological minus DOI-grouped on identical future records,PCE,percentage point,A-site pattern,FA+MA,chronological - DOI-grouped,high_feature_OOD_fraction,0.036888492770845716,0.015750030620720275,0.059155783874365035,True,255,255,True
Chronological minus DOI-grouped on identical future records,PCE,percentage point,A-site pattern,FA+MA,chronological - DOI-grouped,coverage_90,0.0005185664009192958,-0.019455757985482953,0.01852253248054034,False,255,255,True
Chronological minus DOI-grouped on identical future records,PCE,percentage point,A-site pattern,FA+MA,chronological - DOI-grouped,interval_90_mean_width,0.8102281355046124,0.505794582786994,1.1244960326461164,True,255,255,True
Chronological minus DOI-grouped on identical future records,PCE,percentage point,A-site pattern,FA+Cs,chronological - DOI-grouped,MAE,0.41796018922339995,0.17000631568271107,0.6795976009409449,True,72,72,True
Chronological minus DOI-grouped on identical future records,PCE,percentage point,A-site pattern,FA+Cs,chronological - DOI-grouped,bias,-0.8280484296095055,-1.0943193273903327,-0.6237263848801298,True,72,72,True
Chronological minus DOI-grouped on identical future records,PCE,percentage point,A-site pattern,FA+Cs,chronological - DOI-grouped,RMSE,0.3697436172137758,0.09640291582624108,0.6497631945841663,True,72,72,True
Chronological minus DOI-grouped on identical future records,PCE,percentage point,A-site pattern,FA+Cs,chronological - DOI-grouped,R2,-0.1586297599238904,-0.3295085815862285,-0.03625003498137639,True,72,72,True
Chronological minus DOI-grouped on identical future records,PCE,percentage point,A-site pattern,FA+Cs,chronological - DOI-grouped,mean_feature_OOD_percentile,0.06122274590344401,0.03884252905968661,0.0833647485439586,True,72,72,True
Chronological minus DOI-grouped on identical future records,PCE,percentage point,A-site pattern,FA+Cs,chronological - DOI-grouped,high_feature_OOD_fraction,0.07407407407407404,0.02487310071265295,0.13336538461538458,True,72,72,True
Chronological minus DOI-grouped on identical future records,PCE,percentage point,A-site pattern,FA+Cs,chronological - DOI-grouped,coverage_90,0.00526269640852961,-0.019883461047254174,0.033177574133664345,False,72,72,True
Chronological minus DOI-grouped on identical future records,PCE,percentage point,A-site pattern,FA+Cs,chronological - DOI-grouped,interval_90_mean_width,0.8281626587422437,0.3084899140293669,1.374572198635383,True,72,72,True
Chronological minus DOI-grouped on identical future records,PCE,percentage point,A-site pattern,MA+Cs,chronological - DOI-grouped,MAE,0.13320183864916624,-0.5755274950200626,0.9566235645368327,False,15,15,False
Chronological minus DOI-grouped on identical future records,PCE,percentage point,A-site pattern,MA+Cs,chronological - DOI-grouped,bias,-0.3095663300596905,-1.124008687379963,0.43919582586897005,False,15,15,False
Chronological minus DOI-grouped on identical future records,PCE,percentage point,A-site pattern,MA+Cs,chronological - DOI-grouped,RMSE,0.2528074916380594,-0.47892895010549974,1.1145479405634868,False,15,15,False
Chronological minus DOI-grouped on identical future records,PCE,percentage point,A-site pattern,MA+Cs,chronological - DOI-grouped,R2,-0.1993194645931975,-1.120815465577026,0.41541400048329663,False,15,15,False
Chronological minus DOI-grouped on identical future records,PCE,percentage point,A-site pattern,MA+Cs,chronological - DOI-grouped,mean_feature_OOD_percentile,0.06808611892701888,0.03836121129011563,0.1013365684410013,True,15,15,False
Chronological minus DOI-grouped on identical future records,PCE,percentage point,A-site pattern,MA+Cs,chronological - DOI-grouped,high_feature_OOD_fraction,0.0,-0.2,0.2,False,15,15,False
Chronological minus DOI-grouped on identical future records,PCE,percentage point,A-site pattern,MA+Cs,chronological - DOI-grouped,coverage_90,0.0,0.0,0.0,False,15,15,False
Chronological minus DOI-grouped on identical future records,PCE,percentage point,A-site pattern,MA+Cs,chronological - DOI-grouped,interval_90_mean_width,0.7500048271846396,-0.17247945352229951,1.7784513500244368,False,15,15,False
Chronological minus DOI-grouped on identical future records,PCE,percentage point,A-site pattern,FA+MA+Cs,chronological - DOI-grouped,MAE,0.08957106063805442,-0.016809987898397927,0.2041407221698147,False,342,342,True
Chronological minus DOI-grouped on identical future records,PCE,percentage point,A-site pattern,FA+MA+Cs,chronological - DOI-grouped,bias,-0.28947002241772773,-0.4159392701845156,-0.16369340492958098,True,342,342,True
Chronological minus DOI-grouped on identical future records,PCE,percentage point,A-site pattern,FA+MA+Cs,chronological - DOI-grouped,RMSE,-0.008904977496162925,-0.14484398360045503,0.1388751726506508,False,342,342,True
Chronological minus DOI-grouped on identical future records,PCE,percentage point,A-site pattern,FA+MA+Cs,chronological - DOI-grouped,R2,0.004042203555493118,-0.0640374652727325,0.06502391071905758,False,342,342,True
Chronological minus DOI-grouped on identical future records,PCE,percentage point,A-site pattern,FA+MA+Cs,chronological - DOI-grouped,mean_feature_OOD_percentile,0.08690099758603759,0.07351169433258956,0.10159152341718898,True,342,342,True
Chronological minus DOI-grouped on identical future records,PCE,percentage point,A-site pattern,FA+MA+Cs,chronological - DOI-grouped,high_feature_OOD_fraction,0.05917018854325355,0.0353406950448773,0.0844048198943035,True,342,342,True
Chronological minus DOI-grouped on identical future records,PCE,percentage point,A-site pattern,FA+MA+Cs,chronological - DOI-grouped,coverage_90,0.009096613263279929,-0.009663644840388317,0.02794523189022443,False,342,342,True
Chronological minus DOI-grouped on identical future records,PCE,percentage point,A-site pattern,FA+MA+Cs,chronological - DOI-grouped,interval_90_mean_width,0.6002789452812749,0.3421396224123753,0.8628128026396005,True,342,342,True
Chronological minus DOI-grouped on identical future records,PCE,percentage point,A-site pattern,Other/unknown,chronological - DOI-grouped,MAE,0.27586243549894496,-0.18015781625932295,0.7662319190323496,False,25,25,True
Chronological minus DOI-grouped on identical future records,PCE,percentage point,A-site pattern,Other/unknown,chronological - DOI-grouped,bias,0.34643031061049706,-0.14438118501970237,0.8576355608337893,False,25,25,True
Chronological minus DOI-grouped on identical future records,PCE,percentage point,A-site pattern,Other/unknown,chronological - DOI-grouped,RMSE,0.4961712426540066,-0.03288707171197702,1.073338773704221,False,25,25,True
Chronological minus DOI-grouped on identical future records,PCE,percentage point,A-site pattern,Other/unknown,chronological - DOI-grouped,R2,-0.133540888399015,-1.293663993111286,0.008641321685106713,False,25,25,True
Chronological minus DOI-grouped on identical future records,PCE,percentage point,A-site pattern,Other/unknown,chronological - DOI-grouped,mean_feature_OOD_percentile,0.01711543368520596,-0.016109926205388383,0.054069751482533096,False,25,25,True
Chronological minus DOI-grouped on identical future records,PCE,percentage point,A-site pattern,Other/unknown,chronological - DOI-grouped,high_feature_OOD_fraction,0.053333333333333344,-0.08342391304347829,0.2020421607378131,False,25,25,True
Chronological minus DOI-grouped on identical future records,PCE,percentage point,A-site pattern,Other/unknown,chronological - DOI-grouped,coverage_90,-0.002619047619047743,-0.03741709183673474,0.02513302669552679,False,25,25,True
Chronological minus DOI-grouped on identical future records,PCE,percentage point,A-site pattern,Other/unknown,chronological - DOI-grouped,interval_90_mean_width,1.0514688108092418,-0.17463464373638507,2.236174938837841,False,25,25,True
Chronological minus DOI-grouped on identical future records,PCE,percentage point,B-site pattern,Pb (no Sn),chronological - DOI-grouped,MAE,0.23178776976362991,0.18364980954609222,0.28053000075206425,True,1660,1660,True
Chronological minus DOI-grouped on identical future records,PCE,percentage point,B-site pattern,Pb (no Sn),chronological - DOI-grouped,bias,-0.4779738937944161,-0.5400063143450993,-0.42528011699661206,True,1660,1660,True
Chronological minus DOI-grouped on identical future records,PCE,percentage point,B-site pattern,Pb (no Sn),chronological - DOI-grouped,RMSE,0.18840055988610294,0.13409964409366953,0.2404245949112754,True,1660,1660,True
Chronological minus DOI-grouped on identical future records,PCE,percentage point,B-site pattern,Pb (no Sn),chronological - DOI-grouped,R2,-0.06230434224652459,-0.07988818832641817,-0.04401993589025549,True,1660,1660,True
Chronological minus DOI-grouped on identical future records,PCE,percentage point,B-site pattern,Pb (no Sn),chronological - DOI-grouped,mean_feature_OOD_percentile,0.041338449034659996,0.036234377231108596,0.04683008274183731,True,1660,1660,True
Chronological minus DOI-grouped on identical future records,PCE,percentage point,B-site pattern,Pb (no Sn),chronological - DOI-grouped,high_feature_OOD_fraction,0.053675970068337284,0.043215464575992374,0.0647208508900687,True,1660,1660,True
Chronological minus DOI-grouped on identical future records,PCE,percentage point,B-site pattern,Pb (no Sn),chronological - DOI-grouped,coverage_90,0.004350312716567939,-0.002249791570912424,0.01132102333829093,False,1660,1660,True
Chronological minus DOI-grouped on identical future records,PCE,percentage point,B-site pattern,Pb (no Sn),chronological - DOI-grouped,interval_90_mean_width,0.8432772711945571,0.7350854319604488,0.9563949254031936,True,1660,1660,True
Chronological minus DOI-grouped on identical future records,PCE,percentage point,B-site pattern,Sn (no Pb),chronological - DOI-grouped,MAE,0.2657421878765003,0.09600901870839408,0.4345261490925934,True,30,30,True
Chronological minus DOI-grouped on identical future records,PCE,percentage point,B-site pattern,Sn (no Pb),chronological - DOI-grouped,bias,-0.41140502321866446,-0.6438266021842077,-0.19169609733073395,True,30,30,True
Chronological minus DOI-grouped on identical future records,PCE,percentage point,B-site pattern,Sn (no Pb),chronological - DOI-grouped,RMSE,0.298055363495751,0.12724603029320156,0.45275199650751285,True,30,30,True
Chronological minus DOI-grouped on identical future records,PCE,percentage point,B-site pattern,Sn (no Pb),chronological - DOI-grouped,R2,-0.17555306789860214,-0.3138241085278754,-0.07702391652818529,True,30,30,True
Chronological minus DOI-grouped on identical future records,PCE,percentage point,B-site pattern,Sn (no Pb),chronological - DOI-grouped,mean_feature_OOD_percentile,0.007641198511704084,-0.002807832899946344,0.01977809672368737,False,30,30,True
Chronological minus DOI-grouped on identical future records,PCE,percentage point,B-site pattern,Sn (no Pb),chronological - DOI-grouped,high_feature_OOD_fraction,0.09111111111111103,-0.016064814814814816,0.2083522727272727,False,30,30,True
Chronological minus DOI-grouped on identical future records,PCE,percentage point,B-site pattern,Sn (no Pb),chronological - DOI-grouped,coverage_90,-0.03724747474747481,-0.11404879385964914,0.014393939393939292,False,30,30,True
Chronological minus DOI-grouped on identical future records,PCE,percentage point,B-site pattern,Sn (no Pb),chronological - DOI-grouped,interval_90_mean_width,0.19076566250088867,-0.3264784265462806,0.7051745571248901,False,30,30,True
Chronological minus DOI-grouped on identical future records,PCE,percentage point,B-site pattern,Pb+Sn,chronological - DOI-grouped,MAE,0.36233156753008844,-0.20629858725543862,0.897287579391,False,25,25,True
Chronological minus DOI-grouped on identical future records,PCE,percentage point,B-site pattern,Pb+Sn,chronological - DOI-grouped,bias,-1.263440899242151,-1.8182285254976602,-0.6137252884175011,True,25,25,True
Chronological minus DOI-grouped on identical future records,PCE,percentage point,B-site pattern,Pb+Sn,chronological - DOI-grouped,RMSE,-0.025783738059070416,-0.8262446505185572,0.9272585848376947,False,25,25,True
Chronological minus DOI-grouped on identical future records,PCE,percentage point,B-site pattern,Pb+Sn,chronological - DOI-grouped,R2,0.012000976249507689,-0.5015958053081423,0.39708301606642277,False,25,25,True
Chronological minus DOI-grouped on identical future records,PCE,percentage point,B-site pattern,Pb+Sn,chronological - DOI-grouped,mean_feature_OOD_percentile,0.07469995750602021,0.041935878035980374,0.11187896824296993,True,25,25,True
Chronological minus DOI-grouped on identical future records,PCE,percentage point,B-site pattern,Pb+Sn,chronological - DOI-grouped,high_feature_OOD_fraction,0.12444444444444444,0.005840643274853802,0.2778333333333333,True,25,25,True
Chronological minus DOI-grouped on identical future records,PCE,percentage point,B-site pattern,Pb+Sn,chronological - DOI-grouped,coverage_90,0.014444444444444371,-0.05833741830065372,0.12004082722832714,False,25,25,True
Chronological minus DOI-grouped on identical future records,PCE,percentage point,B-site pattern,Pb+Sn,chronological - DOI-grouped,interval_90_mean_width,-0.25980022267112624,-1.2469821936912355,0.5862896488747641,False,25,25,True
Chronological minus DOI-grouped on identical future records,PCE,percentage point,B-site pattern,Other/unknown,chronological - DOI-grouped,MAE,-0.09958279748366294,-0.21013343759018877,0.006075678904011632,False,25,25,True
Chronological minus DOI-grouped on identical future records,PCE,percentage point,B-site pattern,Other/unknown,chronological - DOI-grouped,bias,-0.11845893475752217,-0.24701287916721845,-0.0042848794549420165,True,25,25,True
Chronological minus DOI-grouped on identical future records,PCE,percentage point,B-site pattern,Other/unknown,chronological - DOI-grouped,RMSE,0.037723232666274864,-0.2631776079806946,0.12657717503129945,False,25,25,True
Chronological minus DOI-grouped on identical future records,PCE,percentage point,B-site pattern,Other/unknown,chronological - DOI-grouped,R2,-0.010285605794792207,-0.021975929471265664,0.9293741761320705,False,25,25,True
Chronological minus DOI-grouped on identical future records,PCE,percentage point,B-site pattern,Other/unknown,chronological - DOI-grouped,mean_feature_OOD_percentile,0.03559144604621145,-0.006607192074769991,0.09215760784950086,False,25,25,True
Chronological minus DOI-grouped on identical future records,PCE,percentage point,B-site pattern,Other/unknown,chronological - DOI-grouped,high_feature_OOD_fraction,0.13333333333333341,-0.029509803921568628,0.3148467432950191,False,25,25,True
Chronological minus DOI-grouped on identical future records,PCE,percentage point,B-site pattern,Other/unknown,chronological - DOI-grouped,coverage_90,0.0,0.0,0.0,False,25,25,True
Chronological minus DOI-grouped on identical future records,PCE,percentage point,B-site pattern,Other/unknown,chronological - DOI-grouped,interval_90_mean_width,-0.059601894622858254,-0.7670306147561791,0.530254296111159,False,25,25,True
Chronological minus DOI-grouped on identical future records,PCE,percentage point,A x B domain,Cs (no FA/MA) / Other/unknown,chronological - DOI-grouped,MAE,-0.01453301595903489,-0.08390014214575023,0.06324081966700146,False,12,12,False
Chronological minus DOI-grouped on identical future records,PCE,percentage point,A x B domain,Cs (no FA/MA) / Other/unknown,chronological - DOI-grouped,bias,0.037281116112553234,-0.06958536341997011,0.14736051812856377,False,12,12,False
Chronological minus DOI-grouped on identical future records,PCE,percentage point,A x B domain,Cs (no FA/MA) / Other/unknown,chronological - DOI-grouped,RMSE,-0.02432156658075524,-0.09665106960751006,0.06978301427672802,False,12,12,False
Chronological minus DOI-grouped on identical future records,PCE,percentage point,A x B domain,Cs (no FA/MA) / Other/unknown,chronological - DOI-grouped,R2,0.08245821631272698,-0.2582537741631557,0.4581707809685415,False,12,12,False
Chronological minus DOI-grouped on identical future records,PCE,percentage point,A x B domain,Cs (no FA/MA) / Other/unknown,chronological - DOI-grouped,mean_feature_OOD_percentile,0.09693207105442425,0.016639677649072218,0.2019284018573247,True,12,12,False
Chronological minus DOI-grouped on identical future records,PCE,percentage point,A x B domain,Cs (no FA/MA) / Other/unknown,chronological - DOI-grouped,high_feature_OOD_fraction,0.375,0.128125,0.6875,True,12,12,False
Chronological minus DOI-grouped on identical future records,PCE,percentage point,A x B domain,Cs (no FA/MA) / Other/unknown,chronological - DOI-grouped,coverage_90,0.0,0.0,0.0,False,12,12,False
Chronological minus DOI-grouped on identical future records,PCE,percentage point,A x B domain,Cs (no FA/MA) / Other/unknown,chronological - DOI-grouped,interval_90_mean_width,0.545627923559115,0.2872447575158662,0.7485631625282989,True,12,12,False
Chronological minus DOI-grouped on identical future records,PCE,percentage point,A x B domain,Cs (no FA/MA) / Pb (no Sn),chronological - DOI-grouped,MAE,0.7652442328373956,0.5927301412985828,0.9457295364534496,True,159,159,True
Chronological minus DOI-grouped on identical future records,PCE,percentage point,A x B domain,Cs (no FA/MA) / Pb (no Sn),chronological - DOI-grouped,bias,-1.3735838036534116,-1.563025792052468,-1.185825736144017,True,159,159,True
Chronological minus DOI-grouped on identical future records,PCE,percentage point,A x B domain,Cs (no FA/MA) / Pb (no Sn),chronological - DOI-grouped,RMSE,0.7106157062529026,0.5358646895609113,0.888021521154927,True,159,159,True
Chronological minus DOI-grouped on identical future records,PCE,percentage point,A x B domain,Cs (no FA/MA) / Pb (no Sn),chronological - DOI-grouped,R2,-0.32706671827208555,-0.4408035873284811,-0.23322914587955235,True,159,159,True
Chronological minus DOI-grouped on identical future records,PCE,percentage point,A x B domain,Cs (no FA/MA) / Pb (no Sn),chronological - DOI-grouped,mean_feature_OOD_percentile,0.04452113340939168,0.032464737484485945,0.05673232629161674,True,159,159,True
Chronological minus DOI-grouped on identical future records,PCE,percentage point,A x B domain,Cs (no FA/MA) / Pb (no Sn),chronological - DOI-grouped,high_feature_OOD_fraction,0.19319369522548796,0.13546451830287215,0.2558854215702063,True,159,159,True
Chronological minus DOI-grouped on identical future records,PCE,percentage point,A x B domain,Cs (no FA/MA) / Pb (no Sn),chronological - DOI-grouped,coverage_90,0.013295008522533514,-0.004020626999734558,0.02977915036738576,False,159,159,True
Chronological minus DOI-grouped on identical future records,PCE,percentage point,A x B domain,Cs (no FA/MA) / Pb (no Sn),chronological - DOI-grouped,interval_90_mean_width,2.2536161315103946,1.8841062298866627,2.6348347050311745,True,159,159,True
Chronological minus DOI-grouped on identical future records,PCE,percentage point,A x B domain,Cs (no FA/MA) / Pb+Sn,chronological - DOI-grouped,MAE,-0.7985369826040092,-0.7985369826040092,-0.7985369826040092,True,1,1,False
Chronological minus DOI-grouped on identical future records,PCE,percentage point,A x B domain,Cs (no FA/MA) / Pb+Sn,chronological - DOI-grouped,bias,-2.074437534153902,-2.074437534153902,-2.074437534153902,True,1,1,False
Chronological minus DOI-grouped on identical future records,PCE,percentage point,A x B domain,Cs (no FA/MA) / Pb+Sn,chronological - DOI-grouped,RMSE,-1.2601662519902825,-1.260166251990283,-1.2601662519902825,True,1,1,False
Chronological minus DOI-grouped on identical future records,PCE,percentage point,A x B domain,Cs (no FA/MA) / Pb+Sn,chronological - DOI-grouped,R2,2.1746231786468693,2.174623178646863,2.1746231786468693,True,1,1,False
Chronological minus DOI-grouped on identical future records,PCE,percentage point,A x B domain,Cs (no FA/MA) / Pb+Sn,chronological - DOI-grouped,mean_feature_OOD_percentile,0.011549503434041264,0.011549503434041264,0.011549503434041375,True,1,1,False
Chronological minus DOI-grouped on identical future records,PCE,percentage point,A x B domain,Cs (no FA/MA) / Pb+Sn,chronological - DOI-grouped,high_feature_OOD_fraction,0.0,0.0,0.0,False,1,1,False
Chronological minus DOI-grouped on identical future records,PCE,percentage point,A x B domain,Cs (no FA/MA) / Pb+Sn,chronological - DOI-grouped,coverage_90,0.0,0.0,0.0,False,1,1,False
Chronological minus DOI-grouped on identical future records,PCE,percentage point,A x B domain,Cs (no FA/MA) / Pb+Sn,chronological - DOI-grouped,interval_90_mean_width,0.09774036462154712,0.09774036462154712,0.09774036462154712,True,1,1,False
Chronological minus DOI-grouped on identical future records,PCE,percentage point,A x B domain,Cs (no FA/MA) / Sn (no Pb),chronological - DOI-grouped,MAE,0.2617215026156514,0.027501054433122674,0.49594195079818004,True,2,2,False
Chronological minus DOI-grouped on identical future records,PCE,percentage point,A x B domain,Cs (no FA/MA) / Sn (no Pb),chronological - DOI-grouped,bias,0.2659699822501577,-0.10388405537554601,0.6358240198758616,False,2,2,False
Chronological minus DOI-grouped on identical future records,PCE,percentage point,A x B domain,Cs (no FA/MA) / Sn (no Pb),chronological - DOI-grouped,RMSE,0.21197637898493515,0.08406931205186896,0.442055979243722,True,2,2,False
Chronological minus DOI-grouped on identical future records,PCE,percentage point,A x B domain,Cs (no FA/MA) / Sn (no Pb),chronological - DOI-grouped,R2,-0.3205699419740482,-1.5651381503014674,-0.09187543249906915,True,2,2,False
Chronological minus DOI-grouped on identical future records,PCE,percentage point,A x B domain,Cs (no FA/MA) / Sn (no Pb),chronological - DOI-grouped,mean_feature_OOD_percentile,0.008431461253454398,-0.0018518011506378773,0.018714723657546894,False,2,2,False
Chronological minus DOI-grouped on identical future records,PCE,percentage point,A x B domain,Cs (no FA/MA) / Sn (no Pb),chronological - DOI-grouped,high_feature_OOD_fraction,0.0,0.0,0.0,False,2,2,False
Chronological minus DOI-grouped on identical future records,PCE,percentage point,A x B domain,Cs (no FA/MA) / Sn (no Pb),chronological - DOI-grouped,coverage_90,0.0,0.0,0.0,False,2,2,False
Chronological minus DOI-grouped on identical future records,PCE,percentage point,A x B domain,Cs (no FA/MA) / Sn (no Pb),chronological - DOI-grouped,interval_90_mean_width,3.367810092336857,1.653290782940716,5.0823294017329985,True,2,2,False
Chronological minus DOI-grouped on identical future records,PCE,percentage point,A x B domain,FA (no MA/Cs) / Pb (no Sn),chronological - DOI-grouped,MAE,-0.22474371417666772,-0.6041641741558211,0.1607496233800723,False,41,41,True
Chronological minus DOI-grouped on identical future records,PCE,percentage point,A x B domain,FA (no MA/Cs) / Pb (no Sn),chronological - DOI-grouped,bias,-0.8694458871646727,-1.1861757401934223,-0.511370397865006,True,41,41,True
Chronological minus DOI-grouped on identical future records,PCE,percentage point,A x B domain,FA (no MA/Cs) / Pb (no Sn),chronological - DOI-grouped,RMSE,-0.10981253513577727,-0.48723172790298597,0.261217095850991,False,41,41,True
Chronological minus DOI-grouped on identical future records,PCE,percentage point,A x B domain,FA (no MA/Cs) / Pb (no Sn),chronological - DOI-grouped,R2,0.03763529444038405,-0.0921861680611079,0.17220681298490062,False,41,41,True
Chronological minus DOI-grouped on identical future records,PCE,percentage point,A x B domain,FA (no MA/Cs) / Pb (no Sn),chronological - DOI-grouped,mean_feature_OOD_percentile,0.033359832734851214,-0.0031299578173721557,0.06980706107762058,False,41,41,True
Chronological minus DOI-grouped on identical future records,PCE,percentage point,A x B domain,FA (no MA/Cs) / Pb (no Sn),chronological - DOI-grouped,high_feature_OOD_fraction,-0.008130081300812997,-0.06099107458465889,0.033333333333333326,False,41,41,True
Chronological minus DOI-grouped on identical future records,PCE,percentage point,A x B domain,FA (no MA/Cs) / Pb (no Sn),chronological - DOI-grouped,coverage_90,0.0197154471544716,-0.0037546296296296603,0.04607948986722567,False,41,41,True
Chronological minus DOI-grouped on identical future records,PCE,percentage point,A x B domain,FA (no MA/Cs) / Pb (no Sn),chronological - DOI-grouped,interval_90_mean_width,1.227932827961082,0.4720369382198455,2.049117388050664,True,41,41,True
Chronological minus DOI-grouped on identical future records,PCE,percentage point,A x B domain,FA (no MA/Cs) / Pb+Sn,chronological - DOI-grouped,MAE,0.6810945280694067,0.6810945280694067,0.6810945280694067,True,1,1,False
Chronological minus DOI-grouped on identical future records,PCE,percentage point,A x B domain,FA (no MA/Cs) / Pb+Sn,chronological - DOI-grouped,bias,-0.6810945280694067,-0.6810945280694067,-0.6810945280694067,True,1,1,False
Chronological minus DOI-grouped on identical future records,PCE,percentage point,A x B domain,FA (no MA/Cs) / Pb+Sn,chronological - DOI-grouped,RMSE,0.6810945280694067,0.6810945280694067,0.6810945280694067,True,1,1,False
Chronological minus DOI-grouped on identical future records,PCE,percentage point,A x B domain,FA (no MA/Cs) / Pb+Sn,chronological - DOI-grouped,R2,,-40958387687509.07,-40958387687509.07,True,1,1,False
Chronological minus DOI-grouped on identical future records,PCE,percentage point,A x B domain,FA (no MA/Cs) / Pb+Sn,chronological - DOI-grouped,mean_feature_OOD_percentile,-0.0015507743643952132,-0.0015507743643952132,-0.0015507743643952132,True,1,1,False
Chronological minus DOI-grouped on identical future records,PCE,percentage point,A x B domain,FA (no MA/Cs) / Pb+Sn,chronological - DOI-grouped,high_feature_OOD_fraction,0.0,0.0,0.0,False,1,1,False
Chronological minus DOI-grouped on identical future records,PCE,percentage point,A x B domain,FA (no MA/Cs) / Pb+Sn,chronological - DOI-grouped,coverage_90,0.0,0.0,0.0,False,1,1,False
Chronological minus DOI-grouped on identical future records,PCE,percentage point,A x B domain,FA (no MA/Cs) / Pb+Sn,chronological - DOI-grouped,interval_90_mean_width,-2.3828443589945216,-2.3828443589945216,-2.3828443589945216,True,1,1,False
Chronological minus DOI-grouped on identical future records,PCE,percentage point,A x B domain,FA (no MA/Cs) / Sn (no Pb),chronological - DOI-grouped,MAE,0.4330833707530841,0.22696158550671272,0.6602510057342126,True,20,20,True
Chronological minus DOI-grouped on identical future records,PCE,percentage point,A x B domain,FA (no MA/Cs) / Sn (no Pb),chronological - DOI-grouped,bias,-0.5692489399185514,-0.8505760603016734,-0.30251891716475654,True,20,20,True
Chronological minus DOI-grouped on identical future records,PCE,percentage point,A x B domain,FA (no MA/Cs) / Sn (no Pb),chronological - DOI-grouped,RMSE,0.4252397209316072,0.23027417738613307,0.6166134906417933,True,20,20,True
Chronological minus DOI-grouped on identical future records,PCE,percentage point,A x B domain,FA (no MA/Cs) / Sn (no Pb),chronological - DOI-grouped,R2,-0.4104231367348561,-0.8479591971847323,-0.20295808678052468,True,20,20,True
Chronological minus DOI-grouped on identical future records,PCE,percentage point,A x B domain,FA (no MA/Cs) / Sn (no Pb),chronological - DOI-grouped,mean_feature_OOD_percentile,0.010889088245470191,-0.0036399226609716783,0.02877081973857534,False,20,20,True
Chronological minus DOI-grouped on identical future records,PCE,percentage point,A x B domain,FA (no MA/Cs) / Sn (no Pb),chronological - DOI-grouped,high_feature_OOD_fraction,0.08333333333333337,-0.04909620098039225,0.2436111111111111,False,20,20,True
Chronological minus DOI-grouped on identical future records,PCE,percentage point,A x B domain,FA (no MA/Cs) / Sn (no Pb),chronological - DOI-grouped,coverage_90,-0.01666666666666672,-0.05555555555555547,0.0,False,20,20,True
Chronological minus DOI-grouped on identical future records,PCE,percentage point,A x B domain,FA (no MA/Cs) / Sn (no Pb),chronological - DOI-grouped,interval_90_mean_width,-0.09214267097933693,-0.6523898625887387,0.46143812045169125,False,20,20,True
Chronological minus DOI-grouped on identical future records,PCE,percentage point,A x B domain,FA+Cs / Pb (no Sn),chronological - DOI-grouped,MAE,0.42827158216783356,0.1770090992529169,0.6901654455068298,True,71,71,True
Chronological minus DOI-grouped on identical future records,PCE,percentage point,A x B domain,FA+Cs / Pb (no Sn),chronological - DOI-grouped,bias,-0.8348235661771047,-1.104945667040506,-0.6280519611442682,True,71,71,True
Chronological minus DOI-grouped on identical future records,PCE,percentage point,A x B domain,FA+Cs / Pb (no Sn),chronological - DOI-grouped,RMSE,0.37578173425172556,0.09648770493650634,0.6524696320822925,True,71,71,True
Chronological minus DOI-grouped on identical future records,PCE,percentage point,A x B domain,FA+Cs / Pb (no Sn),chronological - DOI-grouped,R2,-0.162407960428406,-0.3380186475071808,-0.03903494669402988,True,71,71,True
Chronological minus DOI-grouped on identical future records,PCE,percentage point,A x B domain,FA+Cs / Pb (no Sn),chronological - DOI-grouped,mean_feature_OOD_percentile,0.06100248655725582,0.038591553930356265,0.08353327316730776,True,71,71,True
Chronological minus DOI-grouped on identical future records,PCE,percentage point,A x B domain,FA+Cs / Pb (no Sn),chronological - DOI-grouped,high_feature_OOD_fraction,0.07511737089201878,0.025114155251141575,0.13543037280701756,True,71,71,True
Chronological minus DOI-grouped on identical future records,PCE,percentage point,A x B domain,FA+Cs / Pb (no Sn),chronological - DOI-grouped,coverage_90,0.005336818893156958,-0.020345038756516196,0.0340920070267895,False,71,71,True
Chronological minus DOI-grouped on identical future records,PCE,percentage point,A x B domain,FA+Cs / Pb (no Sn),chronological - DOI-grouped,interval_90_mean_width,0.8775370299301262,0.33807537635977863,1.4356553836390313,True,71,71,True
Chronological minus DOI-grouped on identical future records,PCE,percentage point,A x B domain,FA+Cs / Pb+Sn,chronological - DOI-grouped,MAE,-0.3141487098313944,-0.3141487098313944,-0.3141487098313944,True,1,1,False
Chronological minus DOI-grouped on identical future records,PCE,percentage point,A x B domain,FA+Cs / Pb+Sn,chronological - DOI-grouped,bias,-0.3470137333099088,-0.3470137333099088,-0.3470137333099088,True,1,1,False
Chronological minus DOI-grouped on identical future records,PCE,percentage point,A x B domain,FA+Cs / Pb+Sn,chronological - DOI-grouped,RMSE,-0.41377485589568375,-0.41377485589568375,-0.41377485589568375,True,1,1,False
Chronological minus DOI-grouped on identical future records,PCE,percentage point,A x B domain,FA+Cs / Pb+Sn,chronological - DOI-grouped,R2,0.8801210418285352,0.8801210418285352,0.8801210418285352,True,1,1,False
Chronological minus DOI-grouped on identical future records,PCE,percentage point,A x B domain,FA+Cs / Pb+Sn,chronological - DOI-grouped,mean_feature_OOD_percentile,0.07686115948280858,0.07686115948280858,0.07686115948280858,True,1,1,False
Chronological minus DOI-grouped on identical future records,PCE,percentage point,A x B domain,FA+Cs / Pb+Sn,chronological - DOI-grouped,high_feature_OOD_fraction,0.0,0.0,0.0,False,1,1,False
Chronological minus DOI-grouped on identical future records,PCE,percentage point,A x B domain,FA+Cs / Pb+Sn,chronological - DOI-grouped,coverage_90,0.0,0.0,0.0,False,1,1,False
Chronological minus DOI-grouped on identical future records,PCE,percentage point,A x B domain,FA+Cs / Pb+Sn,chronological - DOI-grouped,interval_90_mean_width,-2.677417695597475,-2.677417695597475,-2.677417695597475,True,1,1,False
Chronological minus DOI-grouped on identical future records,PCE,percentage point,A x B domain,FA+MA / Pb (no Sn),chronological - DOI-grouped,MAE,0.2781298551364473,0.14249696299976558,0.4143613249338064,True,237,237,True
Chronological minus DOI-grouped on identical future records,PCE,percentage point,A x B domain,FA+MA / Pb (no Sn),chronological - DOI-grouped,bias,-0.6052640977780692,-0.7543689696258569,-0.45307965475212203,True,237,237,True
Chronological minus DOI-grouped on identical future records,PCE,percentage point,A x B domain,FA+MA / Pb (no Sn),chronological - DOI-grouped,RMSE,0.2757812323783977,0.13927541013497052,0.41700406158977493,True,237,237,True
Chronological minus DOI-grouped on identical future records,PCE,percentage point,A x B domain,FA+MA / Pb (no Sn),chronological - DOI-grouped,R2,-0.13239951936691863,-0.21618211572694448,-0.06428743826578237,True,237,237,True
Chronological minus DOI-grouped on identical future records,PCE,percentage point,A x B domain,FA+MA / Pb (no Sn),chronological - DOI-grouped,mean_feature_OOD_percentile,0.0601153748062111,0.04212691898422164,0.07599894904874352,True,237,237,True
Chronological minus DOI-grouped on identical future records,PCE,percentage point,A x B domain,FA+MA / Pb (no Sn),chronological - DOI-grouped,high_feature_OOD_fraction,0.030782508630609884,0.01221099719367397,0.050873055294483986,True,237,237,True
Chronological minus DOI-grouped on identical future records,PCE,percentage point,A x B domain,FA+MA / Pb (no Sn),chronological - DOI-grouped,coverage_90,0.003283823536988195,-0.01613163996324709,0.021131894004331974,False,237,237,True
Chronological minus DOI-grouped on identical future records,PCE,percentage point,A x B domain,FA+MA / Pb (no Sn),chronological - DOI-grouped,interval_90_mean_width,0.8807572645989286,0.572394885913925,1.2033043425674077,True,237,237,True
Chronological minus DOI-grouped on identical future records,PCE,percentage point,A x B domain,FA+MA / Pb+Sn,chronological - DOI-grouped,MAE,0.5764210349743886,-0.13630589858437514,1.2592948346625292,False,14,14,False
Chronological minus DOI-grouped on identical future records,PCE,percentage point,A x B domain,FA+MA / Pb+Sn,chronological - DOI-grouped,bias,-1.300956349506693,-1.8198995560680582,-0.714707043390228,True,14,14,False
Chronological minus DOI-grouped on identical future records,PCE,percentage point,A x B domain,FA+MA / Pb+Sn,chronological - DOI-grouped,RMSE,0.6602418354084669,-0.07355270753780563,1.305636806088296,False,14,14,False
Chronological minus DOI-grouped on identical future records,PCE,percentage point,A x B domain,FA+MA / Pb+Sn,chronological - DOI-grouped,R2,-0.44043105777210334,-1.8265897780400036,0.040815263656966486,False,14,14,False
Chronological minus DOI-grouped on identical future records,PCE,percentage point,A x B domain,FA+MA / Pb+Sn,chronological - DOI-grouped,mean_feature_OOD_percentile,0.09132928768152915,0.03979648523543123,0.14753476868114435,True,14,14,False
Chronological minus DOI-grouped on identical future records,PCE,percentage point,A x B domain,FA+MA / Pb+Sn,chronological - DOI-grouped,high_feature_OOD_fraction,0.07936507936507937,0.0,0.25013888888888874,False,14,14,False
Chronological minus DOI-grouped on identical future records,PCE,percentage point,A x B domain,FA+MA / Pb+Sn,chronological - DOI-grouped,coverage_90,-0.015873015873015817,-0.07072510822510823,0.022261904761904865,False,14,14,False
Chronological minus DOI-grouped on identical future records,PCE,percentage point,A x B domain,FA+MA / Pb+Sn,chronological - DOI-grouped,interval_90_mean_width,-0.4659569568451154,-1.461662198693548,0.3757929181080017,False,14,14,False
Chronological minus DOI-grouped on identical future records,PCE,percentage point,A x B domain,FA+MA / Sn (no Pb),chronological - DOI-grouped,MAE,0.14566320633340024,-0.3506746545239504,0.5056932141322452,False,5,5,False
Chronological minus DOI-grouped on identical future records,PCE,percentage point,A x B domain,FA+MA / Sn (no Pb),chronological - DOI-grouped,bias,-0.03234745099980857,-0.6066412264631967,0.7144433587354349,False,5,5,False
Chronological minus DOI-grouped on identical future records,PCE,percentage point,A x B domain,FA+MA / Sn (no Pb),chronological - DOI-grouped,RMSE,0.24174797255199376,-0.4138839425435201,0.5259228542422107,False,5,5,False
Chronological minus DOI-grouped on identical future records,PCE,percentage point,A x B domain,FA+MA / Sn (no Pb),chronological - DOI-grouped,R2,-0.2713144406346313,-1.0643342197752133,3.960866897055387,False,5,5,False
Chronological minus DOI-grouped on identical future records,PCE,percentage point,A x B domain,FA+MA / Sn (no Pb),chronological - DOI-grouped,mean_feature_OOD_percentile,-0.002347611496628099,-0.03361281509937992,0.026099512915311193,False,5,5,False
Chronological minus DOI-grouped on identical future records,PCE,percentage point,A x B domain,FA+MA / Sn (no Pb),chronological - DOI-grouped,high_feature_OOD_fraction,0.20000000000000007,0.0,0.6666666666666667,False,5,5,False
Chronological minus DOI-grouped on identical future records,PCE,percentage point,A x B domain,FA+MA / Sn (no Pb),chronological - DOI-grouped,coverage_90,-0.17142857142857149,-0.6666666666666667,0.09523809523809523,False,5,5,False
Chronological minus DOI-grouped on identical future records,PCE,percentage point,A x B domain,FA+MA / Sn (no Pb),chronological - DOI-grouped,interval_90_mean_width,0.5834771866617778,-1.4520588068242368,2.802932123443977,False,5,5,False
Chronological minus DOI-grouped on identical future records,PCE,percentage point,A x B domain,FA+MA+Cs / Pb (no Sn),chronological - DOI-grouped,MAE,0.0881895143473943,-0.019577816777068033,0.20484786951891878,False,334,334,True
Chronological minus DOI-grouped on identical future records,PCE,percentage point,A x B domain,FA+MA+Cs / Pb (no Sn),chronological - DOI-grouped,bias,-0.2657655260028701,-0.3929729952270315,-0.14578371319820577,True,334,334,True
Chronological minus DOI-grouped on identical future records,PCE,percentage point,A x B domain,FA+MA+Cs / Pb (no Sn),chronological - DOI-grouped,RMSE,0.01908047222094522,-0.11880366074702757,0.1541363191906766,False,334,334,True
Chronological minus DOI-grouped on identical future records,PCE,percentage point,A x B domain,FA+MA+Cs / Pb (no Sn),chronological - DOI-grouped,R2,-0.008682980056862744,-0.07139841565219503,0.05264339227332189,False,334,334,True
Chronological minus DOI-grouped on identical future records,PCE,percentage point,A x B domain,FA+MA+Cs / Pb (no Sn),chronological - DOI-grouped,mean_feature_OOD_percentile,0.08744353488198453,0.07366616085306718,0.10242522732895573,True,334,334,True
Chronological minus DOI-grouped on identical future records,PCE,percentage point,A x B domain,FA+MA+Cs / Pb (no Sn),chronological - DOI-grouped,high_feature_OOD_fraction,0.057593426592193755,0.03380351570057452,0.08171474832763567,True,334,334,True
Chronological minus DOI-grouped on identical future records,PCE,percentage point,A x B domain,FA+MA+Cs / Pb (no Sn),chronological - DOI-grouped,coverage_90,0.008516093022081117,-0.010955605083420628,0.02632288460040582,False,334,334,True
Chronological minus DOI-grouped on identical future records,PCE,percentage point,A x B domain,FA+MA+Cs / Pb (no Sn),chronological - DOI-grouped,interval_90_mean_width,0.6007873614441532,0.33731038999977364,0.8692920625669699,True,334,334,True
Chronological minus DOI-grouped on identical future records,PCE,percentage point,A x B domain,FA+MA+Cs / Pb+Sn,chronological - DOI-grouped,MAE,0.14725061827312924,-1.323357152793639,1.3519977913678045,False,8,8,False
Chronological minus DOI-grouped on identical future records,PCE,percentage point,A x B domain,FA+MA+Cs / Pb+Sn,chronological - DOI-grouped,bias,-1.2791327477380305,-2.994955001739164,0.7110295220873084,False,8,8,False
Chronological minus DOI-grouped on identical future records,PCE,percentage point,A x B domain,FA+MA+Cs / Pb+Sn,chronological - DOI-grouped,RMSE,-0.7387877413973349,-2.2360864355826986,1.4518098099749999,False,8,8,False
Chronological minus DOI-grouped on identical future records,PCE,percentage point,A x B domain,FA+MA+Cs / Pb+Sn,chronological - DOI-grouped,R2,0.3009237073087818,-1.6705664639422622,2.001745016356868,False,8,8,False
Chronological minus DOI-grouped on identical future records,PCE,percentage point,A x B domain,FA+MA+Cs / Pb+Sn,chronological - DOI-grouped,mean_feature_OOD_percentile,0.0642500654802467,0.022159429439175482,0.1436286956681115,True,8,8,False
Chronological minus DOI-grouped on identical future records,PCE,percentage point,A x B domain,FA+MA+Cs / Pb+Sn,chronological - DOI-grouped,high_feature_OOD_fraction,0.125,0.0,0.4285714285714286,False,8,8,False
Chronological minus DOI-grouped on identical future records,PCE,percentage point,A x B domain,FA+MA+Cs / Pb+Sn,chronological - DOI-grouped,coverage_90,0.033333333333333326,-0.21904761904761905,0.3809523809523808,False,8,8,False
Chronological minus DOI-grouped on identical future records,PCE,percentage point,A x B domain,FA+MA+Cs / Pb+Sn,chronological - DOI-grouped,interval_90_mean_width,0.5790525704811387,-1.8203033992133177,3.2476194155493263,False,8,8,False
Chronological minus DOI-grouped on identical future records,PCE,percentage point,A x B domain,MA (no FA/Cs) / Other/unknown,chronological - DOI-grouped,MAE,-0.2176778085373694,-0.4859478762152736,-0.01178335850985982,True,8,8,False
Chronological minus DOI-grouped on identical future records,PCE,percentage point,A x B domain,MA (no FA/Cs) / Other/unknown,chronological - DOI-grouped,bias,-0.24934364491109884,-0.5043867270215056,-0.07280053064648263,True,8,8,False
Chronological minus DOI-grouped on identical future records,PCE,percentage point,A x B domain,MA (no FA/Cs) / Other/unknown,chronological - DOI-grouped,RMSE,-0.30325386896303985,-0.6256052071132777,0.0138480117289207,False,8,8,False
Chronological minus DOI-grouped on identical future records,PCE,percentage point,A x B domain,MA (no FA/Cs) / Other/unknown,chronological - DOI-grouped,R2,1.699251466222718,-0.03949954553898636,75.47057627298065,False,8,8,False
Chronological minus DOI-grouped on identical future records,PCE,percentage point,A x B domain,MA (no FA/Cs) / Other/unknown,chronological - DOI-grouped,mean_feature_OOD_percentile,0.0011474250944831788,-0.021183883934332227,0.03167963568431519,False,8,8,False
Chronological minus DOI-grouped on identical future records,PCE,percentage point,A x B domain,MA (no FA/Cs) / Other/unknown,chronological - DOI-grouped,high_feature_OOD_fraction,0.0,0.0,0.0,False,8,8,False
Chronological minus DOI-grouped on identical future records,PCE,percentage point,A x B domain,MA (no FA/Cs) / Other/unknown,chronological - DOI-grouped,coverage_90,0.0,0.0,0.0,False,8,8,False
Chronological minus DOI-grouped on identical future records,PCE,percentage point,A x B domain,MA (no FA/Cs) / Other/unknown,chronological - DOI-grouped,interval_90_mean_width,-0.2709480012889838,-1.7696016682186086,0.6486886418479022,False,8,8,False
Chronological minus DOI-grouped on identical future records,PCE,percentage point,A x B domain,MA (no FA/Cs) / Pb (no Sn),chronological - DOI-grouped,MAE,0.182641654587143,0.12158924518910451,0.2368803394227277,True,915,915,True
Chronological minus DOI-grouped on identical future records,PCE,percentage point,A x B domain,MA (no FA/Cs) / Pb (no Sn),chronological - DOI-grouped,bias,-0.34049489263687815,-0.41273414990722657,-0.27426039984895073,True,915,915,True
Chronological minus DOI-grouped on identical future records,PCE,percentage point,A x B domain,MA (no FA/Cs) / Pb (no Sn),chronological - DOI-grouped,RMSE,0.15771044858281247,0.08937239945591158,0.22263597973602267,True,915,915,True
Chronological minus DOI-grouped on identical future records,PCE,percentage point,A x B domain,MA (no FA/Cs) / Pb (no Sn),chronological - DOI-grouped,R2,-0.05744350672674847,-0.08122272492348094,-0.032778618995034675,True,915,915,True
Chronological minus DOI-grouped on identical future records,PCE,percentage point,A x B domain,MA (no FA/Cs) / Pb (no Sn),chronological - DOI-grouped,mean_feature_OOD_percentile,0.01833781110132393,0.010987206792695428,0.025463056263600233,True,915,915,True
Chronological minus DOI-grouped on identical future records,PCE,percentage point,A x B domain,MA (no FA/Cs) / Pb (no Sn),chronological - DOI-grouped,high_feature_OOD_fraction,0.034043370108943885,0.021896384322396736,0.04721722714671513,True,915,915,True
Chronological minus DOI-grouped on identical future records,PCE,percentage point,A x B domain,MA (no FA/Cs) / Pb (no Sn),chronological - DOI-grouped,coverage_90,-0.0013288143787514306,-0.01052775865566546,0.007978877398131693,False,915,915,True
Chronological minus DOI-grouped on identical future records,PCE,percentage point,A x B domain,MA (no FA/Cs) / Pb (no Sn),chronological - DOI-grouped,interval_90_mean_width,0.6273129994919397,0.4966299489094498,0.765387711503232,True,915,915,True
Chronological minus DOI-grouped on identical future records,PCE,percentage point,A x B domain,MA (no FA/Cs) / Pb+Sn,chronological - DOI-grouped,MAE,0.06355067682348414,-0.024941004739330808,0.15204235838629887,False,2,2,False
Chronological minus DOI-grouped on identical future records,PCE,percentage point,A x B domain,MA (no FA/Cs) / Pb+Sn,chronological - DOI-grouped,bias,0.08254524529467622,-0.15063964070733485,0.31573013129668737,False,2,2,False
Chronological minus DOI-grouped on identical future records,PCE,percentage point,A x B domain,MA (no FA/Cs) / Pb+Sn,chronological - DOI-grouped,RMSE,-0.030370188402652598,-0.08059922463371638,0.09013791190504206,False,2,2,False
Chronological minus DOI-grouped on identical future records,PCE,percentage point,A x B domain,MA (no FA/Cs) / Pb+Sn,chronological - DOI-grouped,R2,0.027053171588347302,-0.15445678368223614,0.05551473175575472,False,2,2,False
Chronological minus DOI-grouped on identical future records,PCE,percentage point,A x B domain,MA (no FA/Cs) / Pb+Sn,chronological - DOI-grouped,mean_feature_OOD_percentile,0.06682537738818617,0.053503707075169826,0.08014704770120262,True,2,2,False
Chronological minus DOI-grouped on identical future records,PCE,percentage point,A x B domain,MA (no FA/Cs) / Pb+Sn,chronological - DOI-grouped,high_feature_OOD_fraction,0.5,0.0,1.0,False,2,2,False
Chronological minus DOI-grouped on identical future records,PCE,percentage point,A x B domain,MA (no FA/Cs) / Pb+Sn,chronological - DOI-grouped,coverage_90,0.0,0.0,0.0,False,2,2,False
Chronological minus DOI-grouped on identical future records,PCE,percentage point,A x B domain,MA (no FA/Cs) / Pb+Sn,chronological - DOI-grouped,interval_90_mean_width,-1.286536078221907,-1.348873455483588,-1.2241987009602244,True,2,2,False
Chronological minus DOI-grouped on identical future records,PCE,percentage point,A x B domain,MA (no FA/Cs) / Sn (no Pb),chronological - DOI-grouped,MAE,0.07933189934430596,-0.06831795393995721,0.23681500269578465,False,5,5,False
Chronological minus DOI-grouped on identical future records,PCE,percentage point,A x B domain,MA (no FA/Cs) / Sn (no Pb),chronological - DOI-grouped,bias,-0.24994826934435416,-0.6540994405309271,0.07030734009200457,False,5,5,False
Chronological minus DOI-grouped on identical future records,PCE,percentage point,A x B domain,MA (no FA/Cs) / Sn (no Pb),chronological - DOI-grouped,RMSE,-0.014601555639882191,-0.18498613354049853,0.12028106289839598,False,5,5,False
Chronological minus DOI-grouped on identical future records,PCE,percentage point,A x B domain,MA (no FA/Cs) / Sn (no Pb),chronological - DOI-grouped,R2,0.021461802472843572,-0.4869120472040773,0.952935179397056,False,5,5,False
Chronological minus DOI-grouped on identical future records,PCE,percentage point,A x B domain,MA (no FA/Cs) / Sn (no Pb),chronological - DOI-grouped,mean_feature_OOD_percentile,-0.01624899860255158,-0.053170719373810044,0.011718553423558098,False,5,5,False
Chronological minus DOI-grouped on identical future records,PCE,percentage point,A x B domain,MA (no FA/Cs) / Sn (no Pb),chronological - DOI-grouped,high_feature_OOD_fraction,0.013333333333333253,0.0,0.044444444444444446,False,5,5,False
Chronological minus DOI-grouped on identical future records,PCE,percentage point,A x B domain,MA (no FA/Cs) / Sn (no Pb),chronological - DOI-grouped,coverage_90,0.0,0.0,0.0,False,5,5,False
Chronological minus DOI-grouped on identical future records,PCE,percentage point,A x B domain,MA (no FA/Cs) / Sn (no Pb),chronological - DOI-grouped,interval_90_mean_width,0.2776516303671084,-0.9178567647213391,1.2793687406224397,False,5,5,False
Chronological minus DOI-grouped on identical future records,PCE,percentage point,A x B domain,MA+Cs / Pb (no Sn),chronological - DOI-grouped,MAE,0.13320183864916624,-0.5755274950200626,0.9566235645368327,False,15,15,False
Chronological minus DOI-grouped on identical future records,PCE,percentage point,A x B domain,MA+Cs / Pb (no Sn),chronological - DOI-grouped,bias,-0.3095663300596905,-1.124008687379963,0.43919582586897005,False,15,15,False
Chronological minus DOI-grouped on identical future records,PCE,percentage point,A x B domain,MA+Cs / Pb (no Sn),chronological - DOI-grouped,RMSE,0.2528074916380594,-0.47892895010549974,1.1145479405634868,False,15,15,False
Chronological minus DOI-grouped on identical future records,PCE,percentage point,A x B domain,MA+Cs / Pb (no Sn),chronological - DOI-grouped,R2,-0.1993194645931975,-1.120815465577026,0.41541400048329663,False,15,15,False
Chronological minus DOI-grouped on identical future records,PCE,percentage point,A x B domain,MA+Cs / Pb (no Sn),chronological - DOI-grouped,mean_feature_OOD_percentile,0.06808611892701888,0.03836121129011563,0.1013365684410013,True,15,15,False
Chronological minus DOI-grouped on identical future records,PCE,percentage point,A x B domain,MA+Cs / Pb (no Sn),chronological - DOI-grouped,high_feature_OOD_fraction,0.0,-0.2,0.2,False,15,15,False
Chronological minus DOI-grouped on identical future records,PCE,percentage point,A x B domain,MA+Cs / Pb (no Sn),chronological - DOI-grouped,coverage_90,0.0,0.0,0.0,False,15,15,False
Chronological minus DOI-grouped on identical future records,PCE,percentage point,A x B domain,MA+Cs / Pb (no Sn),chronological - DOI-grouped,interval_90_mean_width,0.7500048271846396,-0.17247945352229951,1.7784513500244368,False,15,15,False
Chronological minus DOI-grouped on identical future records,PCE,percentage point,A x B domain,Other/unknown / Other/unknown,chronological - DOI-grouped,MAE,-0.13959723419288883,-0.4233692969584656,0.13498223043009627,False,7,7,False
Chronological minus DOI-grouped on identical future records,PCE,percentage point,A x B domain,Other/unknown / Other/unknown,chronological - DOI-grouped,bias,-0.2630273426929717,-0.4867565273098282,-0.04861942583744617,True,7,7,False
Chronological minus DOI-grouped on identical future records,PCE,percentage point,A x B domain,Other/unknown / Other/unknown,chronological - DOI-grouped,RMSE,0.11598520902142972,-0.4595121277092868,0.2739974826743458,False,7,7,False
Chronological minus DOI-grouped on identical future records,PCE,percentage point,A x B domain,Other/unknown / Other/unknown,chronological - DOI-grouped,R2,-0.01880080702982523,-0.04219788324749709,24.065051566665296,False,7,7,False
Chronological minus DOI-grouped on identical future records,PCE,percentage point,A x B domain,Other/unknown / Other/unknown,chronological - DOI-grouped,mean_feature_OOD_percentile,-0.030451614636042734,-0.09026495556571586,0.00029998302133622546,False,7,7,False
Chronological minus DOI-grouped on identical future records,PCE,percentage point,A x B domain,Other/unknown / Other/unknown,chronological - DOI-grouped,high_feature_OOD_fraction,-0.1428571428571429,-0.43015873015873013,0.0,False,7,7,False
Chronological minus DOI-grouped on identical future records,PCE,percentage point,A x B domain,Other/unknown / Other/unknown,chronological - DOI-grouped,coverage_90,0.0,0.0,0.0,False,7,7,False
Chronological minus DOI-grouped on identical future records,PCE,percentage point,A x B domain,Other/unknown / Other/unknown,chronological - DOI-grouped,interval_90_mean_width,-0.8189476259088533,-2.4268585070164765,0.7977386785709522,False,7,7,False
Chronological minus DOI-grouped on identical future records,PCE,percentage point,A x B domain,Other/unknown / Pb (no Sn),chronological - DOI-grouped,MAE,0.6130985206848902,-0.21785495948432482,1.4666759952120005,False,14,14,False
Chronological minus DOI-grouped on identical future records,PCE,percentage point,A x B domain,Other/unknown / Pb (no Sn),chronological - DOI-grouped,bias,0.7490370443412926,-0.11489132891235383,1.5943955750302645,False,14,14,False
Chronological minus DOI-grouped on identical future records,PCE,percentage point,A x B domain,Other/unknown / Pb (no Sn),chronological - DOI-grouped,RMSE,0.82607565803188,-0.06964558358334341,1.627538479533617,False,14,14,False
Chronological minus DOI-grouped on identical future records,PCE,percentage point,A x B domain,Other/unknown / Pb (no Sn),chronological - DOI-grouped,R2,-0.31038708162303486,-4.87808719294826,0.02790857921423853,False,14,14,False
Chronological minus DOI-grouped on identical future records,PCE,percentage point,A x B domain,Other/unknown / Pb (no Sn),chronological - DOI-grouped,mean_feature_OOD_percentile,0.046662655080264126,-3.523251724031057e-05,0.1043506054160293,False,14,14,False
Chronological minus DOI-grouped on identical future records,PCE,percentage point,A x B domain,Other/unknown / Pb (no Sn),chronological - DOI-grouped,high_feature_OOD_fraction,0.16666666666666663,-0.030378787878787953,0.3999999999999999,False,14,14,False
Chronological minus DOI-grouped on identical future records,PCE,percentage point,A x B domain,Other/unknown / Pb (no Sn),chronological - DOI-grouped,coverage_90,-0.013605442176870763,-0.07407407407407418,0.030612244897959218,False,14,14,False
Chronological minus DOI-grouped on identical future records,PCE,percentage point,A x B domain,Other/unknown / Pb (no Sn),chronological - DOI-grouped,interval_90_mean_width,2.166331658993009,0.24662167502200336,3.9572805800298205,True,14,14,False
Chronological minus DOI-grouped on identical future records,PCE,percentage point,A x B domain,Other/unknown / Sn (no Pb),chronological - DOI-grouped,MAE,-0.1774094406911555,-0.4469209686980684,0.08185951523987778,False,4,4,False
Chronological minus DOI-grouped on identical future records,PCE,percentage point,A x B domain,Other/unknown / Sn (no Pb),chronological - DOI-grouped,bias,0.0038576358337835126,-0.4469209686980684,0.3191763975016485,False,4,4,False
Chronological minus DOI-grouped on identical future records,PCE,percentage point,A x B domain,Other/unknown / Sn (no Pb),chronological - DOI-grouped,RMSE,-0.211869354606939,-0.4469209686980684,0.20289389169748273,False,4,4,False
Chronological minus DOI-grouped on identical future records,PCE,percentage point,A x B domain,Other/unknown / Sn (no Pb),chronological - DOI-grouped,R2,0.3986017571479017,-1.681946049025096,2.6617874365842784,False,4,4,False
Chronological minus DOI-grouped on identical future records,PCE,percentage point,A x B domain,Other/unknown / Sn (no Pb),chronological - DOI-grouped,mean_feature_OOD_percentile,-0.003057506635313345,-0.008879303171792863,0.0037526486268877335,False,4,4,False
Chronological minus DOI-grouped on identical future records,PCE,percentage point,A x B domain,Other/unknown / Sn (no Pb),chronological - DOI-grouped,high_feature_OOD_fraction,0.0,0.0,0.0,False,4,4,False
Chronological minus DOI-grouped on identical future records,PCE,percentage point,A x B domain,Other/unknown / Sn (no Pb),chronological - DOI-grouped,coverage_90,0.03125,0.0,0.09375,False,4,4,False
Chronological minus DOI-grouped on identical future records,PCE,percentage point,A x B domain,Other/unknown / Sn (no Pb),chronological - DOI-grouped,interval_90_mean_width,0.4226776064227078,-0.08488519356735935,0.7527782928721791,False,4,4,False
Chronological minus DOI-grouped on identical future records,PCE,percentage point,FA presence,FA absent,chronological - DOI-grouped,MAE,0.2597940393441851,0.20386803558269445,0.31402097722035044,True,1124,1124,True
Chronological minus DOI-grouped on identical future records,PCE,percentage point,FA presence,FA absent,chronological - DOI-grouped,bias,-0.4690028314662764,-0.5388933604427627,-0.40087359442110637,True,1124,1124,True
Chronological minus DOI-grouped on identical future records,PCE,percentage point,FA presence,FA absent,chronological - DOI-grouped,RMSE,0.22730928332897316,0.16581200389030695,0.28898551666330285,True,1124,1124,True
Chronological minus DOI-grouped on identical future records,PCE,percentage point,FA presence,FA absent,chronological - DOI-grouped,R2,-0.06822819027951288,-0.0876815046128696,-0.049677833876398736,True,1124,1124,True
Chronological minus DOI-grouped on identical future records,PCE,percentage point,FA presence,FA absent,chronological - DOI-grouped,mean_feature_OOD_percentile,0.02301596619170687,0.016709364329967967,0.02916494185028876,True,1124,1124,True
Chronological minus DOI-grouped on identical future records,PCE,percentage point,FA presence,FA absent,chronological - DOI-grouped,high_feature_OOD_fraction,0.05881699046484894,0.045200550607096074,0.07314163190992527,True,1124,1124,True
Chronological minus DOI-grouped on identical future records,PCE,percentage point,FA presence,FA absent,chronological - DOI-grouped,coverage_90,0.0007110602088219453,-0.0071400514230246645,0.00853304372935608,False,1124,1124,True
Chronological minus DOI-grouped on identical future records,PCE,percentage point,FA presence,FA absent,chronological - DOI-grouped,interval_90_mean_width,0.8464274735988795,0.7195931004373872,0.9855192228710189,True,1124,1124,True
Chronological minus DOI-grouped on identical future records,PCE,percentage point,FA presence,FA present,chronological - DOI-grouped,MAE,0.17942087883903346,0.10346579799031684,0.25524194813207113,True,685,685,True
Chronological minus DOI-grouped on identical future records,PCE,percentage point,FA presence,FA present,chronological - DOI-grouped,bias,-0.4983623588561501,-0.5870928741622186,-0.40943298897050645,True,685,685,True
Chronological minus DOI-grouped on identical future records,PCE,percentage point,FA presence,FA present,chronological - DOI-grouped,RMSE,0.11610309964363363,0.023970912323145667,0.20606337261698826,True,685,685,True
Chronological minus DOI-grouped on identical future records,PCE,percentage point,FA presence,FA present,chronological - DOI-grouped,R2,-0.04241026607114384,-0.07642421358789686,-0.008792807449016608,True,685,685,True
Chronological minus DOI-grouped on identical future records,PCE,percentage point,FA presence,FA present,chronological - DOI-grouped,mean_feature_OOD_percentile,0.06942898943819886,0.06047160042587486,0.07850981227956894,True,685,685,True
Chronological minus DOI-grouped on identical future records,PCE,percentage point,FA presence,FA present,chronological - DOI-grouped,high_feature_OOD_fraction,0.050486490990999375,0.035827703758074834,0.0666962946516301,True,685,685,True
Chronological minus DOI-grouped on identical future records,PCE,percentage point,FA presence,FA present,chronological - DOI-grouped,coverage_90,0.0053127792726331835,-0.0065175648356692985,0.017025650709029838,False,685,685,True
Chronological minus DOI-grouped on identical future records,PCE,percentage point,FA presence,FA present,chronological - DOI-grouped,interval_90_mean_width,0.7202454805222551,0.5369998215090194,0.902456059785558,True,685,685,True
Chronological minus DOI-grouped on identical future records,PCE,percentage point,MA presence,MA absent,chronological - DOI-grouped,MAE,0.476709833216038,0.3495443640346274,0.6002389789456452,True,320,320,True
Chronological minus DOI-grouped on identical future records,PCE,percentage point,MA presence,MA absent,chronological - DOI-grouped,bias,-0.964510573373248,-1.1105489553244683,-0.8336703224962763,True,320,320,True
Chronological minus DOI-grouped on identical future records,PCE,percentage point,MA presence,MA absent,chronological - DOI-grouped,RMSE,0.4360415497172263,0.29766734628607916,0.5693080968324487,True,320,320,True
Chronological minus DOI-grouped on identical future records,PCE,percentage point,MA presence,MA absent,chronological - DOI-grouped,R2,-0.1034109743240299,-0.13851189605541264,-0.07027951337450537,True,320,320,True
Chronological minus DOI-grouped on identical future records,PCE,percentage point,MA presence,MA absent,chronological - DOI-grouped,mean_feature_OOD_percentile,0.045114833843236224,0.03504238125912291,0.05478022661042248,True,320,320,True
Chronological minus DOI-grouped on identical future records,PCE,percentage point,MA presence,MA absent,chronological - DOI-grouped,high_feature_OOD_fraction,0.13007017824706385,0.09446016935701909,0.16723739661536757,True,320,320,True
Chronological minus DOI-grouped on identical future records,PCE,percentage point,MA presence,MA absent,chronological - DOI-grouped,coverage_90,0.009069825956314781,-0.0021054808966218,0.01984849895254348,False,320,320,True
Chronological minus DOI-grouped on identical future records,PCE,percentage point,MA presence,MA absent,chronological - DOI-grouped,interval_90_mean_width,1.5092337629199903,1.2463703341831505,1.7906927762908198,True,320,320,True
Chronological minus DOI-grouped on identical future records,PCE,percentage point,MA presence,MA present,chronological - DOI-grouped,MAE,0.176385647513428,0.1270613086951301,0.22248914826870403,True,1460,1460,True
Chronological minus DOI-grouped on identical future records,PCE,percentage point,MA presence,MA present,chronological - DOI-grouped,bias,-0.37507171546987206,-0.43589572364851586,-0.3177504424584164,True,1460,1460,True
Chronological minus DOI-grouped on identical future records,PCE,percentage point,MA presence,MA present,chronological - DOI-grouped,RMSE,0.13503946510008724,0.07819801078123442,0.19292623100764766,True,1460,1460,True
Chronological minus DOI-grouped on identical future records,PCE,percentage point,MA presence,MA present,chronological - DOI-grouped,R2,-0.04438536559622397,-0.06415380450575109,-0.025774536813351633,True,1460,1460,True
Chronological minus DOI-grouped on identical future records,PCE,percentage point,MA presence,MA present,chronological - DOI-grouped,mean_feature_OOD_percentile,0.04028323390756061,0.03465815552036667,0.046226311920585975,True,1460,1460,True
Chronological minus DOI-grouped on identical future records,PCE,percentage point,MA presence,MA present,chronological - DOI-grouped,high_feature_OOD_fraction,0.04028452644588823,0.029795750149285007,0.051596561719013556,True,1460,1460,True
Chronological minus DOI-grouped on identical future records,PCE,percentage point,MA presence,MA present,chronological - DOI-grouped,coverage_90,0.0021828738844543727,-0.0053072432994961645,0.010071352789851435,False,1460,1460,True
Chronological minus DOI-grouped on identical future records,PCE,percentage point,MA presence,MA present,chronological - DOI-grouped,interval_90_mean_width,0.654160897102182,0.5380940654042163,0.7768371354437021,True,1460,1460,True
Chronological minus DOI-grouped on identical future records,PCE,percentage point,Cs presence,Cs absent,chronological - DOI-grouped,MAE,0.19505227804471348,0.14315121467996017,0.24113369970904938,True,1211,1211,True
Chronological minus DOI-grouped on identical future records,PCE,percentage point,Cs presence,Cs absent,chronological - DOI-grouped,bias,-0.40296298991329293,-0.46454837432880075,-0.3422056848176743,True,1211,1211,True
Chronological minus DOI-grouped on identical future records,PCE,percentage point,Cs presence,Cs absent,chronological - DOI-grouped,RMSE,0.17976387852869147,0.12071120226956235,0.23039638374211394,True,1211,1211,True
Chronological minus DOI-grouped on identical future records,PCE,percentage point,Cs presence,Cs absent,chronological - DOI-grouped,R2,-0.053837580545940567,-0.06987042121520627,-0.03637724217140263,True,1211,1211,True
Chronological minus DOI-grouped on identical future records,PCE,percentage point,Cs presence,Cs absent,chronological - DOI-grouped,mean_feature_OOD_percentile,0.026421264195992333,0.020246931498673817,0.032720747272544135,True,1211,1211,True
Chronological minus DOI-grouped on identical future records,PCE,percentage point,Cs presence,Cs absent,chronological - DOI-grouped,high_feature_OOD_fraction,0.03379446112120456,0.02301718868148517,0.04440859646162047,True,1211,1211,True
Chronological minus DOI-grouped on identical future records,PCE,percentage point,Cs presence,Cs absent,chronological - DOI-grouped,coverage_90,1.3546945262454813e-05,-0.00835813970381542,0.008429164748008913,False,1211,1211,True
Chronological minus DOI-grouped on identical future records,PCE,percentage point,Cs presence,Cs absent,chronological - DOI-grouped,interval_90_mean_width,0.6726483035758335,0.5466115410233797,0.7997689348620937,True,1211,1211,True
Chronological minus DOI-grouped on identical future records,PCE,percentage point,Cs presence,Cs present,chronological - DOI-grouped,MAE,0.29341656273153305,0.20455376798577513,0.38604437373238293,True,587,587,True
Chronological minus DOI-grouped on identical future records,PCE,percentage point,Cs presence,Cs present,chronological - DOI-grouped,bias,-0.6282405212602374,-0.7328508470318235,-0.5305189705635652,True,587,587,True
Chronological minus DOI-grouped on identical future records,PCE,percentage point,Cs presence,Cs present,chronological - DOI-grouped,RMSE,0.19816166797779244,0.0826538235316566,0.3107605065759819,True,587,587,True
Chronological minus DOI-grouped on identical future records,PCE,percentage point,Cs presence,Cs present,chronological - DOI-grouped,R2,-0.05358912063118304,-0.0869807117060369,-0.022361375871999874,True,587,587,True
Chronological minus DOI-grouped on identical future records,PCE,percentage point,Cs presence,Cs present,chronological - DOI-grouped,mean_feature_OOD_percentile,0.07178604889343576,0.06283826696268599,0.08162575746228995,True,587,587,True
Chronological minus DOI-grouped on identical future records,PCE,percentage point,Cs presence,Cs present,chronological - DOI-grouped,high_feature_OOD_fraction,0.10008253231190756,0.07811292499940406,0.12563067226586372,True,587,587,True
Chronological minus DOI-grouped on identical future records,PCE,percentage point,Cs presence,Cs present,chronological - DOI-grouped,coverage_90,0.009584470962114122,-0.002081684947367826,0.021521619816213037,False,587,587,True
Chronological minus DOI-grouped on identical future records,PCE,percentage point,Cs presence,Cs present,chronological - DOI-grouped,interval_90_mean_width,1.0653440053560992,0.8669687511374354,1.2535917476843768,True,587,587,True
Chronological minus DOI-grouped on identical future records,PCE,percentage point,Pb presence,Pb absent,chronological - DOI-grouped,MAE,0.09968537634915364,-0.014918393504226789,0.21778776009180978,False,55,55,True
Chronological minus DOI-grouped on identical future records,PCE,percentage point,Pb presence,Pb absent,chronological - DOI-grouped,bias,-0.27824771028178164,-0.41863324830777104,-0.14189053835216142,True,55,55,True
Chronological minus DOI-grouped on identical future records,PCE,percentage point,Pb presence,Pb absent,chronological - DOI-grouped,RMSE,0.15777088795660754,0.0629544160492791,0.2737960346760271,True,55,55,True
Chronological minus DOI-grouped on identical future records,PCE,percentage point,Pb presence,Pb absent,chronological - DOI-grouped,R2,-0.05102803046095283,-0.12128949229245056,-0.023275608981241057,True,55,55,True
Chronological minus DOI-grouped on identical future records,PCE,percentage point,Pb presence,Pb absent,chronological - DOI-grouped,mean_feature_OOD_percentile,0.020345856481934765,9.852274295550374e-05,0.04599247287660268,True,55,55,True
Chronological minus DOI-grouped on identical future records,PCE,percentage point,Pb presence,Pb absent,chronological - DOI-grouped,high_feature_OOD_fraction,0.11030303030303024,0.014747564742219091,0.21322172619047614,True,55,55,True
Chronological minus DOI-grouped on identical future records,PCE,percentage point,Pb presence,Pb absent,chronological - DOI-grouped,coverage_90,-0.02031680440771344,-0.06386036007624812,0.00718851015643697,False,55,55,True
Chronological minus DOI-grouped on identical future records,PCE,percentage point,Pb presence,Pb absent,chronological - DOI-grouped,interval_90_mean_width,0.07696222744464087,-0.3479591831118291,0.4666394839420338,False,55,55,True
Chronological minus DOI-grouped on identical future records,PCE,percentage point,Pb presence,Pb present,chronological - DOI-grouped,MAE,0.23098430188619945,0.18360553186539902,0.2783030672886922,True,1680,1680,True
Chronological minus DOI-grouped on identical future records,PCE,percentage point,Pb presence,Pb present,chronological - DOI-grouped,bias,-0.4875903884228739,-0.5475980599661788,-0.43412621020993186,True,1680,1680,True
Chronological minus DOI-grouped on identical future records,PCE,percentage point,Pb presence,Pb present,chronological - DOI-grouped,RMSE,0.18112222926137367,0.1263141976933104,0.23363913068864683,True,1680,1680,True
Chronological minus DOI-grouped on identical future records,PCE,percentage point,Pb presence,Pb present,chronological - DOI-grouped,R2,-0.060126038943000726,-0.07834413987582442,-0.04143058493548057,True,1680,1680,True
Chronological minus DOI-grouped on identical future records,PCE,percentage point,Pb presence,Pb present,chronological - DOI-grouped,mean_feature_OOD_percentile,0.041513303391720435,0.03658220407988479,0.0470596563030423,True,1680,1680,True
Chronological minus DOI-grouped on identical future records,PCE,percentage point,Pb presence,Pb present,chronological - DOI-grouped,high_feature_OOD_fraction,0.05428697042466661,0.04398526331705644,0.06537364109711864,True,1680,1680,True
Chronological minus DOI-grouped on identical future records,PCE,percentage point,Pb presence,Pb present,chronological - DOI-grouped,coverage_90,0.004636769689141285,-0.0018938317591734337,0.011528230597081149,False,1680,1680,True
Chronological minus DOI-grouped on identical future records,PCE,percentage point,Pb presence,Pb present,chronological - DOI-grouped,interval_90_mean_width,0.8261849061449702,0.7178935342967546,0.9364395292562114,True,1680,1680,True
Chronological minus DOI-grouped on identical future records,PCE,percentage point,Sn presence,Sn absent,chronological - DOI-grouped,MAE,0.22687129250476668,0.1801132483319663,0.27443178270926605,True,1685,1685,True
Chronological minus DOI-grouped on identical future records,PCE,percentage point,Sn presence,Sn absent,chronological - DOI-grouped,bias,-0.47263984395707365,-0.5335008574722747,-0.42027329969952315,True,1685,1685,True
Chronological minus DOI-grouped on identical future records,PCE,percentage point,Sn presence,Sn absent,chronological - DOI-grouped,RMSE,0.18655694850865334,0.13239722549414076,0.23822817531202647,True,1685,1685,True
Chronological minus DOI-grouped on identical future records,PCE,percentage point,Sn presence,Sn absent,chronological - DOI-grouped,R2,-0.05647937182483087,-0.07255427290662192,-0.039416010367154336,True,1685,1685,True
Chronological minus DOI-grouped on identical future records,PCE,percentage point,Sn presence,Sn absent,chronological - DOI-grouped,mean_feature_OOD_percentile,0.04125318192800642,0.03602264508443827,0.04669466730442978,True,1685,1685,True
Chronological minus DOI-grouped on identical future records,PCE,percentage point,Sn presence,Sn absent,chronological - DOI-grouped,high_feature_OOD_fraction,0.054857830057432194,0.04461462639126075,0.06654687130308329,True,1685,1685,True
Chronological minus DOI-grouped on identical future records,PCE,percentage point,Sn presence,Sn absent,chronological - DOI-grouped,coverage_90,0.0042857680175093504,-0.0022186910349500156,0.01115140019355762,False,1685,1685,True
Chronological minus DOI-grouped on identical future records,PCE,percentage point,Sn presence,Sn absent,chronological - DOI-grouped,interval_90_mean_width,0.8298814378738246,0.7235772532111523,0.9408607273887115,True,1685,1685,True
Chronological minus DOI-grouped on identical future records,PCE,percentage point,Sn presence,Sn present,chronological - DOI-grouped,MAE,0.3096464513554027,0.044586888724910026,0.5654654767178063,True,55,55,True
Chronological minus DOI-grouped on identical future records,PCE,percentage point,Sn presence,Sn present,chronological - DOI-grouped,bias,-0.7986940577747949,-1.103463360295585,-0.46733322943063715,True,55,55,True
Chronological minus DOI-grouped on identical future records,PCE,percentage point,Sn presence,Sn present,chronological - DOI-grouped,RMSE,0.08989805299281528,-0.44571543272556163,0.6242764581976166,False,55,55,True
Chronological minus DOI-grouped on identical future records,PCE,percentage point,Sn presence,Sn present,chronological - DOI-grouped,R2,-0.018037053507719225,-0.12041910158321081,0.09739195967883948,False,55,55,True
Chronological minus DOI-grouped on identical future records,PCE,percentage point,Sn presence,Sn present,chronological - DOI-grouped,mean_feature_OOD_percentile,0.038122452600029666,0.020372460458496895,0.05830836776622514,True,55,55,True
Chronological minus DOI-grouped on identical future records,PCE,percentage point,Sn presence,Sn present,chronological - DOI-grouped,high_feature_OOD_fraction,0.10626262626262628,0.024783333333333303,0.20227083333333332,True,55,55,True
Chronological minus DOI-grouped on identical future records,PCE,percentage point,Sn presence,Sn present,chronological - DOI-grouped,coverage_90,-0.013751147842056999,-0.07328418945333587,0.04310208333333322,False,55,55,True
Chronological minus DOI-grouped on identical future records,PCE,percentage point,Sn presence,Sn present,chronological - DOI-grouped,interval_90_mean_width,-0.014037012577302832,-0.494772747801022,0.470963332718368,False,55,55,True
Within chronological cohort,PCE,percentage point,A-site pattern,FA (no MA/Cs),FA (no MA/Cs) - MA (no FA/Cs),MAE,-0.07664815590825791,-0.6301369504845385,0.4821049204835995,False,62,928,True
Within chronological cohort,PCE,percentage point,A-site pattern,FA (no MA/Cs),FA (no MA/Cs) - MA (no FA/Cs),bias,-0.6798507232944647,-1.556763197954252,0.187583584442118,False,62,928,True
Within chronological cohort,PCE,percentage point,A-site pattern,FA (no MA/Cs),FA (no MA/Cs) - MA (no FA/Cs),RMSE,-0.002154720226045015,-0.700159438884266,0.6366799192788297,False,62,928,True
Within chronological cohort,PCE,percentage point,A-site pattern,FA (no MA/Cs),FA (no MA/Cs) - MA (no FA/Cs),R2,0.1531090777495987,-0.01103988141563201,0.29821197136048533,False,62,928,True
Within chronological cohort,PCE,percentage point,A-site pattern,FA (no MA/Cs),FA (no MA/Cs) - MA (no FA/Cs),mean_feature_OOD_percentile,0.2834683522426157,0.24713658630141172,0.3235899084961289,True,62,928,True
Within chronological cohort,PCE,percentage point,A-site pattern,FA (no MA/Cs),FA (no MA/Cs) - MA (no FA/Cs),high_feature_OOD_fraction,0.26790102499438445,0.16326048663988268,0.3899739133566919,True,62,928,True
Within chronological cohort,PCE,percentage point,A-site pattern,FA (no MA/Cs),FA (no MA/Cs) - MA (no FA/Cs),coverage_90,0.013859844959726364,-0.046342061474988094,0.06744914614512261,False,62,928,True
Within chronological cohort,PCE,percentage point,A-site pattern,FA (no MA/Cs),FA (no MA/Cs) - MA (no FA/Cs),interval_90_mean_width,1.2699421748244557,0.058877780604462894,2.558558789350759,True,62,928,True
Within chronological cohort,PCE,percentage point,A-site pattern,Cs (no FA/MA),Cs (no FA/MA) - MA (no FA/Cs),MAE,-0.45889363072041567,-0.752768201535436,-0.17861236167028202,True,174,928,True
Within chronological cohort,PCE,percentage point,A-site pattern,Cs (no FA/MA),Cs (no FA/MA) - MA (no FA/Cs),bias,-0.9118929388653293,-1.350481722099636,-0.47000444286779636,True,174,928,True
Within chronological cohort,PCE,percentage point,A-site pattern,Cs (no FA/MA),Cs (no FA/MA) - MA (no FA/Cs),RMSE,-0.6556899104742318,-1.0076287025022512,-0.32345978014528254,True,174,928,True
Within chronological cohort,PCE,percentage point,A-site pattern,Cs (no FA/MA),Cs (no FA/MA) - MA (no FA/Cs),R2,0.07551319047424943,-0.07846222319558294,0.20407879055877867,False,174,928,True
Within chronological cohort,PCE,percentage point,A-site pattern,Cs (no FA/MA),Cs (no FA/MA) - MA (no FA/Cs),mean_feature_OOD_percentile,0.3632450471566453,0.339505608987391,0.38662635656596994,True,174,928,True
Within chronological cohort,PCE,percentage point,A-site pattern,Cs (no FA/MA),Cs (no FA/MA) - MA (no FA/Cs),high_feature_OOD_fraction,0.4225408919747606,0.35314826329218724,0.4916643039295065,True,174,928,True
Within chronological cohort,PCE,percentage point,A-site pattern,Cs (no FA/MA),Cs (no FA/MA) - MA (no FA/Cs),coverage_90,0.06020852316324321,0.03645398417640573,0.08548293167638954,True,174,928,True
Within chronological cohort,PCE,percentage point,A-site pattern,Cs (no FA/MA),Cs (no FA/MA) - MA (no FA/Cs),interval_90_mean_width,-0.333729594473434,-0.9408003153059811,0.24860785103485022,False,174,928,True
Within chronological cohort,PCE,percentage point,A-site pattern,FA+MA,FA+MA - MA (no FA/Cs),MAE,-0.2999312189920489,-0.5217053007567027,-0.05286059008169571,True,255,928,True
Within chronological cohort,PCE,percentage point,A-site pattern,FA+MA,FA+MA - MA (no FA/Cs),bias,-0.42545516374007264,-0.8422819096116092,0.04876080871056057,False,255,928,True
Within chronological cohort,PCE,percentage point,A-site pattern,FA+MA,FA+MA - MA (no FA/Cs),RMSE,-0.3881844414310458,-0.6692943787373903,-0.10857195774312965,True,255,928,True
Within chronological cohort,PCE,percentage point,A-site pattern,FA+MA,FA+MA - MA (no FA/Cs),R2,-0.08420664010741585,-0.25848988451924837,0.06461509589872737,False,255,928,True
Within chronological cohort,PCE,percentage point,A-site pattern,FA+MA,FA+MA - MA (no FA/Cs),mean_feature_OOD_percentile,0.11583303396014688,0.08102570288785205,0.14966936813949358,True,255,928,True
Within chronological cohort,PCE,percentage point,A-site pattern,FA+MA,FA+MA - MA (no FA/Cs),high_feature_OOD_fraction,0.022645110763138146,-0.01903231650155493,0.06414456533596245,False,255,928,True
Within chronological cohort,PCE,percentage point,A-site pattern,FA+MA,FA+MA - MA (no FA/Cs),coverage_90,0.030194800502461594,0.002842334600729418,0.057006318402548724,True,255,928,True
Within chronological cohort,PCE,percentage point,A-site pattern,FA+MA,FA+MA - MA (no FA/Cs),interval_90_mean_width,-0.4018609738344079,-0.8395029485455885,0.0459458447329037,False,255,928,True
Within chronological cohort,PCE,percentage point,A-site pattern,FA+Cs,FA+Cs - MA (no FA/Cs),MAE,-0.0094509903851967,-0.44347644563806693,0.4285711298182713,False,72,928,True
Within chronological cohort,PCE,percentage point,A-site pattern,FA+Cs,FA+Cs - MA (no FA/Cs),bias,-0.39546758273577487,-1.1760999564104564,0.371002962774985,False,72,928,True
Within chronological cohort,PCE,percentage point,A-site pattern,FA+Cs,FA+Cs - MA (no FA/Cs),RMSE,-0.1389798584072537,-0.6529439296296113,0.3752539893735797,False,72,928,True
Within chronological cohort,PCE,percentage point,A-site pattern,FA+Cs,FA+Cs - MA (no FA/Cs),R2,-0.18915757990646154,-0.5396121551195058,0.030862911709889033,False,72,928,True
Within chronological cohort,PCE,percentage point,A-site pattern,FA+Cs,FA+Cs - MA (no FA/Cs),mean_feature_OOD_percentile,0.2538912903236382,0.2084162375631121,0.30011182355640675,True,72,928,True
Within chronological cohort,PCE,percentage point,A-site pattern,FA+Cs,FA+Cs - MA (no FA/Cs),high_feature_OOD_fraction,0.12658463529089797,0.03799646718891778,0.22288548048233028,True,72,928,True
Within chronological cohort,PCE,percentage point,A-site pattern,FA+Cs,FA+Cs - MA (no FA/Cs),coverage_90,0.027624055162108307,-0.022057779272869383,0.07373921622946963,False,72,928,True
Within chronological cohort,PCE,percentage point,A-site pattern,FA+Cs,FA+Cs - MA (no FA/Cs),interval_90_mean_width,1.1695555055477467,0.31400295414750573,2.2202794173034155,True,72,928,True
Within chronological cohort,PCE,percentage point,A-site pattern,MA+Cs,MA+Cs - MA (no FA/Cs),MAE,-0.038894437182806385,-1.2589609424398902,1.3121534999813216,False,15,928,False
Within chronological cohort,PCE,percentage point,A-site pattern,MA+Cs,MA+Cs - MA (no FA/Cs),bias,-1.4401161393078938,-3.136450914530832,0.12493064635619275,False,15,928,False
Within chronological cohort,PCE,percentage point,A-site pattern,MA+Cs,MA+Cs - MA (no FA/Cs),RMSE,0.037061184215949616,-1.3755033654295858,1.2361881375926498,False,15,928,False
Within chronological cohort,PCE,percentage point,A-site pattern,MA+Cs,MA+Cs - MA (no FA/Cs),R2,-0.9858032774554986,-3.3756097980164093,-0.07771037438259981,True,15,928,False
Within chronological cohort,PCE,percentage point,A-site pattern,MA+Cs,MA+Cs - MA (no FA/Cs),mean_feature_OOD_percentile,0.15517273970693268,0.062388299193463725,0.24021015575325394,True,15,928,False
Within chronological cohort,PCE,percentage point,A-site pattern,MA+Cs,MA+Cs - MA (no FA/Cs),high_feature_OOD_fraction,-0.028970920264657585,-0.10775134452391613,0.1346747617942894,False,15,928,False
Within chronological cohort,PCE,percentage point,A-site pattern,MA+Cs,MA+Cs - MA (no FA/Cs),coverage_90,0.09066417861889864,0.062105303021822995,0.1140635332850529,True,15,928,False
Within chronological cohort,PCE,percentage point,A-site pattern,MA+Cs,MA+Cs - MA (no FA/Cs),interval_90_mean_width,2.3839788045176373,0.9161673039920136,3.9526159682610493,True,15,928,False
Within chronological cohort,PCE,percentage point,A-site pattern,FA+MA+Cs,FA+MA+Cs - MA (no FA/Cs),MAE,-0.26417222180716804,-0.5021954288270679,-0.013785359874320422,True,342,928,True
Within chronological cohort,PCE,percentage point,A-site pattern,FA+MA+Cs,FA+MA+Cs - MA (no FA/Cs),bias,0.2185664853214283,-0.20493070227305135,0.6758161714608825,False,342,928,True
Within chronological cohort,PCE,percentage point,A-site pattern,FA+MA+Cs,FA+MA+Cs - MA (no FA/Cs),RMSE,-0.1576186652762055,-0.48694890691456616,0.17032481140036215,False,342,928,True
Within chronological cohort,PCE,percentage point,A-site pattern,FA+MA+Cs,FA+MA+Cs - MA (no FA/Cs),R2,-0.19204111302580917,-0.3047325848349696,-0.08295984456506285,True,342,928,True
Within chronological cohort,PCE,percentage point,A-site pattern,FA+MA+Cs,FA+MA+Cs - MA (no FA/Cs),mean_feature_OOD_percentile,0.010035247290161808,-0.022653633911565232,0.045521753502748334,False,342,928,True
Within chronological cohort,PCE,percentage point,A-site pattern,FA+MA+Cs,FA+MA+Cs - MA (no FA/Cs),high_feature_OOD_fraction,0.010460992851466053,-0.025894422541736285,0.0477050896333508,False,342,928,True
Within chronological cohort,PCE,percentage point,A-site pattern,FA+MA+Cs,FA+MA+Cs - MA (no FA/Cs),coverage_90,0.0034906674322295883,-0.025328803186363685,0.030518435262856292,False,342,928,True
Within chronological cohort,PCE,percentage point,A-site pattern,FA+MA+Cs,FA+MA+Cs - MA (no FA/Cs),interval_90_mean_width,-1.4414675709249813,-1.876145101656915,-1.01320417600064,True,342,928,True
Within chronological cohort,PCE,percentage point,A-site pattern,Other/unknown,Other/unknown - MA (no FA/Cs),MAE,0.09841227837380817,-1.346482139598183,1.6477674504975803,False,25,928,True
Within chronological cohort,PCE,percentage point,A-site pattern,Other/unknown,Other/unknown - MA (no FA/Cs),bias,1.550594813649292,-0.4828687743921286,3.3561905282604747,False,25,928,True
Within chronological cohort,PCE,percentage point,A-site pattern,Other/unknown,Other/unknown - MA (no FA/Cs),RMSE,0.918832355654625,-1.0807299145811395,2.7150563980358458,False,25,928,True
Within chronological cohort,PCE,percentage point,A-site pattern,Other/unknown,Other/unknown - MA (no FA/Cs),R2,-0.0058700267260595185,-2.343511996774122,0.2029180862735561,False,25,928,True
Within chronological cohort,PCE,percentage point,A-site pattern,Other/unknown,Other/unknown - MA (no FA/Cs),mean_feature_OOD_percentile,0.42155839195380107,0.39548433580948317,0.44673188210907405,True,25,928,True
Within chronological cohort,PCE,percentage point,A-site pattern,Other/unknown,Other/unknown - MA (no FA/Cs),high_feature_OOD_fraction,0.7710290797353423,0.6397021646625238,0.8832189471837539,True,25,928,True
Within chronological cohort,PCE,percentage point,A-site pattern,Other/unknown,Other/unknown - MA (no FA/Cs),coverage_90,0.048441956396676256,-0.045333305658102764,0.10958259996336067,False,25,928,True
Within chronological cohort,PCE,percentage point,A-site pattern,Other/unknown,Other/unknown - MA (no FA/Cs),interval_90_mean_width,2.0229132186030725,-1.16086479145681,4.874588639561677,False,25,928,True
Within chronological cohort,PCE,percentage point,B-site pattern,Sn (no Pb),Sn (no Pb) - Pb (no Sn),MAE,-1.2151322897695063,-1.5893322807547163,-0.7863415975849398,True,30,1660,True
Within chronological cohort,PCE,percentage point,B-site pattern,Sn (no Pb),Sn (no Pb) - Pb (no Sn),bias,-0.034021353120566644,-0.7520647966888302,0.6834919997989861,False,30,1660,True
Within chronological cohort,PCE,percentage point,B-site pattern,Sn (no Pb),Sn (no Pb) - Pb (no Sn),RMSE,-1.579343819328979,-2.0610128750473584,-1.1003647561759926,True,30,1660,True
Within chronological cohort,PCE,percentage point,B-site pattern,Sn (no Pb),Sn (no Pb) - Pb (no Sn),R2,-0.08693675601092421,-0.49057722950152266,0.1321047500548993,False,30,1660,True
Within chronological cohort,PCE,percentage point,B-site pattern,Sn (no Pb),Sn (no Pb) - Pb (no Sn),mean_feature_OOD_percentile,0.3198040584704194,0.2868246406421046,0.35069373567683904,True,30,1660,True
Within chronological cohort,PCE,percentage point,B-site pattern,Sn (no Pb),Sn (no Pb) - Pb (no Sn),high_feature_OOD_fraction,0.4802399738718477,0.3113343979549365,0.6472943639142641,True,30,1660,True
Within chronological cohort,PCE,percentage point,B-site pattern,Sn (no Pb),Sn (no Pb) - Pb (no Sn),coverage_90,0.007391947713923819,-0.08513046933843083,0.0816843018281797,False,30,1660,True
Within chronological cohort,PCE,percentage point,B-site pattern,Sn (no Pb),Sn (no Pb) - Pb (no Sn),interval_90_mean_width,-4.026044709150964,-4.764894797863777,-3.231794983100883,True,30,1660,True
Within chronological cohort,PCE,percentage point,B-site pattern,Pb+Sn,Pb+Sn - Pb (no Sn),MAE,0.6384933406435991,-0.24482791463167455,1.5467276769955318,False,25,1660,True
Within chronological cohort,PCE,percentage point,B-site pattern,Pb+Sn,Pb+Sn - Pb (no Sn),bias,-1.358153947050154,-2.607482226518623,-0.0902811857391202,True,25,1660,True
Within chronological cohort,PCE,percentage point,B-site pattern,Pb+Sn,Pb+Sn - Pb (no Sn),RMSE,0.5976007365392659,-0.40408059451588946,1.5518273774376763,False,25,1660,True
Within chronological cohort,PCE,percentage point,B-site pattern,Pb+Sn,Pb+Sn - Pb (no Sn),R2,-0.3920737543899997,-1.1606393473443863,-0.06843628856405902,True,25,1660,True
Within chronological cohort,PCE,percentage point,B-site pattern,Pb+Sn,Pb+Sn - Pb (no Sn),mean_feature_OOD_percentile,0.2623487720824049,0.2244047836615343,0.29903553520517256,True,25,1660,True
Within chronological cohort,PCE,percentage point,B-site pattern,Pb+Sn,Pb+Sn - Pb (no Sn),high_feature_OOD_fraction,0.13676522639710026,-0.013703415943527902,0.3164140229650586,False,25,1660,True
Within chronological cohort,PCE,percentage point,B-site pattern,Pb+Sn,Pb+Sn - Pb (no Sn),coverage_90,-0.01171916339718726,-0.10542280385770426,0.06768993226113705,False,25,1660,True
Within chronological cohort,PCE,percentage point,B-site pattern,Pb+Sn,Pb+Sn - Pb (no Sn),interval_90_mean_width,1.927400576359826,0.5607122700338862,3.575040669294669,True,25,1660,True
Within chronological cohort,PCE,percentage point,B-site pattern,Other/unknown,Other/unknown - Pb (no Sn),MAE,-2.024032423912912,-2.772083164613398,-0.6653670344619244,True,25,1660,True
Within chronological cohort,PCE,percentage point,B-site pattern,Other/unknown,Other/unknown - Pb (no Sn),bias,0.4339382129441597,-0.9401412971647538,1.255534684760034,False,25,1660,True
Within chronological cohort,PCE,percentage point,B-site pattern,Other/unknown,Other/unknown - Pb (no Sn),RMSE,-0.8763388159694068,-3.4804510934132806,1.5651201857435573,False,25,1660,True
Within chronological cohort,PCE,percentage point,B-site pattern,Other/unknown,Other/unknown - Pb (no Sn),R2,0.2499697379894168,-0.5969705852903122,0.2871853011661158,False,25,1660,True
Within chronological cohort,PCE,percentage point,B-site pattern,Other/unknown,Other/unknown - Pb (no Sn),mean_feature_OOD_percentile,0.344221136778453,0.310883935899408,0.3734947792875929,True,25,1660,True
Within chronological cohort,PCE,percentage point,B-site pattern,Other/unknown,Other/unknown - Pb (no Sn),high_feature_OOD_fraction,0.6383207819526558,0.47749671530962606,0.7914211771392694,True,25,1660,True
Within chronological cohort,PCE,percentage point,B-site pattern,Other/unknown,Other/unknown - Pb (no Sn),coverage_90,0.050725281047257154,-0.04028631105942005,0.09848123001067272,False,25,1660,True
Within chronological cohort,PCE,percentage point,B-site pattern,Other/unknown,Other/unknown - Pb (no Sn),interval_90_mean_width,-5.3270920792766425,-6.157347684955129,-3.757456715934337,True,25,1660,True
Presence contrast within chronological cohort,PCE,percentage point,FA presence,FA present,FA present - absent,MAE,-0.18037412117751472,-0.34194285495225857,-0.004245821329194451,True,685,1124,True
Presence contrast within chronological cohort,PCE,percentage point,FA presence,FA present,FA present - absent,bias,0.018943408468935607,-0.2767147527243922,0.345844000596289,False,685,1124,True
Presence contrast within chronological cohort,PCE,percentage point,FA presence,FA present,FA present - absent,RMSE,-0.17102552020628714,-0.39226782724912596,0.04386862238589775,False,685,1124,True
Presence contrast within chronological cohort,PCE,percentage point,FA presence,FA present,FA present - absent,R2,-0.09438699269082207,-0.17458435488386684,-0.006021566557402056,True,685,1124,True
Presence contrast within chronological cohort,PCE,percentage point,FA presence,FA present,FA present - absent,mean_feature_OOD_percentile,0.028275314901073267,0.002680946008250196,0.054610366595073095,True,685,1124,True
Presence contrast within chronological cohort,PCE,percentage point,FA presence,FA present,FA present - absent,high_feature_OOD_fraction,-0.0289514852288065,-0.056306012746461985,0.0016826321473482563,False,685,1124,True
Presence contrast within chronological cohort,PCE,percentage point,FA presence,FA present,FA present - absent,coverage_90,0.0073748382095218945,-0.012029128202421932,0.02745798695318967,False,685,1124,True
Presence contrast within chronological cohort,PCE,percentage point,FA presence,FA present,FA present - absent,interval_90_mean_width,-0.5936774703747609,-0.9185070253799428,-0.22707714757952982,True,685,1124,True
Presence contrast within chronological cohort,PCE,percentage point,MA presence,MA present,MA present - absent,MAE,0.17629912912070722,-0.05476748491113495,0.4166048877044551,False,1460,320,True
Presence contrast within chronological cohort,PCE,percentage point,MA presence,MA present,MA present - absent,bias,0.6021059607549917,0.20305487706099284,0.9759558569602506,True,1460,320,True
Presence contrast within chronological cohort,PCE,percentage point,MA presence,MA present,MA present - absent,RMSE,0.22452296559302232,-0.08803459408832826,0.5462366598950203,False,1460,320,True
Presence contrast within chronological cohort,PCE,percentage point,MA presence,MA present,MA present - absent,R2,-0.19617350835886094,-0.27819853285160717,-0.1081014434994021,True,1460,320,True
Presence contrast within chronological cohort,PCE,percentage point,MA presence,MA present,MA present - absent,mean_feature_OOD_percentile,-0.3053772187210563,-0.32578434061801376,-0.28470073570642035,True,1460,320,True
Presence contrast within chronological cohort,PCE,percentage point,MA presence,MA present,MA present - absent,high_feature_OOD_fraction,-0.3403396830901964,-0.3908235874444633,-0.28946638076509407,True,1460,320,True
Presence contrast within chronological cohort,PCE,percentage point,MA presence,MA present,MA present - absent,coverage_90,-0.03932654663505186,-0.06104083748658375,-0.016872033741557987,True,1460,320,True
Presence contrast within chronological cohort,PCE,percentage point,MA presence,MA present,MA present - absent,interval_90_mean_width,-0.7178957887060857,-1.2379156206393027,-0.18952344771740384,True,1460,320,True
Presence contrast within chronological cohort,PCE,percentage point,Cs presence,Cs present,Cs present - absent,MAE,-0.23874769950468977,-0.4162941937334028,-0.05359745297045823,True,587,1211,True
Presence contrast within chronological cohort,PCE,percentage point,Cs presence,Cs present,Cs present - absent,bias,-0.10025844983141297,-0.44310164290784626,0.20896482257175156,False,587,1211,True
Presence contrast within chronological cohort,PCE,percentage point,Cs presence,Cs present,Cs present - absent,RMSE,-0.25452822873084324,-0.48906548316950893,-0.025356481237772153,True,587,1211,True
Presence contrast within chronological cohort,PCE,percentage point,Cs presence,Cs present,Cs present - absent,R2,0.09379094484451789,0.010067156576869851,0.17365440107742952,True,587,1211,True
Presence contrast within chronological cohort,PCE,percentage point,Cs presence,Cs present,Cs present - absent,mean_feature_OOD_percentile,0.1041205014413511,0.07722148465179726,0.1317652386455422,True,587,1211,True
Presence contrast within chronological cohort,PCE,percentage point,Cs presence,Cs present,Cs present - absent,high_feature_OOD_fraction,0.11257115413879126,0.07725567746573572,0.14893584454231648,True,587,1211,True
Presence contrast within chronological cohort,PCE,percentage point,Cs presence,Cs present,Cs present - absent,coverage_90,0.0196401806651334,-0.0005936491095618557,0.03758593604034652,False,587,1211,True
Presence contrast within chronological cohort,PCE,percentage point,Cs presence,Cs present,Cs present - absent,interval_90_mean_width,-0.7178537702299703,-1.0875143387182753,-0.3680178045248879,True,587,1211,True
Presence contrast within chronological cohort,PCE,percentage point,Pb presence,Pb present,Pb present - absent,MAE,1.589614167651262,0.9251899543266008,2.0746927958015484,True,1680,55,True
Presence contrast within chronological cohort,PCE,percentage point,Pb presence,Pb present,Pb present - absent,bias,-0.19059985315930683,-0.7967252029098224,0.4997784648530371,False,1680,55,True
Presence contrast within chronological cohort,PCE,percentage point,Pb presence,Pb present,Pb present - absent,RMSE,1.2441795754215654,-0.06397155485988446,2.434871374272073,False,1680,55,True
Presence contrast within chronological cohort,PCE,percentage point,Pb presence,Pb present,Pb present - absent,R2,-0.2206995409443503,-0.330577092796961,-0.12654050649725468,True,1680,55,True
Presence contrast within chronological cohort,PCE,percentage point,Pb presence,Pb present,Pb present - absent,mean_feature_OOD_percentile,-0.3275300153850973,-0.3515045321334969,-0.3031136248508467,True,1680,55,True
Presence contrast within chronological cohort,PCE,percentage point,Pb presence,Pb present,Pb present - absent,high_feature_OOD_fraction,-0.5502398773268912,-0.6694194994596127,-0.4334834043195454,True,1680,55,True
Presence contrast within chronological cohort,PCE,percentage point,Pb presence,Pb present,Pb present - absent,coverage_90,-0.026929583944155455,-0.07828306094328837,0.03694885231301086,False,1680,55,True
Presence contrast within chronological cohort,PCE,percentage point,Pb presence,Pb present,Pb present - absent,interval_90_mean_width,4.64381575253271,3.8331829753231355,5.320209568561175,True,1680,55,True
Presence contrast within chronological cohort,PCE,percentage point,Sn presence,Sn present,Sn present - absent,MAE,-0.3425450303788149,-0.8594367562522343,0.17836674963757881,False,55,1685,True
Presence contrast within chronological cohort,PCE,percentage point,Sn presence,Sn present,Sn present - absent,bias,-0.6423380573243118,-1.3597985371330867,0.05831961682126787,False,55,1685,True
Presence contrast within chronological cohort,PCE,percentage point,Sn presence,Sn present,Sn present - absent,RMSE,-0.4117744716903422,-1.0857567558273886,0.21065445032027777,False,55,1685,True
Presence contrast within chronological cohort,PCE,percentage point,Sn presence,Sn present,Sn present - absent,R2,0.25667280473112,0.13362248313283223,0.3599377735653041,True,55,1685,True
Presence contrast within chronological cohort,PCE,percentage point,Sn presence,Sn present,Sn present - absent,mean_feature_OOD_percentile,0.2885808806752699,0.2630008447109568,0.3172019517144141,True,55,1685,True
Presence contrast within chronological cohort,PCE,percentage point,Sn presence,Sn present,Sn present - absent,high_feature_OOD_fraction,0.3146444539089814,0.19588348227609778,0.448154296121228,True,55,1685,True
Presence contrast within chronological cohort,PCE,percentage point,Sn presence,Sn present,Sn present - absent,coverage_90,-0.0020475215819548698,-0.06529290988809604,0.05258731306533822,False,55,1685,True
Presence contrast within chronological cohort,PCE,percentage point,Sn presence,Sn present,Sn present - absent,interval_90_mean_width,-1.2408962412669915,-2.2531672690040567,0.02970922764770871,False,55,1685,True
Chronological minus DOI-grouped on identical future records,Voc,V,A-site pattern,MA (no FA/Cs),chronological - DOI-grouped,MAE,0.0032605225983174946,0.0015870239668055095,0.004908975048157873,True,928,928,True
Chronological minus DOI-grouped on identical future records,Voc,V,A-site pattern,MA (no FA/Cs),chronological - DOI-grouped,bias,-0.0077357324750671926,-0.009722751185648274,-0.005918344420767055,True,928,928,True
Chronological minus DOI-grouped on identical future records,Voc,V,A-site pattern,MA (no FA/Cs),chronological - DOI-grouped,RMSE,0.0005526782163541855,-0.0018923704549961813,0.0031969558846740103,False,928,928,True
Chronological minus DOI-grouped on identical future records,Voc,V,A-site pattern,MA (no FA/Cs),chronological - DOI-grouped,R2,-0.006838663260869682,-0.03971225733452119,0.024412959645531418,False,928,928,True
Chronological minus DOI-grouped on identical future records,Voc,V,A-site pattern,MA (no FA/Cs),chronological - DOI-grouped,mean_feature_OOD_percentile,0.01813329941064934,0.010907098017057013,0.025231028254709447,True,928,928,True
Chronological minus DOI-grouped on identical future records,Voc,V,A-site pattern,MA (no FA/Cs),chronological - DOI-grouped,high_feature_OOD_fraction,0.03363830853054991,0.02168782136340278,0.04663314391797715,True,928,928,True
Chronological minus DOI-grouped on identical future records,Voc,V,A-site pattern,MA (no FA/Cs),chronological - DOI-grouped,coverage_90,-0.0044515705015324425,-0.016169026469442623,0.008320879644060036,False,928,928,True
Chronological minus DOI-grouped on identical future records,Voc,V,A-site pattern,MA (no FA/Cs),chronological - DOI-grouped,interval_90_mean_width,0.009357470337945595,0.004173445115260346,0.014771043515937159,True,928,928,True
Chronological minus DOI-grouped on identical future records,Voc,V,A-site pattern,FA (no MA/Cs),chronological - DOI-grouped,MAE,0.0036537016273381073,-0.004276409821236805,0.01168585027699215,False,62,62,True
Chronological minus DOI-grouped on identical future records,Voc,V,A-site pattern,FA (no MA/Cs),chronological - DOI-grouped,bias,-0.01836343985557752,-0.026742617278176322,-0.010803532389295016,True,62,62,True
Chronological minus DOI-grouped on identical future records,Voc,V,A-site pattern,FA (no MA/Cs),chronological - DOI-grouped,RMSE,0.001273322902591273,-0.006187471501626406,0.008442964863647194,False,62,62,True
Chronological minus DOI-grouped on identical future records,Voc,V,A-site pattern,FA (no MA/Cs),chronological - DOI-grouped,R2,-0.004618092950191999,-0.03154677474258415,0.0233747642962209,False,62,62,True
Chronological minus DOI-grouped on identical future records,Voc,V,A-site pattern,FA (no MA/Cs),chronological - DOI-grouped,mean_feature_OOD_percentile,0.025548131172159816,0.001042197462254499,0.050773283838473064,True,62,62,True
Chronological minus DOI-grouped on identical future records,Voc,V,A-site pattern,FA (no MA/Cs),chronological - DOI-grouped,high_feature_OOD_fraction,0.021505376344086002,-0.031463399656104174,0.07830988455988448,False,62,62,True
Chronological minus DOI-grouped on identical future records,Voc,V,A-site pattern,FA (no MA/Cs),chronological - DOI-grouped,coverage_90,-0.006207233626588482,-0.059450183654729066,0.04890168899602862,False,62,62,True
Chronological minus DOI-grouped on identical future records,Voc,V,A-site pattern,FA (no MA/Cs),chronological - DOI-grouped,interval_90_mean_width,0.02057309596775997,0.0011880819986680364,0.039190700489052106,True,62,62,True
Chronological minus DOI-grouped on identical future records,Voc,V,A-site pattern,Cs (no FA/MA),chronological - DOI-grouped,MAE,0.03536633800315776,0.025145937286444552,0.045826194518831805,True,174,174,True
Chronological minus DOI-grouped on identical future records,Voc,V,A-site pattern,Cs (no FA/MA),chronological - DOI-grouped,bias,-0.06391016314995282,-0.07355501239799635,-0.05505414539364492,True,174,174,True
Chronological minus DOI-grouped on identical future records,Voc,V,A-site pattern,Cs (no FA/MA),chronological - DOI-grouped,RMSE,0.03342031422828426,0.02146897010635231,0.0453876916967146,True,174,174,True
Chronological minus DOI-grouped on identical future records,Voc,V,A-site pattern,Cs (no FA/MA),chronological - DOI-grouped,R2,-0.18476212101093892,-0.29624673583207567,-0.11326984345605826,True,174,174,True
Chronological minus DOI-grouped on identical future records,Voc,V,A-site pattern,Cs (no FA/MA),chronological - DOI-grouped,mean_feature_OOD_percentile,0.04753136488900733,0.03608049201246659,0.059922335774836945,True,174,174,True
Chronological minus DOI-grouped on identical future records,Voc,V,A-site pattern,Cs (no FA/MA),chronological - DOI-grouped,high_feature_OOD_fraction,0.20240113529225623,0.14938365557351344,0.2624523413938603,True,174,174,True
Chronological minus DOI-grouped on identical future records,Voc,V,A-site pattern,Cs (no FA/MA),chronological - DOI-grouped,coverage_90,-0.009725792294250857,-0.03457024031997258,0.014002154672228408,False,174,174,True
Chronological minus DOI-grouped on identical future records,Voc,V,A-site pattern,Cs (no FA/MA),chronological - DOI-grouped,interval_90_mean_width,0.08649810553709847,0.06522499839634809,0.1076580937509605,True,174,174,True
Chronological minus DOI-grouped on identical future records,Voc,V,A-site pattern,FA+MA,chronological - DOI-grouped,MAE,0.004057693850865629,0.0012891474752165135,0.006745673045239935,True,255,255,True
Chronological minus DOI-grouped on identical future records,Voc,V,A-site pattern,FA+MA,chronological - DOI-grouped,bias,-0.010210937741472087,-0.012989711599196697,-0.007139041453911848,True,255,255,True
Chronological minus DOI-grouped on identical future records,Voc,V,A-site pattern,FA+MA,chronological - DOI-grouped,RMSE,0.00229247078303145,-0.0013024175319282954,0.005706394883775373,False,255,255,True
Chronological minus DOI-grouped on identical future records,Voc,V,A-site pattern,FA+MA,chronological - DOI-grouped,R2,-0.020040022419358983,-0.055869603207158565,0.011042656163037276,False,255,255,True
Chronological minus DOI-grouped on identical future records,Voc,V,A-site pattern,FA+MA,chronological - DOI-grouped,mean_feature_OOD_percentile,0.059284149563402444,0.04294137547944132,0.07411198727906766,True,255,255,True
Chronological minus DOI-grouped on identical future records,Voc,V,A-site pattern,FA+MA,chronological - DOI-grouped,high_feature_OOD_fraction,0.036888492770845716,0.015750030620720275,0.059155783874365035,True,255,255,True
Chronological minus DOI-grouped on identical future records,Voc,V,A-site pattern,FA+MA,chronological - DOI-grouped,coverage_90,-0.019021446962623534,-0.040734169353131046,0.0019076487866625574,False,255,255,True
Chronological minus DOI-grouped on identical future records,Voc,V,A-site pattern,FA+MA,chronological - DOI-grouped,interval_90_mean_width,0.01462249397256632,0.004193343878521188,0.025100585472591058,True,255,255,True
Chronological minus DOI-grouped on identical future records,Voc,V,A-site pattern,FA+Cs,chronological - DOI-grouped,MAE,0.009823662340350953,0.003704258060505055,0.01597533828943259,True,72,72,True
Chronological minus DOI-grouped on identical future records,Voc,V,A-site pattern,FA+Cs,chronological - DOI-grouped,bias,-0.0164975204997144,-0.02288161555100827,-0.011060350496301434,True,72,72,True
Chronological minus DOI-grouped on identical future records,Voc,V,A-site pattern,FA+Cs,chronological - DOI-grouped,RMSE,0.014306898640119095,0.0053461891527695,0.02427444281091446,True,72,72,True
Chronological minus DOI-grouped on identical future records,Voc,V,A-site pattern,FA+Cs,chronological - DOI-grouped,R2,-0.18318712248829772,-0.37265129217736204,-0.06234319644236212,True,72,72,True
Chronological minus DOI-grouped on identical future records,Voc,V,A-site pattern,FA+Cs,chronological - DOI-grouped,mean_feature_OOD_percentile,0.06122274590344401,0.03884252905968661,0.0833647485439586,True,72,72,True
Chronological minus DOI-grouped on identical future records,Voc,V,A-site pattern,FA+Cs,chronological - DOI-grouped,high_feature_OOD_fraction,0.07407407407407404,0.02487310071265295,0.13336538461538458,True,72,72,True
Chronological minus DOI-grouped on identical future records,Voc,V,A-site pattern,FA+Cs,chronological - DOI-grouped,coverage_90,-0.023586560044893568,-0.07811406475468977,0.018262418216253486,False,72,72,True
Chronological minus DOI-grouped on identical future records,Voc,V,A-site pattern,FA+Cs,chronological - DOI-grouped,interval_90_mean_width,0.03668740447865254,0.019562591883457974,0.055901827836111896,True,72,72,True
Chronological minus DOI-grouped on identical future records,Voc,V,A-site pattern,MA+Cs,chronological - DOI-grouped,MAE,0.003010915286764601,-0.011053695759399436,0.019383430600290377,False,15,15,False
Chronological minus DOI-grouped on identical future records,Voc,V,A-site pattern,MA+Cs,chronological - DOI-grouped,bias,-0.015958578566414573,-0.029822319527593812,-0.003423539039841126,True,15,15,False
Chronological minus DOI-grouped on identical future records,Voc,V,A-site pattern,MA+Cs,chronological - DOI-grouped,RMSE,-0.002807511272810398,-0.015534336755630191,0.015660528602055055,False,15,15,False
Chronological minus DOI-grouped on identical future records,Voc,V,A-site pattern,MA+Cs,chronological - DOI-grouped,R2,0.0477946872957582,-0.991697104574921,0.19061237395214142,False,15,15,False
Chronological minus DOI-grouped on identical future records,Voc,V,A-site pattern,MA+Cs,chronological - DOI-grouped,mean_feature_OOD_percentile,0.06808611892701888,0.03836121129011563,0.1013365684410013,True,15,15,False
Chronological minus DOI-grouped on identical future records,Voc,V,A-site pattern,MA+Cs,chronological - DOI-grouped,high_feature_OOD_fraction,0.0,-0.2,0.2,False,15,15,False
Chronological minus DOI-grouped on identical future records,Voc,V,A-site pattern,MA+Cs,chronological - DOI-grouped,coverage_90,0.01666666666666672,0.0,0.05357142857142849,False,15,15,False
Chronological minus DOI-grouped on identical future records,Voc,V,A-site pattern,MA+Cs,chronological - DOI-grouped,interval_90_mean_width,0.002414659863493651,-0.03905775028173785,0.04407526970088209,False,15,15,False
Chronological minus DOI-grouped on identical future records,Voc,V,A-site pattern,FA+MA+Cs,chronological - DOI-grouped,MAE,0.002612516133329322,0.0002403526896360142,0.005048025530842556,True,342,342,True
Chronological minus DOI-grouped on identical future records,Voc,V,A-site pattern,FA+MA+Cs,chronological - DOI-grouped,bias,-0.004370074884555465,-0.007298612582764729,-0.0014587348448555158,True,342,342,True
Chronological minus DOI-grouped on identical future records,Voc,V,A-site pattern,FA+MA+Cs,chronological - DOI-grouped,RMSE,9.070016431875216e-05,-0.0036732155258268804,0.0035403199223101797,False,342,342,True
Chronological minus DOI-grouped on identical future records,Voc,V,A-site pattern,FA+MA+Cs,chronological - DOI-grouped,R2,-0.0014058804035350647,-0.05620542101401458,0.05912819613686287,False,342,342,True
Chronological minus DOI-grouped on identical future records,Voc,V,A-site pattern,FA+MA+Cs,chronological - DOI-grouped,mean_feature_OOD_percentile,0.08690099758603759,0.07351169433258956,0.10159152341718898,True,342,342,True
Chronological minus DOI-grouped on identical future records,Voc,V,A-site pattern,FA+MA+Cs,chronological - DOI-grouped,high_feature_OOD_fraction,0.05917018854325355,0.0353406950448773,0.0844048198943035,True,342,342,True
Chronological minus DOI-grouped on identical future records,Voc,V,A-site pattern,FA+MA+Cs,chronological - DOI-grouped,coverage_90,-0.004291111747252163,-0.019970150687864115,0.012343541167242296,False,342,342,True
Chronological minus DOI-grouped on identical future records,Voc,V,A-site pattern,FA+MA+Cs,chronological - DOI-grouped,interval_90_mean_width,0.004795659717442613,-0.0020096291554270126,0.012384173577113038,False,342,342,True
Chronological minus DOI-grouped on identical future records,Voc,V,A-site pattern,Other/unknown,chronological - DOI-grouped,MAE,-0.019361306693743113,-0.04051419694608779,0.0001991826651897558,False,25,25,True
Chronological minus DOI-grouped on identical future records,Voc,V,A-site pattern,Other/unknown,chronological - DOI-grouped,bias,-0.016200164118138433,-0.04011282219587755,0.005953428298707521,False,25,25,True
Chronological minus DOI-grouped on identical future records,Voc,V,A-site pattern,Other/unknown,chronological - DOI-grouped,RMSE,-0.02595938883876875,-0.05053245360564691,0.001033242701598032,False,25,25,True
Chronological minus DOI-grouped on identical future records,Voc,V,A-site pattern,Other/unknown,chronological - DOI-grouped,R2,0.15976614391190058,-0.008208500724643785,0.34891154250207546,False,25,25,True
Chronological minus DOI-grouped on identical future records,Voc,V,A-site pattern,Other/unknown,chronological - DOI-grouped,mean_feature_OOD_percentile,0.01711543368520596,-0.016109926205388383,0.054069751482533096,False,25,25,True
Chronological minus DOI-grouped on identical future records,Voc,V,A-site pattern,Other/unknown,chronological - DOI-grouped,high_feature_OOD_fraction,0.053333333333333344,-0.08342391304347829,0.2020421607378131,False,25,25,True
Chronological minus DOI-grouped on identical future records,Voc,V,A-site pattern,Other/unknown,chronological - DOI-grouped,coverage_90,0.008888888888888835,0.0,0.02898550724637672,False,25,25,True
Chronological minus DOI-grouped on identical future records,Voc,V,A-site pattern,Other/unknown,chronological - DOI-grouped,interval_90_mean_width,-0.047040260648130494,-0.089089570775785,-0.011022047960611726,True,25,25,True
Chronological minus DOI-grouped on identical future records,Voc,V,B-site pattern,Pb (no Sn),chronological - DOI-grouped,MAE,0.0070531813141245375,0.0054819143684132175,0.00880392432081026,True,1660,1660,True
Chronological minus DOI-grouped on identical future records,Voc,V,B-site pattern,Pb (no Sn),chronological - DOI-grouped,bias,-0.013409420714203299,-0.01539944566940613,-0.01168333320888242,True,1660,1660,True
Chronological minus DOI-grouped on identical future records,Voc,V,B-site pattern,Pb (no Sn),chronological - DOI-grouped,RMSE,0.007002111695017618,0.004596667325092186,0.009465171178166877,True,1660,1660,True
Chronological minus DOI-grouped on identical future records,Voc,V,B-site pattern,Pb (no Sn),chronological - DOI-grouped,R2,-0.08743326995483691,-0.11600748209657274,-0.058476496335631976,True,1660,1660,True
Chronological minus DOI-grouped on identical future records,Voc,V,B-site pattern,Pb (no Sn),chronological - DOI-grouped,mean_feature_OOD_percentile,0.041338449034659996,0.036234377231108596,0.04683008274183731,True,1660,1660,True
Chronological minus DOI-grouped on identical future records,Voc,V,B-site pattern,Pb (no Sn),chronological - DOI-grouped,high_feature_OOD_fraction,0.053675970068337284,0.043215464575992374,0.0647208508900687,True,1660,1660,True
Chronological minus DOI-grouped on identical future records,Voc,V,B-site pattern,Pb (no Sn),chronological - DOI-grouped,coverage_90,-0.007417335045402762,-0.015776515733100994,0.0015001329517093675,False,1660,1660,True
Chronological minus DOI-grouped on identical future records,Voc,V,B-site pattern,Pb (no Sn),chronological - DOI-grouped,interval_90_mean_width,0.018549950597874454,0.014341620422940158,0.022973855508613018,True,1660,1660,True
Chronological minus DOI-grouped on identical future records,Voc,V,B-site pattern,Sn (no Pb),chronological - DOI-grouped,MAE,0.01318347846441044,0.0014727165874904335,0.02643874093058626,True,30,30,True
Chronological minus DOI-grouped on identical future records,Voc,V,B-site pattern,Sn (no Pb),chronological - DOI-grouped,bias,-0.027564079727586906,-0.0395615405753645,-0.01540773022207437,True,30,30,True
Chronological minus DOI-grouped on identical future records,Voc,V,B-site pattern,Sn (no Pb),chronological - DOI-grouped,RMSE,0.012301488883592449,0.001953845309189394,0.022261682178568044,True,30,30,True
Chronological minus DOI-grouped on identical future records,Voc,V,B-site pattern,Sn (no Pb),chronological - DOI-grouped,R2,-0.18520099433790627,-0.46541181944843024,-0.026215019968880163,True,30,30,True
Chronological minus DOI-grouped on identical future records,Voc,V,B-site pattern,Sn (no Pb),chronological - DOI-grouped,mean_feature_OOD_percentile,0.007641198511704084,-0.002807832899946344,0.01977809672368737,False,30,30,True
Chronological minus DOI-grouped on identical future records,Voc,V,B-site pattern,Sn (no Pb),chronological - DOI-grouped,high_feature_OOD_fraction,0.09111111111111103,-0.016064814814814816,0.2083522727272727,False,30,30,True
Chronological minus DOI-grouped on identical future records,Voc,V,B-site pattern,Sn (no Pb),chronological - DOI-grouped,coverage_90,-0.03808080808080805,-0.08939393939393947,0.003957060725835511,False,30,30,True
Chronological minus DOI-grouped on identical future records,Voc,V,B-site pattern,Sn (no Pb),chronological - DOI-grouped,interval_90_mean_width,-0.02192544091243298,-0.047355109647815606,0.003080339718923926,False,30,30,True
Chronological minus DOI-grouped on identical future records,Voc,V,B-site pattern,Pb+Sn,chronological - DOI-grouped,MAE,-0.014571729389351945,-0.034558376371088585,-0.0002594197348688205,True,25,25,True
Chronological minus DOI-grouped on identical future records,Voc,V,B-site pattern,Pb+Sn,chronological - DOI-grouped,bias,-0.017730554609989072,-0.038590454707324105,0.0011023103739077635,False,25,25,True
Chronological minus DOI-grouped on identical future records,Voc,V,B-site pattern,Pb+Sn,chronological - DOI-grouped,RMSE,-0.03205969107124307,-0.05599514933863465,-0.00859427869054529,True,25,25,True
Chronological minus DOI-grouped on identical future records,Voc,V,B-site pattern,Pb+Sn,chronological - DOI-grouped,R2,0.48535725326486046,0.16197970152236735,1.0880079101285012,True,25,25,True
Chronological minus DOI-grouped on identical future records,Voc,V,B-site pattern,Pb+Sn,chronological - DOI-grouped,mean_feature_OOD_percentile,0.07469995750602021,0.041935878035980374,0.11187896824296993,True,25,25,True
Chronological minus DOI-grouped on identical future records,Voc,V,B-site pattern,Pb+Sn,chronological - DOI-grouped,high_feature_OOD_fraction,0.12444444444444444,0.005840643274853802,0.2778333333333333,True,25,25,True
Chronological minus DOI-grouped on identical future records,Voc,V,B-site pattern,Pb+Sn,chronological - DOI-grouped,coverage_90,0.0527777777777777,-0.03535858585858586,0.15947145061728402,False,25,25,True
Chronological minus DOI-grouped on identical future records,Voc,V,B-site pattern,Pb+Sn,chronological - DOI-grouped,interval_90_mean_width,0.045443871730017404,0.006058629467079997,0.08366930599695059,True,25,25,True
Chronological minus DOI-grouped on identical future records,Voc,V,B-site pattern,Other/unknown,chronological - DOI-grouped,MAE,-0.03948522064671342,-0.062127613382098254,-0.017837215367044752,True,25,25,True
Chronological minus DOI-grouped on identical future records,Voc,V,B-site pattern,Other/unknown,chronological - DOI-grouped,bias,-0.00646454120319688,-0.03759025947364437,0.027245358405061978,False,25,25,True
Chronological minus DOI-grouped on identical future records,Voc,V,B-site pattern,Other/unknown,chronological - DOI-grouped,RMSE,-0.04292579357474646,-0.06793418625837644,-0.019474357707318972,True,25,25,True
Chronological minus DOI-grouped on identical future records,Voc,V,B-site pattern,Other/unknown,chronological - DOI-grouped,R2,0.2551512792003413,0.10587286842784754,0.52908485798524,True,25,25,True
Chronological minus DOI-grouped on identical future records,Voc,V,B-site pattern,Other/unknown,chronological - DOI-grouped,mean_feature_OOD_percentile,0.03559144604621145,-0.006607192074769991,0.09215760784950086,False,25,25,True
Chronological minus DOI-grouped on identical future records,Voc,V,B-site pattern,Other/unknown,chronological - DOI-grouped,high_feature_OOD_fraction,0.13333333333333341,-0.029509803921568628,0.3148467432950191,False,25,25,True
Chronological minus DOI-grouped on identical future records,Voc,V,B-site pattern,Other/unknown,chronological - DOI-grouped,coverage_90,0.06222222222222218,0.0,0.15387205387205385,False,25,25,True
Chronological minus DOI-grouped on identical future records,Voc,V,B-site pattern,Other/unknown,chronological - DOI-grouped,interval_90_mean_width,-0.04446901954999982,-0.09036372457878224,0.0012358637315078693,False,25,25,True
Chronological minus DOI-grouped on identical future records,Voc,V,A x B domain,Cs (no FA/MA) / Other/unknown,chronological - DOI-grouped,MAE,-0.021092032186852294,-0.049029060819497254,0.0042782443829358485,False,12,12,False
Chronological minus DOI-grouped on identical future records,Voc,V,A x B domain,Cs (no FA/MA) / Other/unknown,chronological - DOI-grouped,bias,0.002040169339323942,-0.034706239705517894,0.033017242938033986,False,12,12,False
Chronological minus DOI-grouped on identical future records,Voc,V,A x B domain,Cs (no FA/MA) / Other/unknown,chronological - DOI-grouped,RMSE,-0.02382382347449913,-0.05206131481441312,0.01078740315285059,False,12,12,False
Chronological minus DOI-grouped on identical future records,Voc,V,A x B domain,Cs (no FA/MA) / Other/unknown,chronological - DOI-grouped,R2,0.13578717450006106,-0.06551220685919279,0.5062725422490663,False,12,12,False
Chronological minus DOI-grouped on identical future records,Voc,V,A x B domain,Cs (no FA/MA) / Other/unknown,chronological - DOI-grouped,mean_feature_OOD_percentile,0.09693207105442425,0.016639677649072218,0.2019284018573247,True,12,12,False
Chronological minus DOI-grouped on identical future records,Voc,V,A x B domain,Cs (no FA/MA) / Other/unknown,chronological - DOI-grouped,high_feature_OOD_fraction,0.375,0.128125,0.6875,True,12,12,False
Chronological minus DOI-grouped on identical future records,Voc,V,A x B domain,Cs (no FA/MA) / Other/unknown,chronological - DOI-grouped,coverage_90,0.02777777777777779,0.0,0.09523809523809523,False,12,12,False
Chronological minus DOI-grouped on identical future records,Voc,V,A x B domain,Cs (no FA/MA) / Other/unknown,chronological - DOI-grouped,interval_90_mean_width,-0.05518411246425825,-0.12920129828499902,0.01987536563279597,False,12,12,False
Chronological minus DOI-grouped on identical future records,Voc,V,A x B domain,Cs (no FA/MA) / Pb (no Sn),chronological - DOI-grouped,MAE,0.041548538697830775,0.031552452975899495,0.05202890603512553,True,159,159,True
Chronological minus DOI-grouped on identical future records,Voc,V,A x B domain,Cs (no FA/MA) / Pb (no Sn),chronological - DOI-grouped,bias,-0.0696592894035398,-0.0788320138428479,-0.06066691617642987,True,159,159,True
Chronological minus DOI-grouped on identical future records,Voc,V,A x B domain,Cs (no FA/MA) / Pb (no Sn),chronological - DOI-grouped,RMSE,0.04176879415778878,0.03056152242666657,0.05320018018372079,True,159,159,True
Chronological minus DOI-grouped on identical future records,Voc,V,A x B domain,Cs (no FA/MA) / Pb (no Sn),chronological - DOI-grouped,R2,-0.3790167132739314,-0.5214201687291039,-0.26904049523988444,True,159,159,True
Chronological minus DOI-grouped on identical future records,Voc,V,A x B domain,Cs (no FA/MA) / Pb (no Sn),chronological - DOI-grouped,mean_feature_OOD_percentile,0.04452113340939168,0.032464737484485945,0.05673232629161674,True,159,159,True
Chronological minus DOI-grouped on identical future records,Voc,V,A x B domain,Cs (no FA/MA) / Pb (no Sn),chronological - DOI-grouped,high_feature_OOD_fraction,0.19319369522548796,0.13546451830287215,0.2558854215702063,True,159,159,True
Chronological minus DOI-grouped on identical future records,Voc,V,A x B domain,Cs (no FA/MA) / Pb (no Sn),chronological - DOI-grouped,coverage_90,-0.012739755927880236,-0.039515396176792984,0.012301819455727414,False,159,159,True
Chronological minus DOI-grouped on identical future records,Voc,V,A x B domain,Cs (no FA/MA) / Pb (no Sn),chronological - DOI-grouped,interval_90_mean_width,0.10024056249557578,0.07940362727598904,0.12044054347169925,True,159,159,True
Chronological minus DOI-grouped on identical future records,Voc,V,A x B domain,Cs (no FA/MA) / Pb+Sn,chronological - DOI-grouped,MAE,-0.154704708191521,-0.154704708191521,-0.15470470819152093,True,1,1,False
Chronological minus DOI-grouped on identical future records,Voc,V,A x B domain,Cs (no FA/MA) / Pb+Sn,chronological - DOI-grouped,bias,-0.154704708191521,-0.154704708191521,-0.15470470819152093,True,1,1,False
Chronological minus DOI-grouped on identical future records,Voc,V,A x B domain,Cs (no FA/MA) / Pb+Sn,chronological - DOI-grouped,RMSE,-0.15130452485709545,-0.15130452485709545,-0.15130452485709545,True,1,1,False
Chronological minus DOI-grouped on identical future records,Voc,V,A x B domain,Cs (no FA/MA) / Pb+Sn,chronological - DOI-grouped,R2,20.79936194487459,20.79936194487459,20.79936194487459,True,1,1,False
Chronological minus DOI-grouped on identical future records,Voc,V,A x B domain,Cs (no FA/MA) / Pb+Sn,chronological - DOI-grouped,mean_feature_OOD_percentile,0.011549503434041264,0.011549503434041264,0.011549503434041375,True,1,1,False
Chronological minus DOI-grouped on identical future records,Voc,V,A x B domain,Cs (no FA/MA) / Pb+Sn,chronological - DOI-grouped,high_feature_OOD_fraction,0.0,0.0,0.0,False,1,1,False
Chronological minus DOI-grouped on identical future records,Voc,V,A x B domain,Cs (no FA/MA) / Pb+Sn,chronological - DOI-grouped,coverage_90,0.0,0.0,0.0,False,1,1,False
Chronological minus DOI-grouped on identical future records,Voc,V,A x B domain,Cs (no FA/MA) / Pb+Sn,chronological - DOI-grouped,interval_90_mean_width,-0.15996334574224713,-0.15996334574224713,-0.15996334574224713,True,1,1,False
Chronological minus DOI-grouped on identical future records,Voc,V,A x B domain,Cs (no FA/MA) / Sn (no Pb),chronological - DOI-grouped,MAE,-0.022332872985946925,-0.05282411716569646,0.00815837119380261,False,2,2,False
Chronological minus DOI-grouped on identical future records,Voc,V,A x B domain,Cs (no FA/MA) / Sn (no Pb),chronological - DOI-grouped,bias,0.0428406515953353,0.017115097403578444,0.06856620578709216,True,2,2,False
Chronological minus DOI-grouped on identical future records,Voc,V,A x B domain,Cs (no FA/MA) / Sn (no Pb),chronological - DOI-grouped,RMSE,0.00502349315581746,-0.05214947105001608,0.01466123033871991,False,2,2,False
Chronological minus DOI-grouped on identical future records,Voc,V,A x B domain,Cs (no FA/MA) / Sn (no Pb),chronological - DOI-grouped,R2,-0.07286064507024359,-0.25562161899074365,21.944624014423674,False,2,2,False
Chronological minus DOI-grouped on identical future records,Voc,V,A x B domain,Cs (no FA/MA) / Sn (no Pb),chronological - DOI-grouped,mean_feature_OOD_percentile,0.008431461253454398,-0.0018518011506378773,0.018714723657546894,False,2,2,False
Chronological minus DOI-grouped on identical future records,Voc,V,A x B domain,Cs (no FA/MA) / Sn (no Pb),chronological - DOI-grouped,high_feature_OOD_fraction,0.0,0.0,0.0,False,2,2,False
Chronological minus DOI-grouped on identical future records,Voc,V,A x B domain,Cs (no FA/MA) / Sn (no Pb),chronological - DOI-grouped,coverage_90,0.0,0.0,0.0,False,2,2,False
Chronological minus DOI-grouped on identical future records,Voc,V,A x B domain,Cs (no FA/MA) / Sn (no Pb),chronological - DOI-grouped,interval_90_mean_width,-0.03270318901403979,-0.034214663003578505,-0.03119171502450091,True,2,2,False
Chronological minus DOI-grouped on identical future records,Voc,V,A x B domain,FA (no MA/Cs) / Pb (no Sn),chronological - DOI-grouped,MAE,-0.0033628436945492696,-0.012405055969565966,0.0045922959073267725,False,41,41,True
Chronological minus DOI-grouped on identical future records,Voc,V,A x B domain,FA (no MA/Cs) / Pb (no Sn),chronological - DOI-grouped,bias,-0.013203706612267448,-0.022577307710071937,-0.0035720036062045525,True,41,41,True
Chronological minus DOI-grouped on identical future records,Voc,V,A x B domain,FA (no MA/Cs) / Pb (no Sn),chronological - DOI-grouped,RMSE,-0.005123321651451254,-0.013252637581639234,0.0019704144109358086,False,41,41,True
Chronological minus DOI-grouped on identical future records,Voc,V,A x B domain,FA (no MA/Cs) / Pb (no Sn),chronological - DOI-grouped,R2,0.06710925411073887,-0.027657772834352272,0.19638151483609553,False,41,41,True
Chronological minus DOI-grouped on identical future records,Voc,V,A x B domain,FA (no MA/Cs) / Pb (no Sn),chronological - DOI-grouped,mean_feature_OOD_percentile,0.033359832734851214,-0.0031299578173721557,0.06980706107762058,False,41,41,True
Chronological minus DOI-grouped on identical future records,Voc,V,A x B domain,FA (no MA/Cs) / Pb (no Sn),chronological - DOI-grouped,high_feature_OOD_fraction,-0.008130081300812997,-0.06099107458465889,0.033333333333333326,False,41,41,True
Chronological minus DOI-grouped on identical future records,Voc,V,A x B domain,FA (no MA/Cs) / Pb (no Sn),chronological - DOI-grouped,coverage_90,0.008721359940872198,-0.0663033293460924,0.08600051187551186,False,41,41,True
Chronological minus DOI-grouped on identical future records,Voc,V,A x B domain,FA (no MA/Cs) / Pb (no Sn),chronological - DOI-grouped,interval_90_mean_width,0.03730130675856236,0.0155629369428171,0.05944319515834797,True,41,41,True
Chronological minus DOI-grouped on identical future records,Voc,V,A x B domain,FA (no MA/Cs) / Pb+Sn,chronological - DOI-grouped,MAE,-0.038451712228339874,-0.038451712228339874,-0.038451712228339874,True,1,1,False
Chronological minus DOI-grouped on identical future records,Voc,V,A x B domain,FA (no MA/Cs) / Pb+Sn,chronological - DOI-grouped,bias,-0.038451712228339874,-0.038451712228339874,-0.038451712228339874,True,1,1,False
Chronological minus DOI-grouped on identical future records,Voc,V,A x B domain,FA (no MA/Cs) / Pb+Sn,chronological - DOI-grouped,RMSE,-0.038451712228339874,-0.038451712228339874,-0.038451712228339874,True,1,1,False
Chronological minus DOI-grouped on identical future records,Voc,V,A x B domain,FA (no MA/Cs) / Pb+Sn,chronological - DOI-grouped,R2,,-124310017674534.34,-124310017674534.34,True,1,1,False
Chronological minus DOI-grouped on identical future records,Voc,V,A x B domain,FA (no MA/Cs) / Pb+Sn,chronological - DOI-grouped,mean_feature_OOD_percentile,-0.0015507743643952132,-0.0015507743643952132,-0.0015507743643952132,True,1,1,False
Chronological minus DOI-grouped on identical future records,Voc,V,A x B domain,FA (no MA/Cs) / Pb+Sn,chronological - DOI-grouped,high_feature_OOD_fraction,0.0,0.0,0.0,False,1,1,False
Chronological minus DOI-grouped on identical future records,Voc,V,A x B domain,FA (no MA/Cs) / Pb+Sn,chronological - DOI-grouped,coverage_90,0.0,0.0,0.0,False,1,1,False
Chronological minus DOI-grouped on identical future records,Voc,V,A x B domain,FA (no MA/Cs) / Pb+Sn,chronological - DOI-grouped,interval_90_mean_width,0.04301793853083857,0.04301793853083846,0.04301793853083857,True,1,1,False
Chronological minus DOI-grouped on identical future records,Voc,V,A x B domain,FA (no MA/Cs) / Sn (no Pb),chronological - DOI-grouped,MAE,0.020142890229991148,0.0037492502050092856,0.03658008514050511,True,20,20,True
Chronological minus DOI-grouped on identical future records,Voc,V,A x B domain,FA (no MA/Cs) / Sn (no Pb),chronological - DOI-grouped,bias,-0.027936479385725063,-0.04285514419331424,-0.013678929786475308,True,20,20,True
Chronological minus DOI-grouped on identical future records,Voc,V,A x B domain,FA (no MA/Cs) / Sn (no Pb),chronological - DOI-grouped,RMSE,0.015426578928096346,0.0025344031818553027,0.028919625351408757,True,20,20,True
Chronological minus DOI-grouped on identical future records,Voc,V,A x B domain,FA (no MA/Cs) / Sn (no Pb),chronological - DOI-grouped,R2,-0.3405259039026023,-0.9083656169384028,-0.05433099539656458,True,20,20,True
Chronological minus DOI-grouped on identical future records,Voc,V,A x B domain,FA (no MA/Cs) / Sn (no Pb),chronological - DOI-grouped,mean_feature_OOD_percentile,0.010889088245470191,-0.0036399226609716783,0.02877081973857534,False,20,20,True
Chronological minus DOI-grouped on identical future records,Voc,V,A x B domain,FA (no MA/Cs) / Sn (no Pb),chronological - DOI-grouped,high_feature_OOD_fraction,0.08333333333333337,-0.04909620098039225,0.2436111111111111,False,20,20,True
Chronological minus DOI-grouped on identical future records,Voc,V,A x B domain,FA (no MA/Cs) / Sn (no Pb),chronological - DOI-grouped,coverage_90,-0.03712121212121211,-0.10606060606060608,0.010101010101010055,False,20,20,True
Chronological minus DOI-grouped on identical future records,Voc,V,A x B domain,FA (no MA/Cs) / Sn (no Pb),chronological - DOI-grouped,interval_90_mean_width,-0.014841978281539048,-0.04497367543995369,0.014941012338649211,False,20,20,True
Chronological minus DOI-grouped on identical future records,Voc,V,A x B domain,FA+Cs / Pb (no Sn),chronological - DOI-grouped,MAE,0.009969062281123375,0.003779964269872365,0.016252001465016614,True,71,71,True
Chronological minus DOI-grouped on identical future records,Voc,V,A x B domain,FA+Cs / Pb (no Sn),chronological - DOI-grouped,bias,-0.016861929436301652,-0.023504538010837277,-0.011355636127212061,True,71,71,True
Chronological minus DOI-grouped on identical future records,Voc,V,A x B domain,FA+Cs / Pb (no Sn),chronological - DOI-grouped,RMSE,0.014432455800127558,0.005349905830939344,0.02452031334534195,True,71,71,True
Chronological minus DOI-grouped on identical future records,Voc,V,A x B domain,FA+Cs / Pb (no Sn),chronological - DOI-grouped,R2,-0.2022477472723614,-0.41135885755442736,-0.06616259342153687,True,71,71,True
Chronological minus DOI-grouped on identical future records,Voc,V,A x B domain,FA+Cs / Pb (no Sn),chronological - DOI-grouped,mean_feature_OOD_percentile,0.06100248655725582,0.038591553930356265,0.08353327316730776,True,71,71,True
Chronological minus DOI-grouped on identical future records,Voc,V,A x B domain,FA+Cs / Pb (no Sn),chronological - DOI-grouped,high_feature_OOD_fraction,0.07511737089201878,0.025114155251141575,0.13543037280701756,True,71,71,True
Chronological minus DOI-grouped on identical future records,Voc,V,A x B domain,FA+Cs / Pb (no Sn),chronological - DOI-grouped,coverage_90,-0.02391876511594837,-0.07892085411072747,0.01867790117079879,False,71,71,True
Chronological minus DOI-grouped on identical future records,Voc,V,A x B domain,FA+Cs / Pb (no Sn),chronological - DOI-grouped,interval_90_mean_width,0.03762146574498354,0.020283449475141112,0.05668936402329941,True,71,71,True
Chronological minus DOI-grouped on identical future records,Voc,V,A x B domain,FA+Cs / Pb+Sn,chronological - DOI-grouped,MAE,-0.000499733454488914,-0.000499733454488914,-0.000499733454488914,True,1,1,False
Chronological minus DOI-grouped on identical future records,Voc,V,A x B domain,FA+Cs / Pb+Sn,chronological - DOI-grouped,bias,0.009375513997981458,0.009375513997981458,0.009375513997981458,True,1,1,False
Chronological minus DOI-grouped on identical future records,Voc,V,A x B domain,FA+Cs / Pb+Sn,chronological - DOI-grouped,RMSE,-0.004332213865182871,-0.004332213865182871,-0.004332213865182871,True,1,1,False
Chronological minus DOI-grouped on identical future records,Voc,V,A x B domain,FA+Cs / Pb+Sn,chronological - DOI-grouped,R2,0.2177252264829871,0.2177252264829871,0.2177252264829871,True,1,1,False
Chronological minus DOI-grouped on identical future records,Voc,V,A x B domain,FA+Cs / Pb+Sn,chronological - DOI-grouped,mean_feature_OOD_percentile,0.07686115948280858,0.07686115948280858,0.07686115948280858,True,1,1,False
Chronological minus DOI-grouped on identical future records,Voc,V,A x B domain,FA+Cs / Pb+Sn,chronological - DOI-grouped,high_feature_OOD_fraction,0.0,0.0,0.0,False,1,1,False
Chronological minus DOI-grouped on identical future records,Voc,V,A x B domain,FA+Cs / Pb+Sn,chronological - DOI-grouped,coverage_90,0.0,0.0,0.0,False,1,1,False
Chronological minus DOI-grouped on identical future records,Voc,V,A x B domain,FA+Cs / Pb+Sn,chronological - DOI-grouped,interval_90_mean_width,-0.029630945430839162,-0.029630945430839162,-0.029630945430839162,True,1,1,False
Chronological minus DOI-grouped on identical future records,Voc,V,A x B domain,FA+MA / Pb (no Sn),chronological - DOI-grouped,MAE,0.00448892717119731,0.001610679396593452,0.00722306948740452,True,237,237,True
Chronological minus DOI-grouped on identical future records,Voc,V,A x B domain,FA+MA / Pb (no Sn),chronological - DOI-grouped,bias,-0.01018050087963545,-0.0131850146124604,-0.007057646758197341,True,237,237,True
Chronological minus DOI-grouped on identical future records,Voc,V,A x B domain,FA+MA / Pb (no Sn),chronological - DOI-grouped,RMSE,0.0030620847522023348,-0.0005238587462506497,0.006667739010282431,False,237,237,True
Chronological minus DOI-grouped on identical future records,Voc,V,A x B domain,FA+MA / Pb (no Sn),chronological - DOI-grouped,R2,-0.06267623706310699,-0.15838018201478254,0.010076474421830722,False,237,237,True
Chronological minus DOI-grouped on identical future records,Voc,V,A x B domain,FA+MA / Pb (no Sn),chronological - DOI-grouped,mean_feature_OOD_percentile,0.0601153748062111,0.04212691898422164,0.07599894904874352,True,237,237,True
Chronological minus DOI-grouped on identical future records,Voc,V,A x B domain,FA+MA / Pb (no Sn),chronological - DOI-grouped,high_feature_OOD_fraction,0.030782508630609884,0.01221099719367397,0.050873055294483986,True,237,237,True
Chronological minus DOI-grouped on identical future records,Voc,V,A x B domain,FA+MA / Pb (no Sn),chronological - DOI-grouped,coverage_90,-0.016012292911027126,-0.0389715084648797,0.004907922181307608,False,237,237,True
Chronological minus DOI-grouped on identical future records,Voc,V,A x B domain,FA+MA / Pb (no Sn),chronological - DOI-grouped,interval_90_mean_width,0.012987474839260715,0.0017550511639757933,0.02399169863356183,True,237,237,True
Chronological minus DOI-grouped on identical future records,Voc,V,A x B domain,FA+MA / Pb+Sn,chronological - DOI-grouped,MAE,-0.004972272382800846,-0.0230307911224664,0.010281777124774839,False,14,14,False
Chronological minus DOI-grouped on identical future records,Voc,V,A x B domain,FA+MA / Pb+Sn,chronological - DOI-grouped,bias,-0.013530336192648268,-0.029496668782918938,0.0018752279283857504,False,14,14,False
Chronological minus DOI-grouped on identical future records,Voc,V,A x B domain,FA+MA / Pb+Sn,chronological - DOI-grouped,RMSE,-0.00962064289439743,-0.02290077380289338,0.0069625725914625744,False,14,14,False
Chronological minus DOI-grouped on identical future records,Voc,V,A x B domain,FA+MA / Pb+Sn,chronological - DOI-grouped,R2,0.18333158851710296,-0.21080132929245207,0.6593535707341128,False,14,14,False
Chronological minus DOI-grouped on identical future records,Voc,V,A x B domain,FA+MA / Pb+Sn,chronological - DOI-grouped,mean_feature_OOD_percentile,0.09132928768152915,0.03979648523543123,0.14753476868114435,True,14,14,False
Chronological minus DOI-grouped on identical future records,Voc,V,A x B domain,FA+MA / Pb+Sn,chronological - DOI-grouped,high_feature_OOD_fraction,0.07936507936507937,0.0,0.25013888888888874,False,14,14,False
Chronological minus DOI-grouped on identical future records,Voc,V,A x B domain,FA+MA / Pb+Sn,chronological - DOI-grouped,coverage_90,-0.003968253968254065,-0.09090909090909094,0.07779411764705887,False,14,14,False
Chronological minus DOI-grouped on identical future records,Voc,V,A x B domain,FA+MA / Pb+Sn,chronological - DOI-grouped,interval_90_mean_width,0.04067988820487817,0.0016438010616843736,0.08390376635857051,True,14,14,False
Chronological minus DOI-grouped on identical future records,Voc,V,A x B domain,FA+MA / Sn (no Pb),chronological - DOI-grouped,MAE,0.013891692606671183,0.0025962404574399744,0.028090908724446015,True,5,5,False
Chronological minus DOI-grouped on identical future records,Voc,V,A x B domain,FA+MA / Sn (no Pb),chronological - DOI-grouped,bias,-0.006119233236374741,-0.02864199547851448,0.01827460594535916,False,5,5,False
Chronological minus DOI-grouped on identical future records,Voc,V,A x B domain,FA+MA / Sn (no Pb),chronological - DOI-grouped,RMSE,0.01288629735849664,0.002941930000037042,0.027159826057741608,True,5,5,False
Chronological minus DOI-grouped on identical future records,Voc,V,A x B domain,FA+MA / Sn (no Pb),chronological - DOI-grouped,R2,-0.31288512568813265,-3.5704023568212193,-0.1537915182532814,True,5,5,False
Chronological minus DOI-grouped on identical future records,Voc,V,A x B domain,FA+MA / Sn (no Pb),chronological - DOI-grouped,mean_feature_OOD_percentile,-0.002347611496628099,-0.03361281509937992,0.026099512915311193,False,5,5,False
Chronological minus DOI-grouped on identical future records,Voc,V,A x B domain,FA+MA / Sn (no Pb),chronological - DOI-grouped,high_feature_OOD_fraction,0.20000000000000007,0.0,0.6666666666666667,False,5,5,False
Chronological minus DOI-grouped on identical future records,Voc,V,A x B domain,FA+MA / Sn (no Pb),chronological - DOI-grouped,coverage_90,-0.19999999999999996,-0.6666666666666666,0.0,False,5,5,False
Chronological minus DOI-grouped on identical future records,Voc,V,A x B domain,FA+MA / Sn (no Pb),chronological - DOI-grouped,interval_90_mean_width,0.017713492144415366,-0.028256675112264595,0.056824191340796214,False,5,5,False
Chronological minus DOI-grouped on identical future records,Voc,V,A x B domain,FA+MA+Cs / Pb (no Sn),chronological - DOI-grouped,MAE,0.0029624696976050108,0.0005664798078467903,0.005407136975728102,True,334,334,True
Chronological minus DOI-grouped on identical future records,Voc,V,A x B domain,FA+MA+Cs / Pb (no Sn),chronological - DOI-grouped,bias,-0.004194438140480889,-0.007078394645196424,-0.0012228971347511266,True,334,334,True
Chronological minus DOI-grouped on identical future records,Voc,V,A x B domain,FA+MA+Cs / Pb (no Sn),chronological - DOI-grouped,RMSE,0.0020074234159522253,-0.0008096429700433379,0.004790664288317723,False,334,334,True
Chronological minus DOI-grouped on identical future records,Voc,V,A x B domain,FA+MA+Cs / Pb (no Sn),chronological - DOI-grouped,R2,-0.03740699985219165,-0.08746719742771984,0.014935987842525962,False,334,334,True
Chronological minus DOI-grouped on identical future records,Voc,V,A x B domain,FA+MA+Cs / Pb (no Sn),chronological - DOI-grouped,mean_feature_OOD_percentile,0.08744353488198453,0.07366616085306718,0.10242522732895573,True,334,334,True
Chronological minus DOI-grouped on identical future records,Voc,V,A x B domain,FA+MA+Cs / Pb (no Sn),chronological - DOI-grouped,high_feature_OOD_fraction,0.057593426592193755,0.03380351570057452,0.08171474832763567,True,334,334,True
Chronological minus DOI-grouped on identical future records,Voc,V,A x B domain,FA+MA+Cs / Pb (no Sn),chronological - DOI-grouped,coverage_90,-0.008510659334012627,-0.02421517506980679,0.00648832743422185,False,334,334,True
Chronological minus DOI-grouped on identical future records,Voc,V,A x B domain,FA+MA+Cs / Pb (no Sn),chronological - DOI-grouped,interval_90_mean_width,0.002449537256073969,-0.004279597523961855,0.009961795693297045,False,334,334,True
Chronological minus DOI-grouped on identical future records,Voc,V,A x B domain,FA+MA+Cs / Pb+Sn,chronological - DOI-grouped,MAE,-0.011998045175181021,-0.04094513260422791,0.006170648169863414,False,8,8,False
Chronological minus DOI-grouped on identical future records,Voc,V,A x B domain,FA+MA+Cs / Pb+Sn,chronological - DOI-grouped,bias,-0.011702908949669025,-0.06022631758952206,0.03354087462862083,False,8,8,False
Chronological minus DOI-grouped on identical future records,Voc,V,A x B domain,FA+MA+Cs / Pb+Sn,chronological - DOI-grouped,RMSE,-0.03958742669390364,-0.06542212203020456,0.0037484800436169696,False,8,8,False
Chronological minus DOI-grouped on identical future records,Voc,V,A x B domain,FA+MA+Cs / Pb+Sn,chronological - DOI-grouped,R2,0.3963499985150374,-0.06688134841667152,0.6812288494846916,False,8,8,False
Chronological minus DOI-grouped on identical future records,Voc,V,A x B domain,FA+MA+Cs / Pb+Sn,chronological - DOI-grouped,mean_feature_OOD_percentile,0.0642500654802467,0.022159429439175482,0.1436286956681115,True,8,8,False
Chronological minus DOI-grouped on identical future records,Voc,V,A x B domain,FA+MA+Cs / Pb+Sn,chronological - DOI-grouped,high_feature_OOD_fraction,0.125,0.0,0.4285714285714286,False,8,8,False
Chronological minus DOI-grouped on identical future records,Voc,V,A x B domain,FA+MA+Cs / Pb+Sn,chronological - DOI-grouped,coverage_90,0.171875,0.0,0.4821428571428571,False,8,8,False
Chronological minus DOI-grouped on identical future records,Voc,V,A x B domain,FA+MA+Cs / Pb+Sn,chronological - DOI-grouped,interval_90_mean_width,0.10274627247958812,0.03582529458300623,0.16004345823842617,True,8,8,False
Chronological minus DOI-grouped on identical future records,Voc,V,A x B domain,MA (no FA/Cs) / Other/unknown,chronological - DOI-grouped,MAE,-0.04873571772371038,-0.10222542948785526,-0.004159996012411895,True,8,8,False
Chronological minus DOI-grouped on identical future records,Voc,V,A x B domain,MA (no FA/Cs) / Other/unknown,chronological - DOI-grouped,bias,0.00468492670128158,-0.052708399993711366,0.07665987930776254,False,8,8,False
Chronological minus DOI-grouped on identical future records,Voc,V,A x B domain,MA (no FA/Cs) / Other/unknown,chronological - DOI-grouped,RMSE,-0.05810262054874035,-0.11412294766927683,-0.001915006370738887,True,8,8,False
Chronological minus DOI-grouped on identical future records,Voc,V,A x B domain,MA (no FA/Cs) / Other/unknown,chronological - DOI-grouped,R2,0.7351864919480999,0.0370263717200952,2.761369060075058,True,8,8,False
Chronological minus DOI-grouped on identical future records,Voc,V,A x B domain,MA (no FA/Cs) / Other/unknown,chronological - DOI-grouped,mean_feature_OOD_percentile,0.0011474250944831788,-0.021183883934332227,0.03167963568431519,False,8,8,False
Chronological minus DOI-grouped on identical future records,Voc,V,A x B domain,MA (no FA/Cs) / Other/unknown,chronological - DOI-grouped,high_feature_OOD_fraction,0.0,0.0,0.0,False,8,8,False
Chronological minus DOI-grouped on identical future records,Voc,V,A x B domain,MA (no FA/Cs) / Other/unknown,chronological - DOI-grouped,coverage_90,0.125,0.0,0.4285714285714286,False,8,8,False
Chronological minus DOI-grouped on identical future records,Voc,V,A x B domain,MA (no FA/Cs) / Other/unknown,chronological - DOI-grouped,interval_90_mean_width,-0.016412487978964774,-0.06431277517205616,0.046514234278313,False,8,8,False
Chronological minus DOI-grouped on identical future records,Voc,V,A x B domain,MA (no FA/Cs) / Pb (no Sn),chronological - DOI-grouped,MAE,0.003733403654069767,0.0021362947732396216,0.005340569921270922,True,915,915,True
Chronological minus DOI-grouped on identical future records,Voc,V,A x B domain,MA (no FA/Cs) / Pb (no Sn),chronological - DOI-grouped,bias,-0.007634080858659674,-0.009622756347174896,-0.005940664194495452,True,915,915,True
Chronological minus DOI-grouped on identical future records,Voc,V,A x B domain,MA (no FA/Cs) / Pb (no Sn),chronological - DOI-grouped,RMSE,0.0014518152222856573,-0.0009962551780901719,0.0037766306517227634,False,915,915,True
Chronological minus DOI-grouped on identical future records,Voc,V,A x B domain,MA (no FA/Cs) / Pb (no Sn),chronological - DOI-grouped,R2,-0.021862192833951077,-0.05757753574064436,0.015091198168054537,False,915,915,True
Chronological minus DOI-grouped on identical future records,Voc,V,A x B domain,MA (no FA/Cs) / Pb (no Sn),chronological - DOI-grouped,mean_feature_OOD_percentile,0.01833781110132393,0.010987206792695428,0.025463056263600233,True,915,915,True
Chronological minus DOI-grouped on identical future records,Voc,V,A x B domain,MA (no FA/Cs) / Pb (no Sn),chronological - DOI-grouped,high_feature_OOD_fraction,0.034043370108943885,0.021896384322396736,0.04721722714671513,True,915,915,True
Chronological minus DOI-grouped on identical future records,Voc,V,A x B domain,MA (no FA/Cs) / Pb (no Sn),chronological - DOI-grouped,coverage_90,-0.005607713033248252,-0.017191033387847252,0.00691491550479731,False,915,915,True
Chronological minus DOI-grouped on identical future records,Voc,V,A x B domain,MA (no FA/Cs) / Pb (no Sn),chronological - DOI-grouped,interval_90_mean_width,0.009697787390181678,0.004729942184743483,0.0151107979346302,True,915,915,True
Chronological minus DOI-grouped on identical future records,Voc,V,A x B domain,MA (no FA/Cs) / Pb+Sn,chronological - DOI-grouped,MAE,0.00301921155283158,0.0022284042275889926,0.0038100188780741395,True,2,2,False
Chronological minus DOI-grouped on identical future records,Voc,V,A x B domain,MA (no FA/Cs) / Pb+Sn,chronological - DOI-grouped,bias,0.007173705644910877,0.0038100188780741395,0.010537392411747592,True,2,2,False
Chronological minus DOI-grouped on identical future records,Voc,V,A x B domain,MA (no FA/Cs) / Pb+Sn,chronological - DOI-grouped,RMSE,0.005488543962458792,0.003649723601089311,0.008974637098345714,True,2,2,False
Chronological minus DOI-grouped on identical future records,Voc,V,A x B domain,MA (no FA/Cs) / Pb+Sn,chronological - DOI-grouped,R2,-0.22821446605788376,-14.202197262224388,-0.1373840537814297,True,2,2,False
Chronological minus DOI-grouped on identical future records,Voc,V,A x B domain,MA (no FA/Cs) / Pb+Sn,chronological - DOI-grouped,mean_feature_OOD_percentile,0.06682537738818617,0.053503707075169826,0.08014704770120262,True,2,2,False
Chronological minus DOI-grouped on identical future records,Voc,V,A x B domain,MA (no FA/Cs) / Pb+Sn,chronological - DOI-grouped,high_feature_OOD_fraction,0.5,0.0,1.0,False,2,2,False
Chronological minus DOI-grouped on identical future records,Voc,V,A x B domain,MA (no FA/Cs) / Pb+Sn,chronological - DOI-grouped,coverage_90,0.0,0.0,0.0,False,2,2,False
Chronological minus DOI-grouped on identical future records,Voc,V,A x B domain,MA (no FA/Cs) / Pb+Sn,chronological - DOI-grouped,interval_90_mean_width,-0.09824207012227576,-0.12284757744810859,-0.07363656279644304,True,2,2,False
Chronological minus DOI-grouped on identical future records,Voc,V,A x B domain,MA (no FA/Cs) / Sn (no Pb),chronological - DOI-grouped,MAE,0.005622573950195414,-0.022656669316069855,0.04637716291903268,False,5,5,False
Chronological minus DOI-grouped on identical future records,Voc,V,A x B domain,MA (no FA/Cs) / Sn (no Pb),chronological - DOI-grouped,bias,-0.05566465751558919,-0.08646328965266434,-0.021038108065729116,True,5,5,False
Chronological minus DOI-grouped on identical future records,Voc,V,A x B domain,MA (no FA/Cs) / Sn (no Pb),chronological - DOI-grouped,RMSE,0.0185916543388345,-0.02192431354232882,0.054357661777082344,False,5,5,False
Chronological minus DOI-grouped on identical future records,Voc,V,A x B domain,MA (no FA/Cs) / Sn (no Pb),chronological - DOI-grouped,R2,-0.2712924708973403,-1.5102286842172927,0.8256592760969232,False,5,5,False
Chronological minus DOI-grouped on identical future records,Voc,V,A x B domain,MA (no FA/Cs) / Sn (no Pb),chronological - DOI-grouped,mean_feature_OOD_percentile,-0.01624899860255158,-0.053170719373810044,0.011718553423558098,False,5,5,False
Chronological minus DOI-grouped on identical future records,Voc,V,A x B domain,MA (no FA/Cs) / Sn (no Pb),chronological - DOI-grouped,high_feature_OOD_fraction,0.013333333333333253,0.0,0.044444444444444446,False,5,5,False
Chronological minus DOI-grouped on identical future records,Voc,V,A x B domain,MA (no FA/Cs) / Sn (no Pb),chronological - DOI-grouped,coverage_90,0.0,0.0,0.0,False,5,5,False
Chronological minus DOI-grouped on identical future records,Voc,V,A x B domain,MA (no FA/Cs) / Sn (no Pb),chronological - DOI-grouped,interval_90_mean_width,0.01871891062640474,-0.0626752645261236,0.08368513929542432,False,5,5,False
Chronological minus DOI-grouped on identical future records,Voc,V,A x B domain,MA+Cs / Pb (no Sn),chronological - DOI-grouped,MAE,0.003010915286764601,-0.011053695759399436,0.019383430600290377,False,15,15,False
Chronological minus DOI-grouped on identical future records,Voc,V,A x B domain,MA+Cs / Pb (no Sn),chronological - DOI-grouped,bias,-0.015958578566414573,-0.029822319527593812,-0.003423539039841126,True,15,15,False
Chronological minus DOI-grouped on identical future records,Voc,V,A x B domain,MA+Cs / Pb (no Sn),chronological - DOI-grouped,RMSE,-0.002807511272810398,-0.015534336755630191,0.015660528602055055,False,15,15,False
Chronological minus DOI-grouped on identical future records,Voc,V,A x B domain,MA+Cs / Pb (no Sn),chronological - DOI-grouped,R2,0.0477946872957582,-0.991697104574921,0.19061237395214142,False,15,15,False
Chronological minus DOI-grouped on identical future records,Voc,V,A x B domain,MA+Cs / Pb (no Sn),chronological - DOI-grouped,mean_feature_OOD_percentile,0.06808611892701888,0.03836121129011563,0.1013365684410013,True,15,15,False
Chronological minus DOI-grouped on identical future records,Voc,V,A x B domain,MA+Cs / Pb (no Sn),chronological - DOI-grouped,high_feature_OOD_fraction,0.0,-0.2,0.2,False,15,15,False
Chronological minus DOI-grouped on identical future records,Voc,V,A x B domain,MA+Cs / Pb (no Sn),chronological - DOI-grouped,coverage_90,0.01666666666666672,0.0,0.05357142857142849,False,15,15,False
Chronological minus DOI-grouped on identical future records,Voc,V,A x B domain,MA+Cs / Pb (no Sn),chronological - DOI-grouped,interval_90_mean_width,0.002414659863493651,-0.03905775028173785,0.04407526970088209,False,15,15,False
Chronological minus DOI-grouped on identical future records,Voc,V,A x B domain,Other/unknown / Other/unknown,chronological - DOI-grouped,MAE,-0.0527624770514665,-0.09599162793090302,-0.014603763926738225,True,7,7,False
Chronological minus DOI-grouped on identical future records,Voc,V,A x B domain,Other/unknown / Other/unknown,chronological - DOI-grouped,bias,-0.036659090128396354,-0.10192271926763465,0.02044982947980194,False,7,7,False
Chronological minus DOI-grouped on identical future records,Voc,V,A x B domain,Other/unknown / Other/unknown,chronological - DOI-grouped,RMSE,-0.04852449702524858,-0.09983692284554715,-0.014576301227093136,True,7,7,False
Chronological minus DOI-grouped on identical future records,Voc,V,A x B domain,Other/unknown / Other/unknown,chronological - DOI-grouped,R2,0.21741020200446914,0.04949134708793137,3.4601361180245718,True,7,7,False
Chronological minus DOI-grouped on identical future records,Voc,V,A x B domain,Other/unknown / Other/unknown,chronological - DOI-grouped,mean_feature_OOD_percentile,-0.030451614636042734,-0.09026495556571586,0.00029998302133622546,False,7,7,False
Chronological minus DOI-grouped on identical future records,Voc,V,A x B domain,Other/unknown / Other/unknown,chronological - DOI-grouped,high_feature_OOD_fraction,-0.1428571428571429,-0.43015873015873013,0.0,False,7,7,False
Chronological minus DOI-grouped on identical future records,Voc,V,A x B domain,Other/unknown / Other/unknown,chronological - DOI-grouped,coverage_90,0.03174603174603163,0.0,0.11111111111111105,False,7,7,False
Chronological minus DOI-grouped on identical future records,Voc,V,A x B domain,Other/unknown / Other/unknown,chronological - DOI-grouped,interval_90_mean_width,-0.08573926994744052,-0.20122159962364544,0.02644006362647345,False,7,7,False
Chronological minus DOI-grouped on identical future records,Voc,V,A x B domain,Other/unknown / Pb (no Sn),chronological - DOI-grouped,MAE,-0.009530724084257064,-0.03795436870808665,0.017282706100103695,False,14,14,False
Chronological minus DOI-grouped on identical future records,Voc,V,A x B domain,Other/unknown / Pb (no Sn),chronological - DOI-grouped,bias,-0.0014330524503618491,-0.03155415287337502,0.024144010378781326,False,14,14,False
Chronological minus DOI-grouped on identical future records,Voc,V,A x B domain,Other/unknown / Pb (no Sn),chronological - DOI-grouped,RMSE,-0.020325418910915327,-0.0579054071368117,0.020671879346942573,False,14,14,False
Chronological minus DOI-grouped on identical future records,Voc,V,A x B domain,Other/unknown / Pb (no Sn),chronological - DOI-grouped,R2,0.18261958623220553,-0.24274207988975033,0.4716667747090668,False,14,14,False
Chronological minus DOI-grouped on identical future records,Voc,V,A x B domain,Other/unknown / Pb (no Sn),chronological - DOI-grouped,mean_feature_OOD_percentile,0.046662655080264126,-3.523251724031057e-05,0.1043506054160293,False,14,14,False
Chronological minus DOI-grouped on identical future records,Voc,V,A x B domain,Other/unknown / Pb (no Sn),chronological - DOI-grouped,high_feature_OOD_fraction,0.16666666666666663,-0.030378787878787953,0.3999999999999999,False,14,14,False
Chronological minus DOI-grouped on identical future records,Voc,V,A x B domain,Other/unknown / Pb (no Sn),chronological - DOI-grouped,coverage_90,0.0,0.0,0.0,False,14,14,False
Chronological minus DOI-grouped on identical future records,Voc,V,A x B domain,Other/unknown / Pb (no Sn),chronological - DOI-grouped,interval_90_mean_width,-0.01740061221005096,-0.05534709978434178,0.019247932378610815,False,14,14,False
Chronological minus DOI-grouped on identical future records,Voc,V,A x B domain,Other/unknown / Sn (no Pb),chronological - DOI-grouped,MAE,0.004683702299071557,-0.05877674130605853,0.031132419952132423,False,4,4,False
Chronological minus DOI-grouped on identical future records,Voc,V,A x B domain,Other/unknown / Sn (no Pb),chronological - DOI-grouped,bias,-0.0320819344374052,-0.05877674130605853,-0.016808107452463056,True,4,4,False
Chronological minus DOI-grouped on identical future records,Voc,V,A x B domain,Other/unknown / Sn (no Pb),chronological - DOI-grouped,RMSE,0.01281520338834427,-0.05877674130605853,0.03619771882960132,False,4,4,False
Chronological minus DOI-grouped on identical future records,Voc,V,A x B domain,Other/unknown / Sn (no Pb),chronological - DOI-grouped,R2,-0.13356194435741753,-3.0880966384165265,0.22016484141313603,False,4,4,False
Chronological minus DOI-grouped on identical future records,Voc,V,A x B domain,Other/unknown / Sn (no Pb),chronological - DOI-grouped,mean_feature_OOD_percentile,-0.003057506635313345,-0.008879303171792863,0.0037526486268877335,False,4,4,False
Chronological minus DOI-grouped on identical future records,Voc,V,A x B domain,Other/unknown / Sn (no Pb),chronological - DOI-grouped,high_feature_OOD_fraction,0.0,0.0,0.0,False,4,4,False
Chronological minus DOI-grouped on identical future records,Voc,V,A x B domain,Other/unknown / Sn (no Pb),chronological - DOI-grouped,coverage_90,0.0,0.0,0.0,False,4,4,False
Chronological minus DOI-grouped on identical future records,Voc,V,A x B domain,Other/unknown / Sn (no Pb),chronological - DOI-grouped,interval_90_mean_width,-0.08305576390761582,-0.15473829370475856,-0.007420758905583136,True,4,4,False
Chronological minus DOI-grouped on identical future records,Voc,V,FA presence,FA absent,chronological - DOI-grouped,MAE,0.007931973285815741,0.005718258781078323,0.010251467704879223,True,1124,1124,True
Chronological minus DOI-grouped on identical future records,Voc,V,FA presence,FA absent,chronological - DOI-grouped,bias,-0.01658100793751955,-0.019179723560602335,-0.013981917356225237,True,1124,1124,True
Chronological minus DOI-grouped on identical future records,Voc,V,FA presence,FA absent,chronological - DOI-grouped,RMSE,0.006253573238820032,0.0029966333324497117,0.009706323854077988,True,1124,1124,True
Chronological minus DOI-grouped on identical future records,Voc,V,FA presence,FA absent,chronological - DOI-grouped,R2,-0.054531826176229314,-0.08504755398619675,-0.026274663214175015,True,1124,1124,True
Chronological minus DOI-grouped on identical future records,Voc,V,FA presence,FA absent,chronological - DOI-grouped,mean_feature_OOD_percentile,0.02301596619170687,0.016709364329967967,0.02916494185028876,True,1124,1124,True
Chronological minus DOI-grouped on identical future records,Voc,V,FA presence,FA absent,chronological - DOI-grouped,high_feature_OOD_fraction,0.05881699046484894,0.045200550607096074,0.07314163190992527,True,1124,1124,True
Chronological minus DOI-grouped on identical future records,Voc,V,FA presence,FA absent,chronological - DOI-grouped,coverage_90,-0.004917153592666423,-0.01553319287078046,0.006126701547599539,False,1124,1124,True
Chronological minus DOI-grouped on identical future records,Voc,V,FA presence,FA absent,chronological - DOI-grouped,interval_90_mean_width,0.020250795570539215,0.014653606277495516,0.02639329329716212,True,1124,1124,True
Chronological minus DOI-grouped on identical future records,Voc,V,FA presence,FA present,chronological - DOI-grouped,MAE,0.0037109012812874265,0.0017576153936198124,0.005365646507477733,True,685,685,True
Chronological minus DOI-grouped on identical future records,Voc,V,FA presence,FA present,chronological - DOI-grouped,bias,-0.008761766156697737,-0.010739367400235742,-0.006689063282199979,True,685,685,True
Chronological minus DOI-grouped on identical future records,Voc,V,FA presence,FA present,chronological - DOI-grouped,RMSE,0.0021941614720644292,-0.0005545748311566841,0.004639884347995554,False,685,685,True
Chronological minus DOI-grouped on identical future records,Voc,V,FA presence,FA present,chronological - DOI-grouped,R2,-0.017574690681988026,-0.03980507692791562,0.004333244523998811,False,685,685,True
Chronological minus DOI-grouped on identical future records,Voc,V,FA presence,FA present,chronological - DOI-grouped,mean_feature_OOD_percentile,0.06942898943819886,0.06047160042587486,0.07850981227956894,True,685,685,True
Chronological minus DOI-grouped on identical future records,Voc,V,FA presence,FA present,chronological - DOI-grouped,high_feature_OOD_fraction,0.050486490990999375,0.035827703758074834,0.0666962946516301,True,685,685,True
Chronological minus DOI-grouped on identical future records,Voc,V,FA presence,FA present,chronological - DOI-grouped,coverage_90,-0.007903422611451716,-0.019170984330064388,0.004725948941362517,False,685,685,True
Chronological minus DOI-grouped on identical future records,Voc,V,FA presence,FA present,chronological - DOI-grouped,interval_90_mean_width,0.012826970945655991,0.007060885774715595,0.01862306484496496,True,685,685,True
Chronological minus DOI-grouped on identical future records,Voc,V,MA presence,MA absent,chronological - DOI-grouped,MAE,0.020064093368901983,0.013865054114290985,0.02656074202863939,True,320,320,True
Chronological minus DOI-grouped on identical future records,Voc,V,MA presence,MA absent,chronological - DOI-grouped,bias,-0.042474003044861354,-0.04903775583596284,-0.03632400352144598,True,320,320,True
Chronological minus DOI-grouped on identical future records,Voc,V,MA presence,MA absent,chronological - DOI-grouped,RMSE,0.016183370831049565,0.007971817714786384,0.025030061913828578,True,320,320,True
Chronological minus DOI-grouped on identical future records,Voc,V,MA presence,MA absent,chronological - DOI-grouped,R2,-0.0700721096829724,-0.11292587043199408,-0.034583322183111366,True,320,320,True
Chronological minus DOI-grouped on identical future records,Voc,V,MA presence,MA absent,chronological - DOI-grouped,mean_feature_OOD_percentile,0.045114833843236224,0.03504238125912291,0.05478022661042248,True,320,320,True
Chronological minus DOI-grouped on identical future records,Voc,V,MA presence,MA absent,chronological - DOI-grouped,high_feature_OOD_fraction,0.13007017824706385,0.09446016935701909,0.16723739661536757,True,320,320,True
Chronological minus DOI-grouped on identical future records,Voc,V,MA presence,MA absent,chronological - DOI-grouped,coverage_90,-0.009280665974140456,-0.03004643448561252,0.009036779843411748,False,320,320,True
Chronological minus DOI-grouped on identical future records,Voc,V,MA presence,MA absent,chronological - DOI-grouped,interval_90_mean_width,0.05453069749550804,0.04161336757451595,0.06826231464470668,True,320,320,True
Chronological minus DOI-grouped on identical future records,Voc,V,MA presence,MA present,chronological - DOI-grouped,MAE,0.0030712856536034283,0.0019064507498049704,0.004263500342800458,True,1460,1460,True
Chronological minus DOI-grouped on identical future records,Voc,V,MA presence,MA present,chronological - DOI-grouped,bias,-0.007351111012809714,-0.008875116309912185,-0.005990229070786581,True,1460,1460,True
Chronological minus DOI-grouped on identical future records,Voc,V,MA presence,MA present,chronological - DOI-grouped,RMSE,0.000395004243264635,-0.0015446750239315565,0.002315726287496818,False,1460,1460,True
Chronological minus DOI-grouped on identical future records,Voc,V,MA presence,MA present,chronological - DOI-grouped,R2,-0.0046262744445139115,-0.027654946828398877,0.018446553685270473,False,1460,1460,True
Chronological minus DOI-grouped on identical future records,Voc,V,MA presence,MA present,chronological - DOI-grouped,mean_feature_OOD_percentile,0.04028323390756061,0.03465815552036667,0.046226311920585975,True,1460,1460,True
Chronological minus DOI-grouped on identical future records,Voc,V,MA presence,MA present,chronological - DOI-grouped,high_feature_OOD_fraction,0.04028452644588823,0.029795750149285007,0.051596561719013556,True,1460,1460,True
Chronological minus DOI-grouped on identical future records,Voc,V,MA presence,MA present,chronological - DOI-grouped,coverage_90,-0.006660835081632954,-0.015440873556361112,0.0038731518761049265,False,1460,1460,True
Chronological minus DOI-grouped on identical future records,Voc,V,MA presence,MA present,chronological - DOI-grouped,interval_90_mean_width,0.009159887137896783,0.005291338930553941,0.013124465563392912,True,1460,1460,True
Chronological minus DOI-grouped on identical future records,Voc,V,Cs presence,Cs absent,chronological - DOI-grouped,MAE,0.0028784763828610255,0.0014492274059430322,0.00428390200018781,True,1211,1211,True
Chronological minus DOI-grouped on identical future records,Voc,V,Cs presence,Cs absent,chronological - DOI-grouped,bias,-0.008758111547118365,-0.010358353923461154,-0.007235955719664487,True,1211,1211,True
Chronological minus DOI-grouped on identical future records,Voc,V,Cs presence,Cs absent,chronological - DOI-grouped,RMSE,-0.0003761878210598729,-0.002798775596364019,0.0019133277105527534,False,1211,1211,True
Chronological minus DOI-grouped on identical future records,Voc,V,Cs presence,Cs absent,chronological - DOI-grouped,R2,0.0034120607040207807,-0.017781740721141463,0.02506566106970681,False,1211,1211,True
Chronological minus DOI-grouped on identical future records,Voc,V,Cs presence,Cs absent,chronological - DOI-grouped,mean_feature_OOD_percentile,0.026421264195992333,0.020246931498673817,0.032720747272544135,True,1211,1211,True
Chronological minus DOI-grouped on identical future records,Voc,V,Cs presence,Cs absent,chronological - DOI-grouped,high_feature_OOD_fraction,0.03379446112120456,0.02301718868148517,0.04440859646162047,True,1211,1211,True
Chronological minus DOI-grouped on identical future records,Voc,V,Cs presence,Cs absent,chronological - DOI-grouped,coverage_90,-0.00569884023175915,-0.015370089873012993,0.005553603868951234,False,1211,1211,True
Chronological minus DOI-grouped on identical future records,Voc,V,Cs presence,Cs absent,chronological - DOI-grouped,interval_90_mean_width,0.010156854015481331,0.005445922897679608,0.014770799552380422,True,1211,1211,True
Chronological minus DOI-grouped on identical future records,Voc,V,Cs presence,Cs present,chronological - DOI-grouped,MAE,0.012985128715892899,0.009487189387359596,0.016887680176853177,True,587,587,True
Chronological minus DOI-grouped on identical future records,Voc,V,Cs presence,Cs present,chronological - DOI-grouped,bias,-0.023287230696889726,-0.02756730635612675,-0.019172188532765706,True,587,587,True
Chronological minus DOI-grouped on identical future records,Voc,V,Cs presence,Cs present,chronological - DOI-grouped,RMSE,0.014456463977157663,0.009121620380456054,0.019945794568203844,True,587,587,True
Chronological minus DOI-grouped on identical future records,Voc,V,Cs presence,Cs present,chronological - DOI-grouped,R2,-0.12834915493363164,-0.18523109782481956,-0.0818545431994676,True,587,587,True
Chronological minus DOI-grouped on identical future records,Voc,V,Cs presence,Cs present,chronological - DOI-grouped,mean_feature_OOD_percentile,0.07178604889343576,0.06283826696268599,0.08162575746228995,True,587,587,True
Chronological minus DOI-grouped on identical future records,Voc,V,Cs presence,Cs present,chronological - DOI-grouped,high_feature_OOD_fraction,0.10008253231190756,0.07811292499940406,0.12563067226586372,True,587,587,True
Chronological minus DOI-grouped on identical future records,Voc,V,Cs presence,Cs present,chronological - DOI-grouped,coverage_90,-0.006553610372880825,-0.018933213913038698,0.006664163501051358,False,587,587,True
Chronological minus DOI-grouped on identical future records,Voc,V,Cs presence,Cs present,chronological - DOI-grouped,interval_90_mean_width,0.031698304406846844,0.023905344946259212,0.03993227007743803,True,587,587,True
Chronological minus DOI-grouped on identical future records,Voc,V,Pb presence,Pb absent,chronological - DOI-grouped,MAE,-0.010756839313373151,-0.024352006561659173,0.0023845431972944523,False,55,55,True
Chronological minus DOI-grouped on identical future records,Voc,V,Pb presence,Pb absent,chronological - DOI-grouped,bias,-0.01797338039831872,-0.03312416832738472,-0.002018927434916764,True,55,55,True
Chronological minus DOI-grouped on identical future records,Voc,V,Pb presence,Pb absent,chronological - DOI-grouped,RMSE,-0.01964193405388842,-0.03549673343047199,-0.003306206292063047,True,55,55,True
Chronological minus DOI-grouped on identical future records,Voc,V,Pb presence,Pb absent,chronological - DOI-grouped,R2,0.13762777855381447,0.02729821777377166,0.28830965327963015,True,55,55,True
Chronological minus DOI-grouped on identical future records,Voc,V,Pb presence,Pb absent,chronological - DOI-grouped,mean_feature_OOD_percentile,0.020345856481934765,9.852274295550374e-05,0.04599247287660268,True,55,55,True
Chronological minus DOI-grouped on identical future records,Voc,V,Pb presence,Pb absent,chronological - DOI-grouped,high_feature_OOD_fraction,0.11030303030303024,0.014747564742219091,0.21322172619047614,True,55,55,True
Chronological minus DOI-grouped on identical future records,Voc,V,Pb presence,Pb absent,chronological - DOI-grouped,coverage_90,0.0075114784205694285,-0.034890341260471205,0.05793719594396589,False,55,55,True
Chronological minus DOI-grouped on identical future records,Voc,V,Pb presence,Pb absent,chronological - DOI-grouped,interval_90_mean_width,-0.03217252211132704,-0.05662070192746997,-0.007728233646140558,True,55,55,True
Chronological minus DOI-grouped on identical future records,Voc,V,Pb presence,Pb present,chronological - DOI-grouped,MAE,0.006687992117382649,0.005076528499832588,0.008420758227166479,True,1680,1680,True
Chronological minus DOI-grouped on identical future records,Voc,V,Pb presence,Pb present,chronological - DOI-grouped,bias,-0.013450796146829239,-0.015457200884025635,-0.011715955680602935,True,1680,1680,True
Chronological minus DOI-grouped on identical future records,Voc,V,Pb presence,Pb present,chronological - DOI-grouped,RMSE,0.00610964664238324,0.003588750684565257,0.00866775738193584,True,1680,1680,True
Chronological minus DOI-grouped on identical future records,Voc,V,Pb presence,Pb present,chronological - DOI-grouped,R2,-0.07193067222121363,-0.1004037031825738,-0.043208027783064346,True,1680,1680,True
Chronological minus DOI-grouped on identical future records,Voc,V,Pb presence,Pb present,chronological - DOI-grouped,mean_feature_OOD_percentile,0.041513303391720435,0.03658220407988479,0.0470596563030423,True,1680,1680,True
Chronological minus DOI-grouped on identical future records,Voc,V,Pb presence,Pb present,chronological - DOI-grouped,high_feature_OOD_fraction,0.05428697042466661,0.04398526331705644,0.06537364109711864,True,1680,1680,True
Chronological minus DOI-grouped on identical future records,Voc,V,Pb presence,Pb present,chronological - DOI-grouped,coverage_90,-0.006246030792216639,-0.014495862089562389,0.00273050435341432,False,1680,1680,True
Chronological minus DOI-grouped on identical future records,Voc,V,Pb presence,Pb present,chronological - DOI-grouped,interval_90_mean_width,0.01899139196002514,0.014910333475635229,0.02334943834586965,True,1680,1680,True
Chronological minus DOI-grouped on identical future records,Voc,V,Sn presence,Sn absent,chronological - DOI-grouped,MAE,0.006362700572865837,0.00473964575510409,0.008085398512160655,True,1685,1685,True
Chronological minus DOI-grouped on identical future records,Voc,V,Sn presence,Sn absent,chronological - DOI-grouped,bias,-0.01330638095884712,-0.015238907673908106,-0.011524897305724436,True,1685,1685,True
Chronological minus DOI-grouped on identical future records,Voc,V,Sn presence,Sn absent,chronological - DOI-grouped,RMSE,0.005228560356130424,0.0027325242353559384,0.007792373029962833,True,1685,1685,True
Chronological minus DOI-grouped on identical future records,Voc,V,Sn presence,Sn absent,chronological - DOI-grouped,R2,-0.05732523784113974,-0.08514714383848586,-0.030335637104617952,True,1685,1685,True
Chronological minus DOI-grouped on identical future records,Voc,V,Sn presence,Sn absent,chronological - DOI-grouped,mean_feature_OOD_percentile,0.04125318192800642,0.03602264508443827,0.04669466730442978,True,1685,1685,True
Chronological minus DOI-grouped on identical future records,Voc,V,Sn presence,Sn absent,chronological - DOI-grouped,high_feature_OOD_fraction,0.054857830057432194,0.04461462639126075,0.06654687130308329,True,1685,1685,True
Chronological minus DOI-grouped on identical future records,Voc,V,Sn presence,Sn absent,chronological - DOI-grouped,coverage_90,-0.006384107192767385,-0.014944605956312976,0.0022796919547304383,False,1685,1685,True
Chronological minus DOI-grouped on identical future records,Voc,V,Sn presence,Sn absent,chronological - DOI-grouped,interval_90_mean_width,0.01761495104078431,0.01344303250073216,0.022096846149308586,True,1685,1685,True
Chronological minus DOI-grouped on identical future records,Voc,V,Sn presence,Sn present,chronological - DOI-grouped,MAE,0.0005674748945184438,-0.011125032111834358,0.010495275943033889,False,55,55,True
Chronological minus DOI-grouped on identical future records,Voc,V,Sn presence,Sn present,chronological - DOI-grouped,bias,-0.023094295583224254,-0.03375786974115148,-0.0116099023828385,True,55,55,True
Chronological minus DOI-grouped on identical future records,Voc,V,Sn presence,Sn present,chronological - DOI-grouped,RMSE,-0.008779185830315173,-0.02463248465442851,0.0054817556820409355,False,55,55,True
Chronological minus DOI-grouped on identical future records,Voc,V,Sn presence,Sn present,chronological - DOI-grouped,R2,0.06900419659730728,-0.04632366211159283,0.20953245603990783,False,55,55,True
Chronological minus DOI-grouped on identical future records,Voc,V,Sn presence,Sn present,chronological - DOI-grouped,mean_feature_OOD_percentile,0.038122452600029666,0.020372460458496895,0.05830836776622514,True,55,55,True
Chronological minus DOI-grouped on identical future records,Voc,V,Sn presence,Sn present,chronological - DOI-grouped,high_feature_OOD_fraction,0.10626262626262628,0.024783333333333303,0.20227083333333332,True,55,55,True
Chronological minus DOI-grouped on identical future records,Voc,V,Sn presence,Sn present,chronological - DOI-grouped,coverage_90,0.003218549127639969,-0.04555731846769595,0.05963846801346806,False,55,55,True
Chronological minus DOI-grouped on identical future records,Voc,V,Sn presence,Sn present,chronological - DOI-grouped,interval_90_mean_width,0.008696973925044649,-0.014455929903163554,0.033821570045195745,False,55,55,True
Within chronological cohort,Voc,V,A-site pattern,FA (no MA/Cs),FA (no MA/Cs) - MA (no FA/Cs),MAE,0.023033323785435406,0.005609494302487271,0.041240886182024955,True,62,928,True
Within chronological cohort,Voc,V,A-site pattern,FA (no MA/Cs),FA (no MA/Cs) - MA (no FA/Cs),bias,-0.026598316083265502,-0.05554999858437938,0.004148427918172655,False,62,928,True
Within chronological cohort,Voc,V,A-site pattern,FA (no MA/Cs),FA (no MA/Cs) - MA (no FA/Cs),RMSE,0.01945634385320119,-0.004918039357555719,0.04408095008548994,False,62,928,True
Within chronological cohort,Voc,V,A-site pattern,FA (no MA/Cs),FA (no MA/Cs) - MA (no FA/Cs),R2,0.46429977047743476,0.3261790254407766,0.5866309078791738,True,62,928,True
Within chronological cohort,Voc,V,A-site pattern,FA (no MA/Cs),FA (no MA/Cs) - MA (no FA/Cs),mean_feature_OOD_percentile,0.2834683522426157,0.24713658630141172,0.3235899084961289,True,62,928,True
Within chronological cohort,Voc,V,A-site pattern,FA (no MA/Cs),FA (no MA/Cs) - MA (no FA/Cs),high_feature_OOD_fraction,0.26790102499438445,0.16326048663988268,0.3899739133566919,True,62,928,True
Within chronological cohort,Voc,V,A-site pattern,FA (no MA/Cs),FA (no MA/Cs) - MA (no FA/Cs),coverage_90,0.0020466039311097806,-0.0732388510275299,0.06635941989521016,False,62,928,True
Within chronological cohort,Voc,V,A-site pattern,FA (no MA/Cs),FA (no MA/Cs) - MA (no FA/Cs),interval_90_mean_width,0.07775582985376162,0.04266091143496556,0.11160986166842755,True,62,928,True
Within chronological cohort,Voc,V,A-site pattern,Cs (no FA/MA),Cs (no FA/MA) - MA (no FA/Cs),MAE,0.05873886344884924,0.04567563828018674,0.07252989788216292,True,174,928,True
Within chronological cohort,Voc,V,A-site pattern,Cs (no FA/MA),Cs (no FA/MA) - MA (no FA/Cs),bias,-0.07445611762426652,-0.09442135212095747,-0.055026925363469315,True,174,928,True
Within chronological cohort,Voc,V,A-site pattern,Cs (no FA/MA),Cs (no FA/MA) - MA (no FA/Cs),RMSE,0.0622814235268743,0.0462033662894883,0.07862369127436525,True,174,928,True
Within chronological cohort,Voc,V,A-site pattern,Cs (no FA/MA),Cs (no FA/MA) - MA (no FA/Cs),R2,0.16906582147482208,-0.02543788842989359,0.3259354962602555,False,174,928,True
Within chronological cohort,Voc,V,A-site pattern,Cs (no FA/MA),Cs (no FA/MA) - MA (no FA/Cs),mean_feature_OOD_percentile,0.3632450471566453,0.339505608987391,0.38662635656596994,True,174,928,True
Within chronological cohort,Voc,V,A-site pattern,Cs (no FA/MA),Cs (no FA/MA) - MA (no FA/Cs),high_feature_OOD_fraction,0.4225408919747606,0.35314826329218724,0.4916643039295065,True,174,928,True
Within chronological cohort,Voc,V,A-site pattern,Cs (no FA/MA),Cs (no FA/MA) - MA (no FA/Cs),coverage_90,0.031719400442059675,-0.000180116588647616,0.06311838987892494,False,174,928,True
Within chronological cohort,Voc,V,A-site pattern,Cs (no FA/MA),Cs (no FA/MA) - MA (no FA/Cs),interval_90_mean_width,0.23354731319743127,0.2140464561401953,0.25645045015180606,True,174,928,True
Within chronological cohort,Voc,V,A-site pattern,FA+MA,FA+MA - MA (no FA/Cs),MAE,-0.019747672658708235,-0.026594851908069997,-0.01251361268800227,True,255,928,True
Within chronological cohort,Voc,V,A-site pattern,FA+MA,FA+MA - MA (no FA/Cs),bias,0.00309244601055364,-0.007035759044959771,0.014199560658498596,False,255,928,True
Within chronological cohort,Voc,V,A-site pattern,FA+MA,FA+MA - MA (no FA/Cs),RMSE,-0.024978768939935697,-0.037381058111065804,-0.011902490766180529,True,255,928,True
Within chronological cohort,Voc,V,A-site pattern,FA+MA,FA+MA - MA (no FA/Cs),R2,0.3130306482288263,0.16352942967665132,0.44452607567150326,True,255,928,True
Within chronological cohort,Voc,V,A-site pattern,FA+MA,FA+MA - MA (no FA/Cs),mean_feature_OOD_percentile,0.11583303396014688,0.08102570288785205,0.14966936813949358,True,255,928,True
Within chronological cohort,Voc,V,A-site pattern,FA+MA,FA+MA - MA (no FA/Cs),high_feature_OOD_fraction,0.022645110763138146,-0.01903231650155493,0.06414456533596245,False,255,928,True
Within chronological cohort,Voc,V,A-site pattern,FA+MA,FA+MA - MA (no FA/Cs),coverage_90,0.014752219174675618,-0.017888798161792653,0.04604692977179719,False,255,928,True
Within chronological cohort,Voc,V,A-site pattern,FA+MA,FA+MA - MA (no FA/Cs),interval_90_mean_width,-0.0490350483169692,-0.06890883053800931,-0.02874141873958938,True,255,928,True
Within chronological cohort,Voc,V,A-site pattern,FA+Cs,FA+Cs - MA (no FA/Cs),MAE,0.009486737808566056,-0.009758491686248063,0.03199477038780645,False,72,928,True
Within chronological cohort,Voc,V,A-site pattern,FA+Cs,FA+Cs - MA (no FA/Cs),bias,-0.027982230228777154,-0.05457820898738709,-0.002300975164130251,True,72,928,True
Within chronological cohort,Voc,V,A-site pattern,FA+Cs,FA+Cs - MA (no FA/Cs),RMSE,0.013926390908695518,-0.01653837452158046,0.045692145034630496,False,72,928,True
Within chronological cohort,Voc,V,A-site pattern,FA+Cs,FA+Cs - MA (no FA/Cs),R2,-0.16050777254017512,-0.5366502854870414,0.11321095003953323,False,72,928,True
Within chronological cohort,Voc,V,A-site pattern,FA+Cs,FA+Cs - MA (no FA/Cs),mean_feature_OOD_percentile,0.2538912903236382,0.2084162375631121,0.30011182355640675,True,72,928,True
Within chronological cohort,Voc,V,A-site pattern,FA+Cs,FA+Cs - MA (no FA/Cs),high_feature_OOD_fraction,0.12658463529089797,0.03799646718891778,0.22288548048233028,True,72,928,True
Within chronological cohort,Voc,V,A-site pattern,FA+Cs,FA+Cs - MA (no FA/Cs),coverage_90,0.016419612692559316,-0.054786164881313916,0.07769625670771155,False,72,928,True
Within chronological cohort,Voc,V,A-site pattern,FA+Cs,FA+Cs - MA (no FA/Cs),interval_90_mean_width,0.028715273795563323,-0.00865237126905142,0.0695188238024148,False,72,928,True
Within chronological cohort,Voc,V,A-site pattern,MA+Cs,MA+Cs - MA (no FA/Cs),MAE,0.02023083558416361,-0.02239030435212379,0.07395277142020874,False,15,928,False
Within chronological cohort,Voc,V,A-site pattern,MA+Cs,MA+Cs - MA (no FA/Cs),bias,-0.02540259686905595,-0.08195246082652302,0.04552811367865538,False,15,928,False
Within chronological cohort,Voc,V,A-site pattern,MA+Cs,MA+Cs - MA (no FA/Cs),RMSE,0.025031784001211088,-0.04007646697010024,0.08732034564195204,False,15,928,False
Within chronological cohort,Voc,V,A-site pattern,MA+Cs,MA+Cs - MA (no FA/Cs),R2,-0.46482871097786527,-4.402752337363076,-0.11649422634102033,True,15,928,False
Within chronological cohort,Voc,V,A-site pattern,MA+Cs,MA+Cs - MA (no FA/Cs),mean_feature_OOD_percentile,0.15517273970693268,0.062388299193463725,0.24021015575325394,True,15,928,False
Within chronological cohort,Voc,V,A-site pattern,MA+Cs,MA+Cs - MA (no FA/Cs),high_feature_OOD_fraction,-0.028970920264657585,-0.10775134452391613,0.1346747617942894,False,15,928,False
Within chronological cohort,Voc,V,A-site pattern,MA+Cs,MA+Cs - MA (no FA/Cs),coverage_90,0.009976711457991505,-0.16276247262676638,0.115943714373236,False,15,928,False
Within chronological cohort,Voc,V,A-site pattern,MA+Cs,MA+Cs - MA (no FA/Cs),interval_90_mean_width,0.07157224310479815,-0.004982860896346605,0.1494010741819224,False,15,928,False
Within chronological cohort,Voc,V,A-site pattern,FA+MA+Cs,FA+MA+Cs - MA (no FA/Cs),MAE,-0.01960327922165224,-0.026266228689620443,-0.013076784114024034,True,342,928,True
Within chronological cohort,Voc,V,A-site pattern,FA+MA+Cs,FA+MA+Cs - MA (no FA/Cs),bias,0.008428726524578309,-0.001681104420259922,0.01867855702008669,False,342,928,True
Within chronological cohort,Voc,V,A-site pattern,FA+MA+Cs,FA+MA+Cs - MA (no FA/Cs),RMSE,-0.024183155225364697,-0.03539099151198056,-0.01314462772598373,True,342,928,True
Within chronological cohort,Voc,V,A-site pattern,FA+MA+Cs,FA+MA+Cs - MA (no FA/Cs),R2,0.010404475443670513,-0.17059569729187313,0.17898169206403242,False,342,928,True
Within chronological cohort,Voc,V,A-site pattern,FA+MA+Cs,FA+MA+Cs - MA (no FA/Cs),mean_feature_OOD_percentile,0.010035247290161808,-0.022653633911565232,0.045521753502748334,False,342,928,True
Within chronological cohort,Voc,V,A-site pattern,FA+MA+Cs,FA+MA+Cs - MA (no FA/Cs),high_feature_OOD_fraction,0.010460992851466053,-0.025894422541736285,0.0477050896333508,False,342,928,True
Within chronological cohort,Voc,V,A-site pattern,FA+MA+Cs,FA+MA+Cs - MA (no FA/Cs),coverage_90,-0.005069844487687214,-0.032856183141926114,0.026107779980178283,False,342,928,True
Within chronological cohort,Voc,V,A-site pattern,FA+MA+Cs,FA+MA+Cs - MA (no FA/Cs),interval_90_mean_width,-0.0828176380650601,-0.09765983958566345,-0.06685736564816844,True,342,928,True
Within chronological cohort,Voc,V,A-site pattern,Other/unknown,Other/unknown - MA (no FA/Cs),MAE,0.11284983799324813,0.04854777811916007,0.18431835771865387,True,25,928,True
Within chronological cohort,Voc,V,A-site pattern,Other/unknown,Other/unknown - MA (no FA/Cs),bias,0.051850590020711185,-0.04651482472943274,0.1452354799261018,False,25,928,True
Within chronological cohort,Voc,V,A-site pattern,Other/unknown,Other/unknown - MA (no FA/Cs),RMSE,0.15817251506510616,0.060541038752211104,0.24298060898451015,True,25,928,True
Within chronological cohort,Voc,V,A-site pattern,Other/unknown,Other/unknown - MA (no FA/Cs),R2,-0.09207596619768044,-0.6011567839135145,0.3012491532371981,False,25,928,True
Within chronological cohort,Voc,V,A-site pattern,Other/unknown,Other/unknown - MA (no FA/Cs),mean_feature_OOD_percentile,0.42155839195380107,0.39548433580948317,0.44673188210907405,True,25,928,True
Within chronological cohort,Voc,V,A-site pattern,Other/unknown,Other/unknown - MA (no FA/Cs),high_feature_OOD_fraction,0.7710290797353423,0.6397021646625238,0.8832189471837539,True,25,928,True
Within chronological cohort,Voc,V,A-site pattern,Other/unknown,Other/unknown - MA (no FA/Cs),coverage_90,-0.039652918171638185,-0.17871579173549135,0.06876715551919979,False,25,928,True
Within chronological cohort,Voc,V,A-site pattern,Other/unknown,Other/unknown - MA (no FA/Cs),interval_90_mean_width,0.3385101801184145,0.2636030823985206,0.41861939798484665,True,25,928,True
Within chronological cohort,Voc,V,B-site pattern,Sn (no Pb),Sn (no Pb) - Pb (no Sn),MAE,0.04316747833283599,0.018677658341038808,0.06891517552167402,True,30,1660,True
Within chronological cohort,Voc,V,B-site pattern,Sn (no Pb),Sn (no Pb) - Pb (no Sn),bias,-0.0376336093347336,-0.08185380685832182,0.008114615834586229,False,30,1660,True
Within chronological cohort,Voc,V,B-site pattern,Sn (no Pb),Sn (no Pb) - Pb (no Sn),RMSE,0.04089071271299323,0.0073990006984881816,0.07397928011593288,True,30,1660,True
Within chronological cohort,Voc,V,B-site pattern,Sn (no Pb),Sn (no Pb) - Pb (no Sn),R2,-0.47979864762457536,-1.4337100927610993,-0.03914428814113733,True,30,1660,True
Within chronological cohort,Voc,V,B-site pattern,Sn (no Pb),Sn (no Pb) - Pb (no Sn),mean_feature_OOD_percentile,0.3198040584704194,0.2868246406421046,0.35069373567683904,True,30,1660,True
Within chronological cohort,Voc,V,B-site pattern,Sn (no Pb),Sn (no Pb) - Pb (no Sn),high_feature_OOD_fraction,0.4802399738718477,0.3113343979549365,0.6472943639142641,True,30,1660,True
Within chronological cohort,Voc,V,B-site pattern,Sn (no Pb),Sn (no Pb) - Pb (no Sn),coverage_90,-0.005448540862128981,-0.08835475602837688,0.0686361605773007,False,30,1660,True
Within chronological cohort,Voc,V,B-site pattern,Sn (no Pb),Sn (no Pb) - Pb (no Sn),interval_90_mean_width,0.10749870453936683,0.07257769881714961,0.14511074463514367,True,30,1660,True
Within chronological cohort,Voc,V,B-site pattern,Pb+Sn,Pb+Sn - Pb (no Sn),MAE,0.02103346599611619,-0.011975953044142614,0.05883313981650981,False,25,1660,True
Within chronological cohort,Voc,V,B-site pattern,Pb+Sn,Pb+Sn - Pb (no Sn),bias,0.05593383006875283,0.007967848800406786,0.10470463491927971,True,25,1660,True
Within chronological cohort,Voc,V,B-site pattern,Pb+Sn,Pb+Sn - Pb (no Sn),RMSE,0.03202100851038915,-0.014417381545628927,0.07164777414837667,False,25,1660,True
Within chronological cohort,Voc,V,B-site pattern,Pb+Sn,Pb+Sn - Pb (no Sn),R2,-0.2616141521316787,-0.995145037662651,0.02604268272163709,False,25,1660,True
Within chronological cohort,Voc,V,B-site pattern,Pb+Sn,Pb+Sn - Pb (no Sn),mean_feature_OOD_percentile,0.2623487720824049,0.2244047836615343,0.29903553520517256,True,25,1660,True
Within chronological cohort,Voc,V,B-site pattern,Pb+Sn,Pb+Sn - Pb (no Sn),high_feature_OOD_fraction,0.13676522639710026,-0.013703415943527902,0.3164140229650586,False,25,1660,True
Within chronological cohort,Voc,V,B-site pattern,Pb+Sn,Pb+Sn - Pb (no Sn),coverage_90,0.04894539853181035,-0.015149204792885026,0.0988255312539904,False,25,1660,True
Within chronological cohort,Voc,V,B-site pattern,Pb+Sn,Pb+Sn - Pb (no Sn),interval_90_mean_width,0.20507630387839193,0.11362699038282126,0.3137869757696467,True,25,1660,True
Within chronological cohort,Voc,V,B-site pattern,Other/unknown,Other/unknown - Pb (no Sn),MAE,0.08585464855460015,0.03335026320272674,0.14472403042883994,True,25,1660,True
Within chronological cohort,Voc,V,B-site pattern,Other/unknown,Other/unknown - Pb (no Sn),bias,0.009704647110927368,-0.08350499286922848,0.08657569377162146,False,25,1660,True
Within chronological cohort,Voc,V,B-site pattern,Other/unknown,Other/unknown - Pb (no Sn),RMSE,0.12384614070626802,0.04205504126783875,0.2072130543213001,True,25,1660,True
Within chronological cohort,Voc,V,B-site pattern,Other/unknown,Other/unknown - Pb (no Sn),R2,0.08572482544280724,-0.2046683365857254,0.3259905503931636,False,25,1660,True
Within chronological cohort,Voc,V,B-site pattern,Other/unknown,Other/unknown - Pb (no Sn),mean_feature_OOD_percentile,0.344221136778453,0.310883935899408,0.3734947792875929,True,25,1660,True
Within chronological cohort,Voc,V,B-site pattern,Other/unknown,Other/unknown - Pb (no Sn),high_feature_OOD_fraction,0.6383207819526558,0.47749671530962606,0.7914211771392694,True,25,1660,True
Within chronological cohort,Voc,V,B-site pattern,Other/unknown,Other/unknown - Pb (no Sn),coverage_90,0.00838984297625478,-0.0899047810021213,0.08456484817033792,False,25,1660,True
Within chronological cohort,Voc,V,B-site pattern,Other/unknown,Other/unknown - Pb (no Sn),interval_90_mean_width,0.33047746371490705,0.26007726768329187,0.40173269586749816,True,25,1660,True
Presence contrast within chronological cohort,Voc,V,FA presence,FA present,FA present - absent,MAE,-0.02533773381742506,-0.03142002408132882,-0.01897876207555663,True,685,1124,True
Presence contrast within chronological cohort,Voc,V,FA presence,FA present,FA present - absent,bias,0.013230216894254302,0.004753284854348539,0.02199065869194822,True,685,1124,True
Presence contrast within chronological cohort,Voc,V,FA presence,FA present,FA present - absent,RMSE,-0.03292301475004514,-0.04332847560394289,-0.02251775823673139,True,685,1124,True
Presence contrast within chronological cohort,Voc,V,FA presence,FA present,FA present - absent,R2,0.18735642559333276,0.08067485475691301,0.28859463450662287,True,685,1124,True
Presence contrast within chronological cohort,Voc,V,FA presence,FA present,FA present - absent,mean_feature_OOD_percentile,0.028275314901073267,0.002680946008250196,0.054610366595073095,True,685,1124,True
Presence contrast within chronological cohort,Voc,V,FA presence,FA present,FA present - absent,high_feature_OOD_fraction,-0.0289514852288065,-0.056306012746461985,0.0016826321473482563,False,685,1124,True
Presence contrast within chronological cohort,Voc,V,FA presence,FA present,FA present - absent,coverage_90,0.003368182155581323,-0.02038354499727362,0.026314581484068775,False,685,1124,True
Presence contrast within chronological cohort,Voc,V,FA presence,FA present,FA present - absent,interval_90_mean_width,-0.09071556118816432,-0.10396761600617752,-0.07626319154685242,True,685,1124,True
Presence contrast within chronological cohort,Voc,V,MA presence,MA present,MA present - absent,MAE,-0.052688444930083636,-0.06357321733714992,-0.04188449280129796,True,1460,320,True
Presence contrast within chronological cohort,Voc,V,MA presence,MA present,MA present - absent,bias,0.048660395012144364,0.033139554602934,0.06502143144289184,True,1460,320,True
Presence contrast within chronological cohort,Voc,V,MA presence,MA present,MA present - absent,RMSE,-0.0640326402679657,-0.08055092887404816,-0.04820607357243005,True,1460,320,True
Presence contrast within chronological cohort,Voc,V,MA presence,MA present,MA present - absent,R2,-0.2342946794121289,-0.3238167327627369,-0.13133104673339904,True,1460,320,True
Presence contrast within chronological cohort,Voc,V,MA presence,MA present,MA present - absent,mean_feature_OOD_percentile,-0.3053772187210563,-0.32578434061801376,-0.28470073570642035,True,1460,320,True
Presence contrast within chronological cohort,Voc,V,MA presence,MA present,MA present - absent,high_feature_OOD_fraction,-0.3403396830901964,-0.3908235874444633,-0.28946638076509407,True,1460,320,True
Presence contrast within chronological cohort,Voc,V,MA presence,MA present,MA present - absent,coverage_90,-0.017917001568287683,-0.04400365256235258,0.01067046916983868,False,1460,320,True
Presence contrast within chronological cohort,Voc,V,MA presence,MA present,MA present - absent,interval_90_mean_width,-0.19238803459162673,-0.21366343329186024,-0.17199926389592327,True,1460,320,True
Presence contrast within chronological cohort,Voc,V,Cs presence,Cs present,Cs present - absent,MAE,0.00901775635798889,0.0023115990094261718,0.016104087174796344,True,587,1211,True
Presence contrast within chronological cohort,Voc,V,Cs presence,Cs present,Cs present - absent,bias,-0.019500761128420103,-0.02985131534399208,-0.009415436323795661,True,587,1211,True
Presence contrast within chronological cohort,Voc,V,Cs presence,Cs present,Cs present - absent,RMSE,0.012967249438589262,0.0019409488582904629,0.023976871904840047,True,587,1211,True
Presence contrast within chronological cohort,Voc,V,Cs presence,Cs present,Cs present - absent,R2,-0.08156885053361085,-0.2076791415026301,0.03508234291603238,False,587,1211,True
Presence contrast within chronological cohort,Voc,V,Cs presence,Cs present,Cs present - absent,mean_feature_OOD_percentile,0.1041205014413511,0.07722148465179726,0.1317652386455422,True,587,1211,True
Presence contrast within chronological cohort,Voc,V,Cs presence,Cs present,Cs present - absent,high_feature_OOD_fraction,0.11257115413879126,0.07725567746573572,0.14893584454231648,True,587,1211,True
Presence contrast within chronological cohort,Voc,V,Cs presence,Cs present,Cs present - absent,coverage_90,0.003992048865165576,-0.018639239811075133,0.026741949360519587,False,587,1211,True
Presence contrast within chronological cohort,Voc,V,Cs presence,Cs present,Cs present - absent,interval_90_mean_width,0.026345852751029797,0.009461803270088106,0.044928334375435995,True,587,1211,True
Presence contrast within chronological cohort,Voc,V,Pb presence,Pb present,Pb present - absent,MAE,-0.062344116285130896,-0.09229306847652867,-0.03446212775178556,True,1680,55,True
Presence contrast within chronological cohort,Voc,V,Pb presence,Pb present,Pb present - absent,bias,0.017032164687875512,-0.025687369211752954,0.06386709414353099,False,1680,55,True
Presence contrast within chronological cohort,Voc,V,Pb presence,Pb present,Pb present - absent,RMSE,-0.08247674561880002,-0.13133982846841188,-0.03696323086597078,True,1680,55,True
Presence contrast within chronological cohort,Voc,V,Pb presence,Pb present,Pb present - absent,R2,-0.035039855086509974,-0.2441178239993748,0.27482254923420346,False,1680,55,True
Presence contrast within chronological cohort,Voc,V,Pb presence,Pb present,Pb present - absent,mean_feature_OOD_percentile,-0.3275300153850973,-0.3515045321334969,-0.3031136248508467,True,1680,55,True
Presence contrast within chronological cohort,Voc,V,Pb presence,Pb present,Pb present - absent,high_feature_OOD_fraction,-0.5502398773268912,-0.6694194994596127,-0.4334834043195454,True,1680,55,True
Presence contrast within chronological cohort,Voc,V,Pb presence,Pb present,Pb present - absent,coverage_90,2.0480922922505584e-05,-0.05384542859097043,0.06318783046297713,False,1680,55,True
Presence contrast within chronological cohort,Voc,V,Pb presence,Pb present,Pb present - absent,interval_90_mean_width,-0.205922750021854,-0.2535530949498866,-0.1579808474052985,True,1680,55,True
Presence contrast within chronological cohort,Voc,V,Sn presence,Sn present,Sn present - absent,MAE,0.0318327557922706,0.011576495793113796,0.05449027748885806,True,55,1685,True
Presence contrast within chronological cohort,Voc,V,Sn presence,Sn present,Sn present - absent,bias,0.0047530590773984735,-0.029032208935320818,0.038352155491948606,False,55,1685,True
Presence contrast within chronological cohort,Voc,V,Sn presence,Sn present,Sn present - absent,RMSE,0.03412203842177554,0.0060463718233508025,0.0576617719385,True,55,1685,True
Presence contrast within chronological cohort,Voc,V,Sn presence,Sn present,Sn present - absent,R2,0.07850064156071401,-0.2721292339964475,0.28948488965706415,False,55,1685,True
Presence contrast within chronological cohort,Voc,V,Sn presence,Sn present,Sn present - absent,mean_feature_OOD_percentile,0.2885808806752699,0.2630008447109568,0.3172019517144141,True,55,1685,True
Presence contrast within chronological cohort,Voc,V,Sn presence,Sn present,Sn present - absent,high_feature_OOD_fraction,0.3146444539089814,0.19588348227609778,0.448154296121228,True,55,1685,True
Presence contrast within chronological cohort,Voc,V,Sn presence,Sn present,Sn present - absent,coverage_90,0.019151498661769906,-0.03364768966957509,0.0692173684337445,False,55,1685,True
Presence contrast within chronological cohort,Voc,V,Sn presence,Sn present,Sn present - absent,interval_90_mean_width,0.14694893231976547,0.0997743645747428,0.20702518954088445,True,55,1685,True
Chronological minus DOI-grouped on identical future records,Jsc,mA cm^-2,A-site pattern,MA (no FA/Cs),chronological - DOI-grouped,MAE,0.184038047001863,0.12834977634456105,0.23604444072135797,True,928,928,True
Chronological minus DOI-grouped on identical future records,Jsc,mA cm^-2,A-site pattern,MA (no FA/Cs),chronological - DOI-grouped,bias,-0.27478808626021234,-0.33719352194606433,-0.21516941190300876,True,928,928,True
Chronological minus DOI-grouped on identical future records,Jsc,mA cm^-2,A-site pattern,MA (no FA/Cs),chronological - DOI-grouped,RMSE,0.14242215415287518,0.07320326233189137,0.2076729156750608,True,928,928,True
Chronological minus DOI-grouped on identical future records,Jsc,mA cm^-2,A-site pattern,MA (no FA/Cs),chronological - DOI-grouped,R2,-0.049916094848199255,-0.07354422048672514,-0.025912572684330584,True,928,928,True
Chronological minus DOI-grouped on identical future records,Jsc,mA cm^-2,A-site pattern,MA (no FA/Cs),chronological - DOI-grouped,mean_feature_OOD_percentile,0.01813329941064934,0.010907098017057013,0.025231028254709447,True,928,928,True
Chronological minus DOI-grouped on identical future records,Jsc,mA cm^-2,A-site pattern,MA (no FA/Cs),chronological - DOI-grouped,high_feature_OOD_fraction,0.03363830853054991,0.02168782136340278,0.04663314391797715,True,928,928,True
Chronological minus DOI-grouped on identical future records,Jsc,mA cm^-2,A-site pattern,MA (no FA/Cs),chronological - DOI-grouped,coverage_90,-0.001775906086250889,-0.012187187874507066,0.008618811058424075,False,928,928,True
Chronological minus DOI-grouped on identical future records,Jsc,mA cm^-2,A-site pattern,MA (no FA/Cs),chronological - DOI-grouped,interval_90_mean_width,0.1822515935032456,0.020255044956027524,0.3419829253322664,True,928,928,True
Chronological minus DOI-grouped on identical future records,Jsc,mA cm^-2,A-site pattern,FA (no MA/Cs),chronological - DOI-grouped,MAE,-0.026272874726281703,-0.3698560803809802,0.31507346076673864,False,62,62,True
Chronological minus DOI-grouped on identical future records,Jsc,mA cm^-2,A-site pattern,FA (no MA/Cs),chronological - DOI-grouped,bias,-0.9124678274472117,-1.179164751484161,-0.6504272050789408,True,62,62,True
Chronological minus DOI-grouped on identical future records,Jsc,mA cm^-2,A-site pattern,FA (no MA/Cs),chronological - DOI-grouped,RMSE,0.008058782837320422,-0.38515905328785327,0.39092314009854384,False,62,62,True
Chronological minus DOI-grouped on identical future records,Jsc,mA cm^-2,A-site pattern,FA (no MA/Cs),chronological - DOI-grouped,R2,-0.003222765284839113,-0.21364481013384007,0.13230546760114795,False,62,62,True
Chronological minus DOI-grouped on identical future records,Jsc,mA cm^-2,A-site pattern,FA (no MA/Cs),chronological - DOI-grouped,mean_feature_OOD_percentile,0.025548131172159816,0.001042197462254499,0.050773283838473064,True,62,62,True
Chronological minus DOI-grouped on identical future records,Jsc,mA cm^-2,A-site pattern,FA (no MA/Cs),chronological - DOI-grouped,high_feature_OOD_fraction,0.021505376344086002,-0.031463399656104174,0.07830988455988448,False,62,62,True
Chronological minus DOI-grouped on identical future records,Jsc,mA cm^-2,A-site pattern,FA (no MA/Cs),chronological - DOI-grouped,coverage_90,0.04330400782013677,0.005836577190279078,0.09410136215340309,True,62,62,True
Chronological minus DOI-grouped on identical future records,Jsc,mA cm^-2,A-site pattern,FA (no MA/Cs),chronological - DOI-grouped,interval_90_mean_width,1.6536009841936252,0.9101620864179693,2.4261068165095243,True,62,62,True
Chronological minus DOI-grouped on identical future records,Jsc,mA cm^-2,A-site pattern,Cs (no FA/MA),chronological - DOI-grouped,MAE,0.48974289838151086,0.35688623861010843,0.6399177185050383,True,174,174,True
Chronological minus DOI-grouped on identical future records,Jsc,mA cm^-2,A-site pattern,Cs (no FA/MA),chronological - DOI-grouped,bias,-0.7075277404904234,-0.8657046732465046,-0.5527418874473637,True,174,174,True
Chronological minus DOI-grouped on identical future records,Jsc,mA cm^-2,A-site pattern,Cs (no FA/MA),chronological - DOI-grouped,RMSE,0.45382886779488496,0.30506277949086325,0.6167364951530563,True,174,174,True
Chronological minus DOI-grouped on identical future records,Jsc,mA cm^-2,A-site pattern,Cs (no FA/MA),chronological - DOI-grouped,R2,-0.10178749493679273,-0.15010667591898455,-0.06536733152729647,True,174,174,True
Chronological minus DOI-grouped on identical future records,Jsc,mA cm^-2,A-site pattern,Cs (no FA/MA),chronological - DOI-grouped,mean_feature_OOD_percentile,0.04753136488900733,0.03608049201246659,0.059922335774836945,True,174,174,True
Chronological minus DOI-grouped on identical future records,Jsc,mA cm^-2,A-site pattern,Cs (no FA/MA),chronological - DOI-grouped,high_feature_OOD_fraction,0.20240113529225623,0.14938365557351344,0.2624523413938603,True,174,174,True
Chronological minus DOI-grouped on identical future records,Jsc,mA cm^-2,A-site pattern,Cs (no FA/MA),chronological - DOI-grouped,coverage_90,0.028467593934125346,0.011667555911253433,0.049344130579060855,True,174,174,True
Chronological minus DOI-grouped on identical future records,Jsc,mA cm^-2,A-site pattern,Cs (no FA/MA),chronological - DOI-grouped,interval_90_mean_width,2.8828830077823397,2.4284594471039926,3.3282782454651656,True,174,174,True
Chronological minus DOI-grouped on identical future records,Jsc,mA cm^-2,A-site pattern,FA+MA,chronological - DOI-grouped,MAE,0.28975718106866744,0.18681089686964245,0.3933023986800184,True,255,255,True
Chronological minus DOI-grouped on identical future records,Jsc,mA cm^-2,A-site pattern,FA+MA,chronological - DOI-grouped,bias,-0.4716727784003647,-0.5877797124933427,-0.34895355806866735,True,255,255,True
Chronological minus DOI-grouped on identical future records,Jsc,mA cm^-2,A-site pattern,FA+MA,chronological - DOI-grouped,RMSE,0.2851204999153034,0.15095603611043912,0.425906993860591,True,255,255,True
Chronological minus DOI-grouped on identical future records,Jsc,mA cm^-2,A-site pattern,FA+MA,chronological - DOI-grouped,R2,-0.1555729191689339,-0.2567063787330673,-0.0774152836891499,True,255,255,True
Chronological minus DOI-grouped on identical future records,Jsc,mA cm^-2,A-site pattern,FA+MA,chronological - DOI-grouped,mean_feature_OOD_percentile,0.059284149563402444,0.04294137547944132,0.07411198727906766,True,255,255,True
Chronological minus DOI-grouped on identical future records,Jsc,mA cm^-2,A-site pattern,FA+MA,chronological - DOI-grouped,high_feature_OOD_fraction,0.036888492770845716,0.015750030620720275,0.059155783874365035,True,255,255,True
Chronological minus DOI-grouped on identical future records,Jsc,mA cm^-2,A-site pattern,FA+MA,chronological - DOI-grouped,coverage_90,0.0012935104111576612,-0.01823172385461492,0.02266728969024866,False,255,255,True
Chronological minus DOI-grouped on identical future records,Jsc,mA cm^-2,A-site pattern,FA+MA,chronological - DOI-grouped,interval_90_mean_width,0.6301679396580351,0.2731141475404338,0.9558465640959187,True,255,255,True
Chronological minus DOI-grouped on identical future records,Jsc,mA cm^-2,A-site pattern,FA+Cs,chronological - DOI-grouped,MAE,0.2577375892857394,0.010112486932550136,0.4863422709417799,True,72,72,True
Chronological minus DOI-grouped on identical future records,Jsc,mA cm^-2,A-site pattern,FA+Cs,chronological - DOI-grouped,bias,-0.8163258628242623,-1.0758775149984028,-0.5891331402675819,True,72,72,True
Chronological minus DOI-grouped on identical future records,Jsc,mA cm^-2,A-site pattern,FA+Cs,chronological - DOI-grouped,RMSE,0.2641446787409283,-0.0411926618087738,0.5643653526006075,False,72,72,True
Chronological minus DOI-grouped on identical future records,Jsc,mA cm^-2,A-site pattern,FA+Cs,chronological - DOI-grouped,R2,-0.09158881276563813,-0.2809892927673764,0.013600675026197747,False,72,72,True
Chronological minus DOI-grouped on identical future records,Jsc,mA cm^-2,A-site pattern,FA+Cs,chronological - DOI-grouped,mean_feature_OOD_percentile,0.06122274590344401,0.03884252905968661,0.0833647485439586,True,72,72,True
Chronological minus DOI-grouped on identical future records,Jsc,mA cm^-2,A-site pattern,FA+Cs,chronological - DOI-grouped,high_feature_OOD_fraction,0.07407407407407404,0.02487310071265295,0.13336538461538458,True,72,72,True
Chronological minus DOI-grouped on identical future records,Jsc,mA cm^-2,A-site pattern,FA+Cs,chronological - DOI-grouped,coverage_90,-0.0009943181818180546,-0.03889747474747472,0.0445571355678453,False,72,72,True
Chronological minus DOI-grouped on identical future records,Jsc,mA cm^-2,A-site pattern,FA+Cs,chronological - DOI-grouped,interval_90_mean_width,1.2104650516451905,0.513616816482226,1.882160833488482,True,72,72,True
Chronological minus DOI-grouped on identical future records,Jsc,mA cm^-2,A-site pattern,MA+Cs,chronological - DOI-grouped,MAE,0.1886932388715321,-0.5052207099362119,0.9753221446559904,False,15,15,False
Chronological minus DOI-grouped on identical future records,Jsc,mA cm^-2,A-site pattern,MA+Cs,chronological - DOI-grouped,bias,-0.0578975123228882,-0.9103028475820135,0.7955942628054001,False,15,15,False
Chronological minus DOI-grouped on identical future records,Jsc,mA cm^-2,A-site pattern,MA+Cs,chronological - DOI-grouped,RMSE,0.33077248197727904,-0.3531219201161136,1.2355252214360604,False,15,15,False
Chronological minus DOI-grouped on identical future records,Jsc,mA cm^-2,A-site pattern,MA+Cs,chronological - DOI-grouped,R2,-0.22159096716873172,-1.2212814424765264,0.325571782878025,False,15,15,False
Chronological minus DOI-grouped on identical future records,Jsc,mA cm^-2,A-site pattern,MA+Cs,chronological - DOI-grouped,mean_feature_OOD_percentile,0.06808611892701888,0.03836121129011563,0.1013365684410013,True,15,15,False
Chronological minus DOI-grouped on identical future records,Jsc,mA cm^-2,A-site pattern,MA+Cs,chronological - DOI-grouped,high_feature_OOD_fraction,0.0,-0.2,0.2,False,15,15,False
Chronological minus DOI-grouped on identical future records,Jsc,mA cm^-2,A-site pattern,MA+Cs,chronological - DOI-grouped,coverage_90,-1.1102230246251565e-16,0.0,0.0,False,15,15,False
Chronological minus DOI-grouped on identical future records,Jsc,mA cm^-2,A-site pattern,MA+Cs,chronological - DOI-grouped,interval_90_mean_width,0.6323270084928776,-1.0536050831964983,2.334822461599553,False,15,15,False
Chronological minus DOI-grouped on identical future records,Jsc,mA cm^-2,A-site pattern,FA+MA+Cs,chronological - DOI-grouped,MAE,0.056172720589108494,-0.02958819606141543,0.14455671713292903,False,342,342,True
Chronological minus DOI-grouped on identical future records,Jsc,mA cm^-2,A-site pattern,FA+MA+Cs,chronological - DOI-grouped,bias,-0.18408638035832373,-0.28252783226124606,-0.09088280730116821,True,342,342,True
Chronological minus DOI-grouped on identical future records,Jsc,mA cm^-2,A-site pattern,FA+MA+Cs,chronological - DOI-grouped,RMSE,-0.05241600082407105,-0.1775096539051797,0.07278852198108922,False,342,342,True
Chronological minus DOI-grouped on identical future records,Jsc,mA cm^-2,A-site pattern,FA+MA+Cs,chronological - DOI-grouped,R2,0.030816344795738915,-0.04400424398848243,0.10523409462638082,False,342,342,True
Chronological minus DOI-grouped on identical future records,Jsc,mA cm^-2,A-site pattern,FA+MA+Cs,chronological - DOI-grouped,mean_feature_OOD_percentile,0.08690099758603759,0.07351169433258956,0.10159152341718898,True,342,342,True
Chronological minus DOI-grouped on identical future records,Jsc,mA cm^-2,A-site pattern,FA+MA+Cs,chronological - DOI-grouped,high_feature_OOD_fraction,0.05917018854325355,0.0353406950448773,0.0844048198943035,True,342,342,True
Chronological minus DOI-grouped on identical future records,Jsc,mA cm^-2,A-site pattern,FA+MA+Cs,chronological - DOI-grouped,coverage_90,-0.005364311614311612,-0.02288502971607522,0.012701280944246164,False,342,342,True
Chronological minus DOI-grouped on identical future records,Jsc,mA cm^-2,A-site pattern,FA+MA+Cs,chronological - DOI-grouped,interval_90_mean_width,0.16075471648776585,-0.10567551661026324,0.43079067775334456,False,342,342,True
Chronological minus DOI-grouped on identical future records,Jsc,mA cm^-2,A-site pattern,Other/unknown,chronological - DOI-grouped,MAE,0.5012524768490927,-0.06321381182560822,1.1289463781351088,False,25,25,True
Chronological minus DOI-grouped on identical future records,Jsc,mA cm^-2,A-site pattern,Other/unknown,chronological - DOI-grouped,bias,0.6106434416003117,-0.016135381480088657,1.2916940249581226,False,25,25,True
Chronological minus DOI-grouped on identical future records,Jsc,mA cm^-2,A-site pattern,Other/unknown,chronological - DOI-grouped,RMSE,0.6216620485104611,-0.023626464178750507,1.312216067670078,False,25,25,True
Chronological minus DOI-grouped on identical future records,Jsc,mA cm^-2,A-site pattern,Other/unknown,chronological - DOI-grouped,R2,-0.13612792367840298,-0.6610380787079035,0.005323660468338747,False,25,25,True
Chronological minus DOI-grouped on identical future records,Jsc,mA cm^-2,A-site pattern,Other/unknown,chronological - DOI-grouped,mean_feature_OOD_percentile,0.01711543368520596,-0.016109926205388383,0.054069751482533096,False,25,25,True
Chronological minus DOI-grouped on identical future records,Jsc,mA cm^-2,A-site pattern,Other/unknown,chronological - DOI-grouped,high_feature_OOD_fraction,0.053333333333333344,-0.08342391304347829,0.2020421607378131,False,25,25,True
Chronological minus DOI-grouped on identical future records,Jsc,mA cm^-2,A-site pattern,Other/unknown,chronological - DOI-grouped,coverage_90,-0.04833333333333334,-0.1395768633540372,0.011363636363636354,False,25,25,True
Chronological minus DOI-grouped on identical future records,Jsc,mA cm^-2,A-site pattern,Other/unknown,chronological - DOI-grouped,interval_90_mean_width,0.4985595676693535,-0.5321785602658948,1.5601080491660315,False,25,25,True
Chronological minus DOI-grouped on identical future records,Jsc,mA cm^-2,B-site pattern,Pb (no Sn),chronological - DOI-grouped,MAE,0.19730500870447942,0.15615998446345172,0.23493420213139815,True,1660,1660,True
Chronological minus DOI-grouped on identical future records,Jsc,mA cm^-2,B-site pattern,Pb (no Sn),chronological - DOI-grouped,bias,-0.3420224882761797,-0.3885440974716042,-0.29765221342218995,True,1660,1660,True
Chronological minus DOI-grouped on identical future records,Jsc,mA cm^-2,B-site pattern,Pb (no Sn),chronological - DOI-grouped,RMSE,0.14074408483226675,0.08746207545993707,0.1896966861689267,True,1660,1660,True
Chronological minus DOI-grouped on identical future records,Jsc,mA cm^-2,B-site pattern,Pb (no Sn),chronological - DOI-grouped,R2,-0.04474272794857859,-0.06131930083372577,-0.027397059896274112,True,1660,1660,True
Chronological minus DOI-grouped on identical future records,Jsc,mA cm^-2,B-site pattern,Pb (no Sn),chronological - DOI-grouped,mean_feature_OOD_percentile,0.041338449034659996,0.036234377231108596,0.04683008274183731,True,1660,1660,True
Chronological minus DOI-grouped on identical future records,Jsc,mA cm^-2,B-site pattern,Pb (no Sn),chronological - DOI-grouped,high_feature_OOD_fraction,0.053675970068337284,0.043215464575992374,0.0647208508900687,True,1660,1660,True
Chronological minus DOI-grouped on identical future records,Jsc,mA cm^-2,B-site pattern,Pb (no Sn),chronological - DOI-grouped,coverage_90,0.0017620521895973518,-0.005437604964945178,0.009468167524376328,False,1660,1660,True
Chronological minus DOI-grouped on identical future records,Jsc,mA cm^-2,B-site pattern,Pb (no Sn),chronological - DOI-grouped,interval_90_mean_width,0.6065136899484234,0.4777317299854129,0.745595822808322,True,1660,1660,True
Chronological minus DOI-grouped on identical future records,Jsc,mA cm^-2,B-site pattern,Sn (no Pb),chronological - DOI-grouped,MAE,0.47445716909917834,0.0886743559904422,0.8437044719203001,True,30,30,True
Chronological minus DOI-grouped on identical future records,Jsc,mA cm^-2,B-site pattern,Sn (no Pb),chronological - DOI-grouped,bias,-0.41600048836226444,-0.849642720149532,0.055181120694593945,False,30,30,True
Chronological minus DOI-grouped on identical future records,Jsc,mA cm^-2,B-site pattern,Sn (no Pb),chronological - DOI-grouped,RMSE,0.530426104682137,0.18542520925174666,0.8427780134091072,True,30,30,True
Chronological minus DOI-grouped on identical future records,Jsc,mA cm^-2,B-site pattern,Sn (no Pb),chronological - DOI-grouped,R2,-0.14124329345528708,-0.23762518896200893,-0.052652765749134474,True,30,30,True
Chronological minus DOI-grouped on identical future records,Jsc,mA cm^-2,B-site pattern,Sn (no Pb),chronological - DOI-grouped,mean_feature_OOD_percentile,0.007641198511704084,-0.002807832899946344,0.01977809672368737,False,30,30,True
Chronological minus DOI-grouped on identical future records,Jsc,mA cm^-2,B-site pattern,Sn (no Pb),chronological - DOI-grouped,high_feature_OOD_fraction,0.09111111111111103,-0.016064814814814816,0.2083522727272727,False,30,30,True
Chronological minus DOI-grouped on identical future records,Jsc,mA cm^-2,B-site pattern,Sn (no Pb),chronological - DOI-grouped,coverage_90,-0.02835858585858586,-0.1068492213804712,0.013932485525227556,False,30,30,True
Chronological minus DOI-grouped on identical future records,Jsc,mA cm^-2,B-site pattern,Sn (no Pb),chronological - DOI-grouped,interval_90_mean_width,0.6998202018202129,-0.18663004627078789,1.6483865793182086,False,30,30,True
Chronological minus DOI-grouped on identical future records,Jsc,mA cm^-2,B-site pattern,Pb+Sn,chronological - DOI-grouped,MAE,0.8574259107315294,-0.020012622616958752,1.4964231196292819,False,25,25,True
Chronological minus DOI-grouped on identical future records,Jsc,mA cm^-2,B-site pattern,Pb+Sn,chronological - DOI-grouped,bias,-1.233904088473031,-1.8351092150638562,-0.34149600567926297,True,25,25,True
Chronological minus DOI-grouped on identical future records,Jsc,mA cm^-2,B-site pattern,Pb+Sn,chronological - DOI-grouped,RMSE,0.5778437659958771,-0.2516669928555781,1.4232272774456223,False,25,25,True
Chronological minus DOI-grouped on identical future records,Jsc,mA cm^-2,B-site pattern,Pb+Sn,chronological - DOI-grouped,R2,-0.26632092471130564,-1.6190172524584363,0.10559432985564245,False,25,25,True
Chronological minus DOI-grouped on identical future records,Jsc,mA cm^-2,B-site pattern,Pb+Sn,chronological - DOI-grouped,mean_feature_OOD_percentile,0.07469995750602021,0.041935878035980374,0.11187896824296993,True,25,25,True
Chronological minus DOI-grouped on identical future records,Jsc,mA cm^-2,B-site pattern,Pb+Sn,chronological - DOI-grouped,high_feature_OOD_fraction,0.12444444444444444,0.005840643274853802,0.2778333333333333,True,25,25,True
Chronological minus DOI-grouped on identical future records,Jsc,mA cm^-2,B-site pattern,Pb+Sn,chronological - DOI-grouped,coverage_90,-0.06419047619047624,-0.1890775754746344,0.06383465608465612,False,25,25,True
Chronological minus DOI-grouped on identical future records,Jsc,mA cm^-2,B-site pattern,Pb+Sn,chronological - DOI-grouped,interval_90_mean_width,-0.6165036194115281,-2.4843826286068915,0.8743209478600126,False,25,25,True
Chronological minus DOI-grouped on identical future records,Jsc,mA cm^-2,B-site pattern,Other/unknown,chronological - DOI-grouped,MAE,-0.08597870115547668,-0.27344156349319076,0.1058569988646692,False,25,25,True
Chronological minus DOI-grouped on identical future records,Jsc,mA cm^-2,B-site pattern,Other/unknown,chronological - DOI-grouped,bias,-0.1121103780247541,-0.31899408208090657,0.10713631164636817,False,25,25,True
Chronological minus DOI-grouped on identical future records,Jsc,mA cm^-2,B-site pattern,Other/unknown,chronological - DOI-grouped,RMSE,-0.10942994900632685,-0.33352237199171914,0.060559795011853906,False,25,25,True
Chronological minus DOI-grouped on identical future records,Jsc,mA cm^-2,B-site pattern,Other/unknown,chronological - DOI-grouped,R2,0.02605538766957982,-0.05017566947715852,0.5685480679644996,False,25,25,True
Chronological minus DOI-grouped on identical future records,Jsc,mA cm^-2,B-site pattern,Other/unknown,chronological - DOI-grouped,mean_feature_OOD_percentile,0.03559144604621145,-0.006607192074769991,0.09215760784950086,False,25,25,True
Chronological minus DOI-grouped on identical future records,Jsc,mA cm^-2,B-site pattern,Other/unknown,chronological - DOI-grouped,high_feature_OOD_fraction,0.13333333333333341,-0.029509803921568628,0.3148467432950191,False,25,25,True
Chronological minus DOI-grouped on identical future records,Jsc,mA cm^-2,B-site pattern,Other/unknown,chronological - DOI-grouped,coverage_90,0.0,0.0,0.0,False,25,25,True
Chronological minus DOI-grouped on identical future records,Jsc,mA cm^-2,B-site pattern,Other/unknown,chronological - DOI-grouped,interval_90_mean_width,-0.529177317804665,-1.608491646623713,0.6669114758944272,False,25,25,True
Chronological minus DOI-grouped on identical future records,Jsc,mA cm^-2,A x B domain,Cs (no FA/MA) / Other/unknown,chronological - DOI-grouped,MAE,0.02051984819334307,-0.13617090291940914,0.19477446772460305,False,12,12,False
Chronological minus DOI-grouped on identical future records,Jsc,mA cm^-2,A x B domain,Cs (no FA/MA) / Other/unknown,chronological - DOI-grouped,bias,0.1109510498582959,-0.11992601798756056,0.37002813443493865,False,12,12,False
Chronological minus DOI-grouped on identical future records,Jsc,mA cm^-2,A x B domain,Cs (no FA/MA) / Other/unknown,chronological - DOI-grouped,RMSE,-0.04357159537040678,-0.1715827768252445,0.14799515024582371,False,12,12,False
Chronological minus DOI-grouped on identical future records,Jsc,mA cm^-2,A x B domain,Cs (no FA/MA) / Other/unknown,chronological - DOI-grouped,R2,0.049261019650784554,-0.43868553934976107,0.441571386283108,False,12,12,False
Chronological minus DOI-grouped on identical future records,Jsc,mA cm^-2,A x B domain,Cs (no FA/MA) / Other/unknown,chronological - DOI-grouped,mean_feature_OOD_percentile,0.09693207105442425,0.016639677649072218,0.2019284018573247,True,12,12,False
Chronological minus DOI-grouped on identical future records,Jsc,mA cm^-2,A x B domain,Cs (no FA/MA) / Other/unknown,chronological - DOI-grouped,high_feature_OOD_fraction,0.375,0.128125,0.6875,True,12,12,False
Chronological minus DOI-grouped on identical future records,Jsc,mA cm^-2,A x B domain,Cs (no FA/MA) / Other/unknown,chronological - DOI-grouped,coverage_90,0.0,0.0,0.0,False,12,12,False
Chronological minus DOI-grouped on identical future records,Jsc,mA cm^-2,A x B domain,Cs (no FA/MA) / Other/unknown,chronological - DOI-grouped,interval_90_mean_width,0.6241048437165562,-1.2317641923737368,2.6781923223455957,False,12,12,False
Chronological minus DOI-grouped on identical future records,Jsc,mA cm^-2,A x B domain,Cs (no FA/MA) / Pb (no Sn),chronological - DOI-grouped,MAE,0.5247375917492461,0.38018222899411,0.6850138550519553,True,159,159,True
Chronological minus DOI-grouped on identical future records,Jsc,mA cm^-2,A x B domain,Cs (no FA/MA) / Pb (no Sn),chronological - DOI-grouped,bias,-0.7539727776043792,-0.9227493143526337,-0.5935895398665211,True,159,159,True
Chronological minus DOI-grouped on identical future records,Jsc,mA cm^-2,A x B domain,Cs (no FA/MA) / Pb (no Sn),chronological - DOI-grouped,RMSE,0.48534987571467525,0.3169847920425456,0.6587753132193448,True,159,159,True
Chronological minus DOI-grouped on identical future records,Jsc,mA cm^-2,A x B domain,Cs (no FA/MA) / Pb (no Sn),chronological - DOI-grouped,R2,-0.1414432467775869,-0.20734809732911888,-0.0919240609063854,True,159,159,True
Chronological minus DOI-grouped on identical future records,Jsc,mA cm^-2,A x B domain,Cs (no FA/MA) / Pb (no Sn),chronological - DOI-grouped,mean_feature_OOD_percentile,0.04452113340939168,0.032464737484485945,0.05673232629161674,True,159,159,True
Chronological minus DOI-grouped on identical future records,Jsc,mA cm^-2,A x B domain,Cs (no FA/MA) / Pb (no Sn),chronological - DOI-grouped,high_feature_OOD_fraction,0.19319369522548796,0.13546451830287215,0.2558854215702063,True,159,159,True
Chronological minus DOI-grouped on identical future records,Jsc,mA cm^-2,A x B domain,Cs (no FA/MA) / Pb (no Sn),chronological - DOI-grouped,coverage_90,0.031153216003382278,0.012754455837835769,0.05368949772819499,True,159,159,True
Chronological minus DOI-grouped on identical future records,Jsc,mA cm^-2,A x B domain,Cs (no FA/MA) / Pb (no Sn),chronological - DOI-grouped,interval_90_mean_width,3.0598220527395217,2.6118895067084122,3.4962349966024178,True,159,159,True
Chronological minus DOI-grouped on identical future records,Jsc,mA cm^-2,A x B domain,Cs (no FA/MA) / Pb+Sn,chronological - DOI-grouped,MAE,0.8667663937995913,0.8667663937995913,0.8667663937995913,True,1,1,False
Chronological minus DOI-grouped on identical future records,Jsc,mA cm^-2,A x B domain,Cs (no FA/MA) / Pb+Sn,chronological - DOI-grouped,bias,-0.8667663937995913,-0.8667663937995913,-0.8667663937995913,True,1,1,False
Chronological minus DOI-grouped on identical future records,Jsc,mA cm^-2,A x B domain,Cs (no FA/MA) / Pb+Sn,chronological - DOI-grouped,RMSE,0.8281597603457707,0.8281597603457707,0.8281597603457707,True,1,1,False
Chronological minus DOI-grouped on identical future records,Jsc,mA cm^-2,A x B domain,Cs (no FA/MA) / Pb+Sn,chronological - DOI-grouped,R2,-8.240479052886059,-8.240479052886059,-8.240479052886059,True,1,1,False
Chronological minus DOI-grouped on identical future records,Jsc,mA cm^-2,A x B domain,Cs (no FA/MA) / Pb+Sn,chronological - DOI-grouped,mean_feature_OOD_percentile,0.011549503434041264,0.011549503434041264,0.011549503434041375,True,1,1,False
Chronological minus DOI-grouped on identical future records,Jsc,mA cm^-2,A x B domain,Cs (no FA/MA) / Pb+Sn,chronological - DOI-grouped,high_feature_OOD_fraction,0.0,0.0,0.0,False,1,1,False
Chronological minus DOI-grouped on identical future records,Jsc,mA cm^-2,A x B domain,Cs (no FA/MA) / Pb+Sn,chronological - DOI-grouped,coverage_90,0.0,0.0,0.0,False,1,1,False
Chronological minus DOI-grouped on identical future records,Jsc,mA cm^-2,A x B domain,Cs (no FA/MA) / Pb+Sn,chronological - DOI-grouped,interval_90_mean_width,5.724251106667197,5.724251106667197,5.724251106667197,True,1,1,False
Chronological minus DOI-grouped on identical future records,Jsc,mA cm^-2,A x B domain,Cs (no FA/MA) / Sn (no Pb),chronological - DOI-grouped,MAE,0.3344913290664948,-0.3855198730092253,1.054502531142215,False,2,2,False
Chronological minus DOI-grouped on identical future records,Jsc,mA cm^-2,A x B domain,Cs (no FA/MA) / Sn (no Pb),chronological - DOI-grouped,bias,-1.8464007053686708,-2.0931371733101565,-1.5996642374271852,True,2,2,False
Chronological minus DOI-grouped on identical future records,Jsc,mA cm^-2,A x B domain,Cs (no FA/MA) / Sn (no Pb),chronological - DOI-grouped,RMSE,0.5319237300913491,-0.7820186368345419,0.9904442347076277,False,2,2,False
Chronological minus DOI-grouped on identical future records,Jsc,mA cm^-2,A x B domain,Cs (no FA/MA) / Sn (no Pb),chronological - DOI-grouped,R2,-0.15072269838238472,-0.21101577337440447,0.6250123797515514,False,2,2,False
Chronological minus DOI-grouped on identical future records,Jsc,mA cm^-2,A x B domain,Cs (no FA/MA) / Sn (no Pb),chronological - DOI-grouped,mean_feature_OOD_percentile,0.008431461253454398,-0.0018518011506378773,0.018714723657546894,False,2,2,False
Chronological minus DOI-grouped on identical future records,Jsc,mA cm^-2,A x B domain,Cs (no FA/MA) / Sn (no Pb),chronological - DOI-grouped,high_feature_OOD_fraction,0.0,0.0,0.0,False,2,2,False
Chronological minus DOI-grouped on identical future records,Jsc,mA cm^-2,A x B domain,Cs (no FA/MA) / Sn (no Pb),chronological - DOI-grouped,coverage_90,0.0,0.0,0.0,False,2,2,False
Chronological minus DOI-grouped on identical future records,Jsc,mA cm^-2,A x B domain,Cs (no FA/MA) / Sn (no Pb),chronological - DOI-grouped,interval_90_mean_width,0.9482138686387103,0.40155909435698334,1.4948686429204372,True,2,2,False
Chronological minus DOI-grouped on identical future records,Jsc,mA cm^-2,A x B domain,FA (no MA/Cs) / Pb (no Sn),chronological - DOI-grouped,MAE,-0.3171235911562831,-0.7463900099055805,0.12003713661248248,False,41,41,True
Chronological minus DOI-grouped on identical future records,Jsc,mA cm^-2,A x B domain,FA (no MA/Cs) / Pb (no Sn),chronological - DOI-grouped,bias,-0.9323059870533523,-1.2824105610130383,-0.5692439667390425,True,41,41,True
Chronological minus DOI-grouped on identical future records,Jsc,mA cm^-2,A x B domain,FA (no MA/Cs) / Pb (no Sn),chronological - DOI-grouped,RMSE,-0.28898160624261493,-0.8138671488654247,0.22646474373217362,False,41,41,True
Chronological minus DOI-grouped on identical future records,Jsc,mA cm^-2,A x B domain,FA (no MA/Cs) / Pb (no Sn),chronological - DOI-grouped,R2,0.09263395344820335,-0.0937135235493297,0.24297976149081532,False,41,41,True
Chronological minus DOI-grouped on identical future records,Jsc,mA cm^-2,A x B domain,FA (no MA/Cs) / Pb (no Sn),chronological - DOI-grouped,mean_feature_OOD_percentile,0.033359832734851214,-0.0031299578173721557,0.06980706107762058,False,41,41,True
Chronological minus DOI-grouped on identical future records,Jsc,mA cm^-2,A x B domain,FA (no MA/Cs) / Pb (no Sn),chronological - DOI-grouped,high_feature_OOD_fraction,-0.008130081300812997,-0.06099107458465889,0.033333333333333326,False,41,41,True
Chronological minus DOI-grouped on identical future records,Jsc,mA cm^-2,A x B domain,FA (no MA/Cs) / Pb (no Sn),chronological - DOI-grouped,coverage_90,0.05328898743532873,0.0,0.12416621911922679,False,41,41,True
Chronological minus DOI-grouped on identical future records,Jsc,mA cm^-2,A x B domain,FA (no MA/Cs) / Pb (no Sn),chronological - DOI-grouped,interval_90_mean_width,2.1069117438105316,1.1884034926871168,3.0662610115596225,True,41,41,True
Chronological minus DOI-grouped on identical future records,Jsc,mA cm^-2,A x B domain,FA (no MA/Cs) / Pb+Sn,chronological - DOI-grouped,MAE,0.19414287486346993,0.19414287486346993,0.19414287486346993,True,1,1,False
Chronological minus DOI-grouped on identical future records,Jsc,mA cm^-2,A x B domain,FA (no MA/Cs) / Pb+Sn,chronological - DOI-grouped,bias,-0.19414287486346993,-0.19414287486346993,-0.19414287486346993,True,1,1,False
Chronological minus DOI-grouped on identical future records,Jsc,mA cm^-2,A x B domain,FA (no MA/Cs) / Pb+Sn,chronological - DOI-grouped,RMSE,0.19414287486346993,0.19414287486346993,0.19414287486346993,True,1,1,False
Chronological minus DOI-grouped on identical future records,Jsc,mA cm^-2,A x B domain,FA (no MA/Cs) / Pb+Sn,chronological - DOI-grouped,R2,,,,False,1,1,False
Chronological minus DOI-grouped on identical future records,Jsc,mA cm^-2,A x B domain,FA (no MA/Cs) / Pb+Sn,chronological - DOI-grouped,mean_feature_OOD_percentile,-0.0015507743643952132,-0.0015507743643952132,-0.0015507743643952132,True,1,1,False
Chronological minus DOI-grouped on identical future records,Jsc,mA cm^-2,A x B domain,FA (no MA/Cs) / Pb+Sn,chronological - DOI-grouped,high_feature_OOD_fraction,0.0,0.0,0.0,False,1,1,False
Chronological minus DOI-grouped on identical future records,Jsc,mA cm^-2,A x B domain,FA (no MA/Cs) / Pb+Sn,chronological - DOI-grouped,coverage_90,0.0,0.0,0.0,False,1,1,False
Chronological minus DOI-grouped on identical future records,Jsc,mA cm^-2,A x B domain,FA (no MA/Cs) / Pb+Sn,chronological - DOI-grouped,interval_90_mean_width,-0.07372784233058738,-0.07372784233058738,-0.07372784233058738,True,1,1,False
Chronological minus DOI-grouped on identical future records,Jsc,mA cm^-2,A x B domain,FA (no MA/Cs) / Sn (no Pb),chronological - DOI-grouped,MAE,0.5589503064757353,0.17236358146205136,0.9952093179728032,True,20,20,True
Chronological minus DOI-grouped on identical future records,Jsc,mA cm^-2,A x B domain,FA (no MA/Cs) / Sn (no Pb),chronological - DOI-grouped,bias,-0.9077158478838103,-1.3121339691799243,-0.5231293076854368,True,20,20,True
Chronological minus DOI-grouped on identical future records,Jsc,mA cm^-2,A x B domain,FA (no MA/Cs) / Sn (no Pb),chronological - DOI-grouped,RMSE,0.5692855878444645,0.19004390304548657,0.9382256120708169,True,20,20,True
Chronological minus DOI-grouped on identical future records,Jsc,mA cm^-2,A x B domain,FA (no MA/Cs) / Sn (no Pb),chronological - DOI-grouped,R2,-0.44022833814305473,-1.3053832559385306,-0.10117442781286203,True,20,20,True
Chronological minus DOI-grouped on identical future records,Jsc,mA cm^-2,A x B domain,FA (no MA/Cs) / Sn (no Pb),chronological - DOI-grouped,mean_feature_OOD_percentile,0.010889088245470191,-0.0036399226609716783,0.02877081973857534,False,20,20,True
Chronological minus DOI-grouped on identical future records,Jsc,mA cm^-2,A x B domain,FA (no MA/Cs) / Sn (no Pb),chronological - DOI-grouped,high_feature_OOD_fraction,0.08333333333333337,-0.04909620098039225,0.2436111111111111,False,20,20,True
Chronological minus DOI-grouped on identical future records,Jsc,mA cm^-2,A x B domain,FA (no MA/Cs) / Sn (no Pb),chronological - DOI-grouped,coverage_90,0.02499999999999991,0.0,0.08333333333333337,False,20,20,True
Chronological minus DOI-grouped on identical future records,Jsc,mA cm^-2,A x B domain,FA (no MA/Cs) / Sn (no Pb),chronological - DOI-grouped,interval_90_mean_width,0.8106803683051744,-0.353478180449388,2.098104351359628,False,20,20,True
Chronological minus DOI-grouped on identical future records,Jsc,mA cm^-2,A x B domain,FA+Cs / Pb (no Sn),chronological - DOI-grouped,MAE,0.27760657159812396,0.028614010099469848,0.5074886818362259,True,71,71,True
Chronological minus DOI-grouped on identical future records,Jsc,mA cm^-2,A x B domain,FA+Cs / Pb (no Sn),chronological - DOI-grouped,bias,-0.8115845347669489,-1.0748615512309556,-0.5840229153269421,True,71,71,True
Chronological minus DOI-grouped on identical future records,Jsc,mA cm^-2,A x B domain,FA+Cs / Pb (no Sn),chronological - DOI-grouped,RMSE,0.27928430283561445,-0.03551403756924937,0.5945908362929306,False,71,71,True
Chronological minus DOI-grouped on identical future records,Jsc,mA cm^-2,A x B domain,FA+Cs / Pb (no Sn),chronological - DOI-grouped,R2,-0.09623903805111167,-0.29318818609623426,0.009377500181255494,False,71,71,True
Chronological minus DOI-grouped on identical future records,Jsc,mA cm^-2,A x B domain,FA+Cs / Pb (no Sn),chronological - DOI-grouped,mean_feature_OOD_percentile,0.06100248655725582,0.038591553930356265,0.08353327316730776,True,71,71,True
Chronological minus DOI-grouped on identical future records,Jsc,mA cm^-2,A x B domain,FA+Cs / Pb (no Sn),chronological - DOI-grouped,high_feature_OOD_fraction,0.07511737089201878,0.025114155251141575,0.13543037280701756,True,71,71,True
Chronological minus DOI-grouped on identical future records,Jsc,mA cm^-2,A x B domain,FA+Cs / Pb (no Sn),chronological - DOI-grouped,coverage_90,-0.0010083226632521258,-0.039236363636363576,0.045224592624356685,False,71,71,True
Chronological minus DOI-grouped on identical future records,Jsc,mA cm^-2,A x B domain,FA+Cs / Pb (no Sn),chronological - DOI-grouped,interval_90_mean_width,1.2096496972892545,0.5093829985769335,1.8824497662869843,True,71,71,True
Chronological minus DOI-grouped on identical future records,Jsc,mA cm^-2,A x B domain,FA+Cs / Pb+Sn,chronological - DOI-grouped,MAE,-1.1529601548935038,-1.1529601548935038,-1.1529601548935038,True,1,1,False
Chronological minus DOI-grouped on identical future records,Jsc,mA cm^-2,A x B domain,FA+Cs / Pb+Sn,chronological - DOI-grouped,bias,-1.1529601548935038,-1.1529601548935038,-1.1529601548935038,True,1,1,False
Chronological minus DOI-grouped on identical future records,Jsc,mA cm^-2,A x B domain,FA+Cs / Pb+Sn,chronological - DOI-grouped,RMSE,-1.1182986274263937,-1.1182986274263937,-1.1182986274263937,True,1,1,False
Chronological minus DOI-grouped on identical future records,Jsc,mA cm^-2,A x B domain,FA+Cs / Pb+Sn,chronological - DOI-grouped,R2,3.0873360394416114,3.0873360394416114,3.0873360394416114,True,1,1,False
Chronological minus DOI-grouped on identical future records,Jsc,mA cm^-2,A x B domain,FA+Cs / Pb+Sn,chronological - DOI-grouped,mean_feature_OOD_percentile,0.07686115948280858,0.07686115948280858,0.07686115948280858,True,1,1,False
Chronological minus DOI-grouped on identical future records,Jsc,mA cm^-2,A x B domain,FA+Cs / Pb+Sn,chronological - DOI-grouped,high_feature_OOD_fraction,0.0,0.0,0.0,False,1,1,False
Chronological minus DOI-grouped on identical future records,Jsc,mA cm^-2,A x B domain,FA+Cs / Pb+Sn,chronological - DOI-grouped,coverage_90,0.0,0.0,0.0,False,1,1,False
Chronological minus DOI-grouped on identical future records,Jsc,mA cm^-2,A x B domain,FA+Cs / Pb+Sn,chronological - DOI-grouped,interval_90_mean_width,1.2683552109166278,1.2683552109166278,1.2683552109166278,True,1,1,False
Chronological minus DOI-grouped on identical future records,Jsc,mA cm^-2,A x B domain,FA+MA / Pb (no Sn),chronological - DOI-grouped,MAE,0.24568595195349308,0.13961199403944766,0.3419575290349167,True,237,237,True
Chronological minus DOI-grouped on identical future records,Jsc,mA cm^-2,A x B domain,FA+MA / Pb (no Sn),chronological - DOI-grouped,bias,-0.4236085807581549,-0.5407969706226188,-0.29807610423276015,True,237,237,True
Chronological minus DOI-grouped on identical future records,Jsc,mA cm^-2,A x B domain,FA+MA / Pb (no Sn),chronological - DOI-grouped,RMSE,0.20685245764068272,0.07787376911169877,0.33447569131706734,True,237,237,True
Chronological minus DOI-grouped on identical future records,Jsc,mA cm^-2,A x B domain,FA+MA / Pb (no Sn),chronological - DOI-grouped,R2,-0.1490709155196075,-0.2758005991055734,-0.052544526935857754,True,237,237,True
Chronological minus DOI-grouped on identical future records,Jsc,mA cm^-2,A x B domain,FA+MA / Pb (no Sn),chronological - DOI-grouped,mean_feature_OOD_percentile,0.0601153748062111,0.04212691898422164,0.07599894904874352,True,237,237,True
Chronological minus DOI-grouped on identical future records,Jsc,mA cm^-2,A x B domain,FA+MA / Pb (no Sn),chronological - DOI-grouped,high_feature_OOD_fraction,0.030782508630609884,0.01221099719367397,0.050873055294483986,True,237,237,True
Chronological minus DOI-grouped on identical future records,Jsc,mA cm^-2,A x B domain,FA+MA / Pb (no Sn),chronological - DOI-grouped,coverage_90,0.0006885168277573905,-0.01858490348527623,0.021190882937458293,False,237,237,True
Chronological minus DOI-grouped on identical future records,Jsc,mA cm^-2,A x B domain,FA+MA / Pb (no Sn),chronological - DOI-grouped,interval_90_mean_width,0.6611686651050643,0.30395831065844847,1.0041781129914455,True,237,237,True
Chronological minus DOI-grouped on identical future records,Jsc,mA cm^-2,A x B domain,FA+MA / Pb+Sn,chronological - DOI-grouped,MAE,1.337249360449574,0.684274316798886,1.9354012984847297,True,14,14,False
Chronological minus DOI-grouped on identical future records,Jsc,mA cm^-2,A x B domain,FA+MA / Pb+Sn,chronological - DOI-grouped,bias,-1.5055206380942243,-1.9786158861805907,-0.9158609714599737,True,14,14,False
Chronological minus DOI-grouped on identical future records,Jsc,mA cm^-2,A x B domain,FA+MA / Pb+Sn,chronological - DOI-grouped,RMSE,1.3470295993513446,0.7287307965482408,1.799952083213958,True,14,14,False
Chronological minus DOI-grouped on identical future records,Jsc,mA cm^-2,A x B domain,FA+MA / Pb+Sn,chronological - DOI-grouped,R2,-2.2545563453269306,-7.1127016774422,-0.7646428962796142,True,14,14,False
Chronological minus DOI-grouped on identical future records,Jsc,mA cm^-2,A x B domain,FA+MA / Pb+Sn,chronological - DOI-grouped,mean_feature_OOD_percentile,0.09132928768152915,0.03979648523543123,0.14753476868114435,True,14,14,False
Chronological minus DOI-grouped on identical future records,Jsc,mA cm^-2,A x B domain,FA+MA / Pb+Sn,chronological - DOI-grouped,high_feature_OOD_fraction,0.07936507936507937,0.0,0.25013888888888874,False,14,14,False
Chronological minus DOI-grouped on identical future records,Jsc,mA cm^-2,A x B domain,FA+MA / Pb+Sn,chronological - DOI-grouped,coverage_90,0.011904761904761862,-0.14447916666666671,0.18181818181818188,False,14,14,False
Chronological minus DOI-grouped on identical future records,Jsc,mA cm^-2,A x B domain,FA+MA / Pb+Sn,chronological - DOI-grouped,interval_90_mean_width,-0.5231985831215269,-2.55675182027924,1.1764457369512642,False,14,14,False
Chronological minus DOI-grouped on identical future records,Jsc,mA cm^-2,A x B domain,FA+MA / Sn (no Pb),chronological - DOI-grouped,MAE,-0.331074074244591,-0.8620300197789645,0.1938460409061289,False,5,5,False
Chronological minus DOI-grouped on identical future records,Jsc,mA cm^-2,A x B domain,FA+MA / Sn (no Pb),chronological - DOI-grouped,bias,-0.041929206925973975,-0.73651664348629,0.9332268186576109,False,5,5,False
Chronological minus DOI-grouped on identical future records,Jsc,mA cm^-2,A x B domain,FA+MA / Sn (no Pb),chronological - DOI-grouped,RMSE,-0.08657233895694638,-0.8898306200744429,0.23951045926578907,False,5,5,False
Chronological minus DOI-grouped on identical future records,Jsc,mA cm^-2,A x B domain,FA+MA / Sn (no Pb),chronological - DOI-grouped,R2,0.031442586343251255,-0.07385578337959231,4.138500319459059,False,5,5,False
Chronological minus DOI-grouped on identical future records,Jsc,mA cm^-2,A x B domain,FA+MA / Sn (no Pb),chronological - DOI-grouped,mean_feature_OOD_percentile,-0.002347611496628099,-0.03361281509937992,0.026099512915311193,False,5,5,False
Chronological minus DOI-grouped on identical future records,Jsc,mA cm^-2,A x B domain,FA+MA / Sn (no Pb),chronological - DOI-grouped,high_feature_OOD_fraction,0.20000000000000007,0.0,0.6666666666666667,False,5,5,False
Chronological minus DOI-grouped on identical future records,Jsc,mA cm^-2,A x B domain,FA+MA / Sn (no Pb),chronological - DOI-grouped,coverage_90,0.0,0.0,0.0,False,5,5,False
Chronological minus DOI-grouped on identical future records,Jsc,mA cm^-2,A x B domain,FA+MA / Sn (no Pb),chronological - DOI-grouped,interval_90_mean_width,2.2687359285062776,-2.48990722790942,6.450625255727041,False,5,5,False
Chronological minus DOI-grouped on identical future records,Jsc,mA cm^-2,A x B domain,FA+MA+Cs / Pb (no Sn),chronological - DOI-grouped,MAE,0.04978655086735073,-0.02893462749817038,0.12791911469048578,False,334,334,True
Chronological minus DOI-grouped on identical future records,Jsc,mA cm^-2,A x B domain,FA+MA+Cs / Pb (no Sn),chronological - DOI-grouped,bias,-0.16654174665880667,-0.2551709689053045,-0.07984693059228318,True,334,334,True
Chronological minus DOI-grouped on identical future records,Jsc,mA cm^-2,A x B domain,FA+MA+Cs / Pb (no Sn),chronological - DOI-grouped,RMSE,-0.04343392144474345,-0.15277344881438493,0.05229708818331785,False,334,334,True
Chronological minus DOI-grouped on identical future records,Jsc,mA cm^-2,A x B domain,FA+MA+Cs / Pb (no Sn),chronological - DOI-grouped,R2,0.02782728726891226,-0.03602133449783648,0.0952042534215286,False,334,334,True
Chronological minus DOI-grouped on identical future records,Jsc,mA cm^-2,A x B domain,FA+MA+Cs / Pb (no Sn),chronological - DOI-grouped,mean_feature_OOD_percentile,0.08744353488198453,0.07366616085306718,0.10242522732895573,True,334,334,True
Chronological minus DOI-grouped on identical future records,Jsc,mA cm^-2,A x B domain,FA+MA+Cs / Pb (no Sn),chronological - DOI-grouped,high_feature_OOD_fraction,0.057593426592193755,0.03380351570057452,0.08171474832763567,True,334,334,True
Chronological minus DOI-grouped on identical future records,Jsc,mA cm^-2,A x B domain,FA+MA+Cs / Pb (no Sn),chronological - DOI-grouped,coverage_90,-0.003183131738520917,-0.018913431014112574,0.013758651578247643,False,334,334,True
Chronological minus DOI-grouped on identical future records,Jsc,mA cm^-2,A x B domain,FA+MA+Cs / Pb (no Sn),chronological - DOI-grouped,interval_90_mean_width,0.19932352462112402,-0.05646306097385604,0.45515470720558837,False,334,334,True
Chronological minus DOI-grouped on identical future records,Jsc,mA cm^-2,A x B domain,FA+MA+Cs / Pb+Sn,chronological - DOI-grouped,MAE,0.32279530647248844,-2.259278416190169,2.223079346140543,False,8,8,False
Chronological minus DOI-grouped on identical future records,Jsc,mA cm^-2,A x B domain,FA+MA+Cs / Pb+Sn,chronological - DOI-grouped,bias,-0.9165748373131617,-2.760212937932367,1.8322422827952898,False,8,8,False
Chronological minus DOI-grouped on identical future records,Jsc,mA cm^-2,A x B domain,FA+MA+Cs / Pb+Sn,chronological - DOI-grouped,RMSE,-0.2345526945535754,-2.184956377571572,2.2703576577953224,False,8,8,False
Chronological minus DOI-grouped on identical future records,Jsc,mA cm^-2,A x B domain,FA+MA+Cs / Pb+Sn,chronological - DOI-grouped,R2,0.06101760090150943,-2.32935977910674,1.339973829837596,False,8,8,False
Chronological minus DOI-grouped on identical future records,Jsc,mA cm^-2,A x B domain,FA+MA+Cs / Pb+Sn,chronological - DOI-grouped,mean_feature_OOD_percentile,0.0642500654802467,0.022159429439175482,0.1436286956681115,True,8,8,False
Chronological minus DOI-grouped on identical future records,Jsc,mA cm^-2,A x B domain,FA+MA+Cs / Pb+Sn,chronological - DOI-grouped,high_feature_OOD_fraction,0.125,0.0,0.4285714285714286,False,8,8,False
Chronological minus DOI-grouped on identical future records,Jsc,mA cm^-2,A x B domain,FA+MA+Cs / Pb+Sn,chronological - DOI-grouped,coverage_90,-0.09642857142857142,-0.4763492063492063,0.33374999999999966,False,8,8,False
Chronological minus DOI-grouped on identical future records,Jsc,mA cm^-2,A x B domain,FA+MA+Cs / Pb+Sn,chronological - DOI-grouped,interval_90_mean_width,-1.4494930230799596,-5.5244635373772155,2.3104991429950683,False,8,8,False
Chronological minus DOI-grouped on identical future records,Jsc,mA cm^-2,A x B domain,MA (no FA/Cs) / Other/unknown,chronological - DOI-grouped,MAE,-0.31425440228684853,-0.7663360702037113,0.1441115147156838,False,8,8,False
Chronological minus DOI-grouped on identical future records,Jsc,mA cm^-2,A x B domain,MA (no FA/Cs) / Other/unknown,chronological - DOI-grouped,bias,-0.5446201341196879,-0.8648211182906491,-0.29105995185134914,True,8,8,False
Chronological minus DOI-grouped on identical future records,Jsc,mA cm^-2,A x B domain,MA (no FA/Cs) / Other/unknown,chronological - DOI-grouped,RMSE,-0.4649976807454901,-0.8833892211287397,0.16294732912471976,False,8,8,False
Chronological minus DOI-grouped on identical future records,Jsc,mA cm^-2,A x B domain,MA (no FA/Cs) / Other/unknown,chronological - DOI-grouped,R2,1.374653887845282,-0.34040459466883943,10.235544376992104,False,8,8,False
Chronological minus DOI-grouped on identical future records,Jsc,mA cm^-2,A x B domain,MA (no FA/Cs) / Other/unknown,chronological - DOI-grouped,mean_feature_OOD_percentile,0.0011474250944831788,-0.021183883934332227,0.03167963568431519,False,8,8,False
Chronological minus DOI-grouped on identical future records,Jsc,mA cm^-2,A x B domain,MA (no FA/Cs) / Other/unknown,chronological - DOI-grouped,high_feature_OOD_fraction,0.0,0.0,0.0,False,8,8,False
Chronological minus DOI-grouped on identical future records,Jsc,mA cm^-2,A x B domain,MA (no FA/Cs) / Other/unknown,chronological - DOI-grouped,coverage_90,0.0,0.0,0.0,False,8,8,False
Chronological minus DOI-grouped on identical future records,Jsc,mA cm^-2,A x B domain,MA (no FA/Cs) / Other/unknown,chronological - DOI-grouped,interval_90_mean_width,-3.0103510078740197,-4.8976842386804025,-1.3523459016001296,True,8,8,False
Chronological minus DOI-grouped on identical future records,Jsc,mA cm^-2,A x B domain,MA (no FA/Cs) / Pb (no Sn),chronological - DOI-grouped,MAE,0.18754146582439546,0.13118297689555455,0.24118825401806102,True,915,915,True
Chronological minus DOI-grouped on identical future records,Jsc,mA cm^-2,A x B domain,MA (no FA/Cs) / Pb (no Sn),chronological - DOI-grouped,bias,-0.2778132122158654,-0.3418801637349298,-0.21641833715509481,True,915,915,True
Chronological minus DOI-grouped on identical future records,Jsc,mA cm^-2,A x B domain,MA (no FA/Cs) / Pb (no Sn),chronological - DOI-grouped,RMSE,0.14129526805514292,0.07216975302908368,0.20565846199756657,True,915,915,True
Chronological minus DOI-grouped on identical future records,Jsc,mA cm^-2,A x B domain,MA (no FA/Cs) / Pb (no Sn),chronological - DOI-grouped,R2,-0.05738811708907887,-0.08541716161429845,-0.029064507792234927,True,915,915,True
Chronological minus DOI-grouped on identical future records,Jsc,mA cm^-2,A x B domain,MA (no FA/Cs) / Pb (no Sn),chronological - DOI-grouped,mean_feature_OOD_percentile,0.01833781110132393,0.010987206792695428,0.025463056263600233,True,915,915,True
Chronological minus DOI-grouped on identical future records,Jsc,mA cm^-2,A x B domain,MA (no FA/Cs) / Pb (no Sn),chronological - DOI-grouped,high_feature_OOD_fraction,0.034043370108943885,0.021896384322396736,0.04721722714671513,True,915,915,True
Chronological minus DOI-grouped on identical future records,Jsc,mA cm^-2,A x B domain,MA (no FA/Cs) / Pb (no Sn),chronological - DOI-grouped,coverage_90,-0.0017282777938513183,-0.012299577492779754,0.008833802269897006,False,915,915,True
Chronological minus DOI-grouped on identical future records,Jsc,mA cm^-2,A x B domain,MA (no FA/Cs) / Pb (no Sn),chronological - DOI-grouped,interval_90_mean_width,0.21038781995764033,0.04916161634098457,0.37131106472707387,True,915,915,True
Chronological minus DOI-grouped on identical future records,Jsc,mA cm^-2,A x B domain,MA (no FA/Cs) / Pb+Sn,chronological - DOI-grouped,MAE,0.11165595449557397,-0.26396237029429326,0.4872742792854403,False,2,2,False
Chronological minus DOI-grouped on identical future records,Jsc,mA cm^-2,A x B domain,MA (no FA/Cs) / Pb+Sn,chronological - DOI-grouped,bias,-0.11165595449557397,-0.4872742792854403,0.26396237029429326,False,2,2,False
Chronological minus DOI-grouped on identical future records,Jsc,mA cm^-2,A x B domain,MA (no FA/Cs) / Pb+Sn,chronological - DOI-grouped,RMSE,0.1769313151039995,-0.21391755218567265,0.49225898157154724,False,2,2,False
Chronological minus DOI-grouped on identical future records,Jsc,mA cm^-2,A x B domain,MA (no FA/Cs) / Pb+Sn,chronological - DOI-grouped,R2,-0.9032880575812836,-31.110831996315937,0.5127555108837143,False,2,2,False
Chronological minus DOI-grouped on identical future records,Jsc,mA cm^-2,A x B domain,MA (no FA/Cs) / Pb+Sn,chronological - DOI-grouped,mean_feature_OOD_percentile,0.06682537738818617,0.053503707075169826,0.08014704770120262,True,2,2,False
Chronological minus DOI-grouped on identical future records,Jsc,mA cm^-2,A x B domain,MA (no FA/Cs) / Pb+Sn,chronological - DOI-grouped,high_feature_OOD_fraction,0.5,0.0,1.0,False,2,2,False
Chronological minus DOI-grouped on identical future records,Jsc,mA cm^-2,A x B domain,MA (no FA/Cs) / Pb+Sn,chronological - DOI-grouped,coverage_90,0.0,0.0,0.0,False,2,2,False
Chronological minus DOI-grouped on identical future records,Jsc,mA cm^-2,A x B domain,MA (no FA/Cs) / Pb+Sn,chronological - DOI-grouped,interval_90_mean_width,-1.2574735062936835,-2.0467340677579458,-0.4682129448294212,True,2,2,False
Chronological minus DOI-grouped on identical future records,Jsc,mA cm^-2,A x B domain,MA (no FA/Cs) / Sn (no Pb),chronological - DOI-grouped,MAE,0.4252472587926537,-0.7472313360738438,1.6588557646144417,False,5,5,False
Chronological minus DOI-grouped on identical future records,Jsc,mA cm^-2,A x B domain,MA (no FA/Cs) / Sn (no Pb),chronological - DOI-grouped,bias,0.5673393658194517,-0.42515051978211404,1.808488998711589,False,5,5,False
Chronological minus DOI-grouped on identical future records,Jsc,mA cm^-2,A x B domain,MA (no FA/Cs) / Sn (no Pb),chronological - DOI-grouped,RMSE,0.6508259333312658,-0.8662298175842478,1.9548004488412067,False,5,5,False
Chronological minus DOI-grouped on identical future records,Jsc,mA cm^-2,A x B domain,MA (no FA/Cs) / Sn (no Pb),chronological - DOI-grouped,R2,-0.28533935459840043,-1.4259612876485033,1.1193884130524374,False,5,5,False
Chronological minus DOI-grouped on identical future records,Jsc,mA cm^-2,A x B domain,MA (no FA/Cs) / Sn (no Pb),chronological - DOI-grouped,mean_feature_OOD_percentile,-0.01624899860255158,-0.053170719373810044,0.011718553423558098,False,5,5,False
Chronological minus DOI-grouped on identical future records,Jsc,mA cm^-2,A x B domain,MA (no FA/Cs) / Sn (no Pb),chronological - DOI-grouped,high_feature_OOD_fraction,0.013333333333333253,0.0,0.044444444444444446,False,5,5,False
Chronological minus DOI-grouped on identical future records,Jsc,mA cm^-2,A x B domain,MA (no FA/Cs) / Sn (no Pb),chronological - DOI-grouped,coverage_90,-0.013333333333333308,-0.0444444444444444,0.0,False,5,5,False
Chronological minus DOI-grouped on identical future records,Jsc,mA cm^-2,A x B domain,MA (no FA/Cs) / Sn (no Pb),chronological - DOI-grouped,interval_90_mean_width,0.6180132881733158,-1.1891720083115658,2.446578751231492,False,5,5,False
Chronological minus DOI-grouped on identical future records,Jsc,mA cm^-2,A x B domain,MA+Cs / Pb (no Sn),chronological - DOI-grouped,MAE,0.1886932388715321,-0.5052207099362119,0.9753221446559904,False,15,15,False
Chronological minus DOI-grouped on identical future records,Jsc,mA cm^-2,A x B domain,MA+Cs / Pb (no Sn),chronological - DOI-grouped,bias,-0.0578975123228882,-0.9103028475820135,0.7955942628054001,False,15,15,False
Chronological minus DOI-grouped on identical future records,Jsc,mA cm^-2,A x B domain,MA+Cs / Pb (no Sn),chronological - DOI-grouped,RMSE,0.33077248197727904,-0.3531219201161136,1.2355252214360604,False,15,15,False
Chronological minus DOI-grouped on identical future records,Jsc,mA cm^-2,A x B domain,MA+Cs / Pb (no Sn),chronological - DOI-grouped,R2,-0.22159096716873172,-1.2212814424765264,0.325571782878025,False,15,15,False
Chronological minus DOI-grouped on identical future records,Jsc,mA cm^-2,A x B domain,MA+Cs / Pb (no Sn),chronological - DOI-grouped,mean_feature_OOD_percentile,0.06808611892701888,0.03836121129011563,0.1013365684410013,True,15,15,False
Chronological minus DOI-grouped on identical future records,Jsc,mA cm^-2,A x B domain,MA+Cs / Pb (no Sn),chronological - DOI-grouped,high_feature_OOD_fraction,0.0,-0.2,0.2,False,15,15,False
Chronological minus DOI-grouped on identical future records,Jsc,mA cm^-2,A x B domain,MA+Cs / Pb (no Sn),chronological - DOI-grouped,coverage_90,-1.1102230246251565e-16,0.0,0.0,False,15,15,False
Chronological minus DOI-grouped on identical future records,Jsc,mA cm^-2,A x B domain,MA+Cs / Pb (no Sn),chronological - DOI-grouped,interval_90_mean_width,0.6323270084928776,-1.0536050831964983,2.334822461599553,False,15,15,False
Chronological minus DOI-grouped on identical future records,Jsc,mA cm^-2,A x B domain,Other/unknown / Other/unknown,chronological - DOI-grouped,MAE,-0.036135872777817823,-0.4759349349965829,0.40340597455734817,False,7,7,False
Chronological minus DOI-grouped on identical future records,Jsc,mA cm^-2,A x B domain,Other/unknown / Other/unknown,chronological - DOI-grouped,bias,-0.09495970732538628,-0.5512924416793223,0.40050810658922864,False,7,7,False
Chronological minus DOI-grouped on identical future records,Jsc,mA cm^-2,A x B domain,Other/unknown / Other/unknown,chronological - DOI-grouped,RMSE,-0.05700046788065105,-0.5168434793140643,0.45011060806227576,False,7,7,False
Chronological minus DOI-grouped on identical future records,Jsc,mA cm^-2,A x B domain,Other/unknown / Other/unknown,chronological - DOI-grouped,R2,0.007623330433601527,-1.3296915845139232,0.929176628454273,False,7,7,False
Chronological minus DOI-grouped on identical future records,Jsc,mA cm^-2,A x B domain,Other/unknown / Other/unknown,chronological - DOI-grouped,mean_feature_OOD_percentile,-0.030451614636042734,-0.09026495556571586,0.00029998302133622546,False,7,7,False
Chronological minus DOI-grouped on identical future records,Jsc,mA cm^-2,A x B domain,Other/unknown / Other/unknown,chronological - DOI-grouped,high_feature_OOD_fraction,-0.1428571428571429,-0.43015873015873013,0.0,False,7,7,False
Chronological minus DOI-grouped on identical future records,Jsc,mA cm^-2,A x B domain,Other/unknown / Other/unknown,chronological - DOI-grouped,coverage_90,0.0,0.0,0.0,False,7,7,False
Chronological minus DOI-grouped on identical future records,Jsc,mA cm^-2,A x B domain,Other/unknown / Other/unknown,chronological - DOI-grouped,interval_90_mean_width,-0.4597470806138677,-2.0160501280539465,1.1686006336377233,False,7,7,False
Chronological minus DOI-grouped on identical future records,Jsc,mA cm^-2,A x B domain,Other/unknown / Pb (no Sn),chronological - DOI-grouped,MAE,0.8686683978784657,-0.1917708762927278,1.9122581243136405,False,14,14,False
Chronological minus DOI-grouped on identical future records,Jsc,mA cm^-2,A x B domain,Other/unknown / Pb (no Sn),chronological - DOI-grouped,bias,0.8416406670363346,-0.23428341125620109,1.9280150107596092,False,14,14,False
Chronological minus DOI-grouped on identical future records,Jsc,mA cm^-2,A x B domain,Other/unknown / Pb (no Sn),chronological - DOI-grouped,RMSE,0.9510348289918733,-0.1532034696078457,2.0059259720219864,False,14,14,False
Chronological minus DOI-grouped on identical future records,Jsc,mA cm^-2,A x B domain,Other/unknown / Pb (no Sn),chronological - DOI-grouped,R2,-0.19984147853659273,-1.8607652416118299,0.024414797319651817,False,14,14,False
Chronological minus DOI-grouped on identical future records,Jsc,mA cm^-2,A x B domain,Other/unknown / Pb (no Sn),chronological - DOI-grouped,mean_feature_OOD_percentile,0.046662655080264126,-3.523251724031057e-05,0.1043506054160293,False,14,14,False
Chronological minus DOI-grouped on identical future records,Jsc,mA cm^-2,A x B domain,Other/unknown / Pb (no Sn),chronological - DOI-grouped,high_feature_OOD_fraction,0.16666666666666663,-0.030378787878787953,0.3999999999999999,False,14,14,False
Chronological minus DOI-grouped on identical future records,Jsc,mA cm^-2,A x B domain,Other/unknown / Pb (no Sn),chronological - DOI-grouped,coverage_90,-0.023809523809523836,-0.08333333333333326,0.0,False,14,14,False
Chronological minus DOI-grouped on identical future records,Jsc,mA cm^-2,A x B domain,Other/unknown / Pb (no Sn),chronological - DOI-grouped,interval_90_mean_width,1.0853336471677473,-0.5590339879570395,2.642875080224855,False,14,14,False
Chronological minus DOI-grouped on identical future records,Jsc,mA cm^-2,A x B domain,Other/unknown / Sn (no Pb),chronological - DOI-grouped,MAE,0.15572636509337023,-0.9122588116497203,1.7708806617261512,False,4,4,False
Chronological minus DOI-grouped on identical future records,Jsc,mA cm^-2,A x B domain,Other/unknown / Sn (no Pb),chronological - DOI-grouped,bias,1.0369586631942047,-0.09907741253660518,2.157455917995016,False,4,4,False
Chronological minus DOI-grouped on identical future records,Jsc,mA cm^-2,A x B domain,Other/unknown / Sn (no Pb),chronological - DOI-grouped,RMSE,0.3361567211860299,-1.0844586116207706,1.7847637480841456,False,4,4,False
Chronological minus DOI-grouped on identical future records,Jsc,mA cm^-2,A x B domain,Other/unknown / Sn (no Pb),chronological - DOI-grouped,R2,-0.29240403177195473,-66.90610450755412,0.6753387295752851,False,4,4,False
Chronological minus DOI-grouped on identical future records,Jsc,mA cm^-2,A x B domain,Other/unknown / Sn (no Pb),chronological - DOI-grouped,mean_feature_OOD_percentile,-0.003057506635313345,-0.008879303171792863,0.0037526486268877335,False,4,4,False
Chronological minus DOI-grouped on identical future records,Jsc,mA cm^-2,A x B domain,Other/unknown / Sn (no Pb),chronological - DOI-grouped,high_feature_OOD_fraction,0.0,0.0,0.0,False,4,4,False
Chronological minus DOI-grouped on identical future records,Jsc,mA cm^-2,A x B domain,Other/unknown / Sn (no Pb),chronological - DOI-grouped,coverage_90,-0.21875,-1.0,0.09375,False,4,4,False
Chronological minus DOI-grouped on identical future records,Jsc,mA cm^-2,A x B domain,Other/unknown / Sn (no Pb),chronological - DOI-grouped,interval_90_mean_width,0.1218869239206235,-0.7916076076322156,1.4761231577545393,False,4,4,False
Chronological minus DOI-grouped on identical future records,Jsc,mA cm^-2,FA presence,FA absent,chronological - DOI-grouped,MAE,0.23755521786771272,0.1861541112353736,0.28872303716558245,True,1124,1124,True
Chronological minus DOI-grouped on identical future records,Jsc,mA cm^-2,FA presence,FA absent,chronological - DOI-grouped,bias,-0.3220376516334319,-0.37916506095505087,-0.2662020198643664,True,1124,1124,True
Chronological minus DOI-grouped on identical future records,Jsc,mA cm^-2,FA presence,FA absent,chronological - DOI-grouped,RMSE,0.19457878848809695,0.13121841097931877,0.261023858672283,True,1124,1124,True
Chronological minus DOI-grouped on identical future records,Jsc,mA cm^-2,FA presence,FA absent,chronological - DOI-grouped,R2,-0.047327120404100365,-0.06463501798027732,-0.03188172041424524,True,1124,1124,True
Chronological minus DOI-grouped on identical future records,Jsc,mA cm^-2,FA presence,FA absent,chronological - DOI-grouped,mean_feature_OOD_percentile,0.02301596619170687,0.016709364329967967,0.02916494185028876,True,1124,1124,True
Chronological minus DOI-grouped on identical future records,Jsc,mA cm^-2,FA presence,FA absent,chronological - DOI-grouped,high_feature_OOD_fraction,0.05881699046484894,0.045200550607096074,0.07314163190992527,True,1124,1124,True
Chronological minus DOI-grouped on identical future records,Jsc,mA cm^-2,FA presence,FA absent,chronological - DOI-grouped,coverage_90,0.0012824124622848876,-0.007931526033843807,0.01063962784875057,False,1124,1124,True
Chronological minus DOI-grouped on identical future records,Jsc,mA cm^-2,FA presence,FA absent,chronological - DOI-grouped,interval_90_mean_width,0.6054627566288815,0.4515785365375845,0.7736585476237757,True,1124,1124,True
Chronological minus DOI-grouped on identical future records,Jsc,mA cm^-2,FA presence,FA present,chronological - DOI-grouped,MAE,0.14746986033248,0.07558813294883279,0.21166464782771793,True,685,685,True
Chronological minus DOI-grouped on identical future records,Jsc,mA cm^-2,FA presence,FA present,chronological - DOI-grouped,bias,-0.3978370643928537,-0.47264428350348003,-0.3248699677377387,True,685,685,True
Chronological minus DOI-grouped on identical future records,Jsc,mA cm^-2,FA presence,FA present,chronological - DOI-grouped,RMSE,0.08211111735496379,-0.01729255792831533,0.17436390763028822,False,685,685,True
Chronological minus DOI-grouped on identical future records,Jsc,mA cm^-2,FA presence,FA present,chronological - DOI-grouped,R2,-0.04155725690255385,-0.09258853669917465,0.007632618820585332,False,685,685,True
Chronological minus DOI-grouped on identical future records,Jsc,mA cm^-2,FA presence,FA present,chronological - DOI-grouped,mean_feature_OOD_percentile,0.06942898943819886,0.06047160042587486,0.07850981227956894,True,685,685,True
Chronological minus DOI-grouped on identical future records,Jsc,mA cm^-2,FA presence,FA present,chronological - DOI-grouped,high_feature_OOD_fraction,0.050486490990999375,0.035827703758074834,0.0666962946516301,True,685,685,True
Chronological minus DOI-grouped on identical future records,Jsc,mA cm^-2,FA presence,FA present,chronological - DOI-grouped,coverage_90,0.0006306467255372539,-0.011386112885248174,0.013766036437220856,False,685,685,True
Chronological minus DOI-grouped on identical future records,Jsc,mA cm^-2,FA presence,FA present,chronological - DOI-grouped,interval_90_mean_width,0.5198006798911834,0.2996597636537052,0.7174957481133318,True,685,685,True
Chronological minus DOI-grouped on identical future records,Jsc,mA cm^-2,MA presence,MA absent,chronological - DOI-grouped,MAE,0.35959274719851875,0.23615916704003348,0.4708296951308347,True,320,320,True
Chronological minus DOI-grouped on identical future records,Jsc,mA cm^-2,MA presence,MA absent,chronological - DOI-grouped,bias,-0.6580078121533255,-0.780813764654828,-0.5239326932914413,True,320,320,True
Chronological minus DOI-grouped on identical future records,Jsc,mA cm^-2,MA presence,MA absent,chronological - DOI-grouped,RMSE,0.3298637446787356,0.1779181456572746,0.4837989128201748,True,320,320,True
Chronological minus DOI-grouped on identical future records,Jsc,mA cm^-2,MA presence,MA absent,chronological - DOI-grouped,R2,-0.05615296341710985,-0.08353809620226739,-0.028958846414688114,True,320,320,True
Chronological minus DOI-grouped on identical future records,Jsc,mA cm^-2,MA presence,MA absent,chronological - DOI-grouped,mean_feature_OOD_percentile,0.045114833843236224,0.03504238125912291,0.05478022661042248,True,320,320,True
Chronological minus DOI-grouped on identical future records,Jsc,mA cm^-2,MA presence,MA absent,chronological - DOI-grouped,high_feature_OOD_fraction,0.13007017824706385,0.09446016935701909,0.16723739661536757,True,320,320,True
Chronological minus DOI-grouped on identical future records,Jsc,mA cm^-2,MA presence,MA absent,chronological - DOI-grouped,coverage_90,0.019571703391155992,0.0034449150711111072,0.03702662519735436,True,320,320,True
Chronological minus DOI-grouped on identical future records,Jsc,mA cm^-2,MA presence,MA absent,chronological - DOI-grouped,interval_90_mean_width,2.1103941844872,1.7797843080577944,2.463524355184171,True,320,320,True
Chronological minus DOI-grouped on identical future records,Jsc,mA cm^-2,MA presence,MA present,chronological - DOI-grouped,MAE,0.1737171593444522,0.12948582833731778,0.21293732263436144,True,1460,1460,True
Chronological minus DOI-grouped on identical future records,Jsc,mA cm^-2,MA presence,MA present,chronological - DOI-grouped,bias,-0.28467636507009686,-0.33227567980009426,-0.23752592763053423,True,1460,1460,True
Chronological minus DOI-grouped on identical future records,Jsc,mA cm^-2,MA presence,MA present,chronological - DOI-grouped,RMSE,0.12256105580864807,0.0633302410790876,0.17908260835792497,True,1460,1460,True
Chronological minus DOI-grouped on identical future records,Jsc,mA cm^-2,MA presence,MA present,chronological - DOI-grouped,R2,-0.045391893230286695,-0.06622104934420607,-0.023379476054281693,True,1460,1460,True
Chronological minus DOI-grouped on identical future records,Jsc,mA cm^-2,MA presence,MA present,chronological - DOI-grouped,mean_feature_OOD_percentile,0.04028323390756061,0.03465815552036667,0.046226311920585975,True,1460,1460,True
Chronological minus DOI-grouped on identical future records,Jsc,mA cm^-2,MA presence,MA present,chronological - DOI-grouped,high_feature_OOD_fraction,0.04028452644588823,0.029795750149285007,0.051596561719013556,True,1460,1460,True
Chronological minus DOI-grouped on identical future records,Jsc,mA cm^-2,MA presence,MA present,chronological - DOI-grouped,coverage_90,-0.003191149603820831,-0.011608506420989217,0.005897497198045126,False,1460,1460,True
Chronological minus DOI-grouped on identical future records,Jsc,mA cm^-2,MA presence,MA present,chronological - DOI-grouped,interval_90_mean_width,0.24656254679549683,0.11556159807881099,0.3800180832853785,True,1460,1460,True
Chronological minus DOI-grouped on identical future records,Jsc,mA cm^-2,Cs presence,Cs absent,chronological - DOI-grouped,MAE,0.2053856194433803,0.15322521329818858,0.2510541242987864,True,1211,1211,True
Chronological minus DOI-grouped on identical future records,Jsc,mA cm^-2,Cs presence,Cs absent,chronological - DOI-grouped,bias,-0.3256879538107783,-0.38337435228913264,-0.2722501506770352,True,1211,1211,True
Chronological minus DOI-grouped on identical future records,Jsc,mA cm^-2,Cs presence,Cs absent,chronological - DOI-grouped,RMSE,0.1772704106135401,0.11181384405682994,0.23845964122531738,True,1211,1211,True
Chronological minus DOI-grouped on identical future records,Jsc,mA cm^-2,Cs presence,Cs absent,chronological - DOI-grouped,R2,-0.05590712148795329,-0.07678731697937273,-0.03557691931842336,True,1211,1211,True
Chronological minus DOI-grouped on identical future records,Jsc,mA cm^-2,Cs presence,Cs absent,chronological - DOI-grouped,mean_feature_OOD_percentile,0.026421264195992333,0.020246931498673817,0.032720747272544135,True,1211,1211,True
Chronological minus DOI-grouped on identical future records,Jsc,mA cm^-2,Cs presence,Cs absent,chronological - DOI-grouped,high_feature_OOD_fraction,0.03379446112120456,0.02301718868148517,0.04440859646162047,True,1211,1211,True
Chronological minus DOI-grouped on identical future records,Jsc,mA cm^-2,Cs presence,Cs absent,chronological - DOI-grouped,coverage_90,-0.0018514215925049538,-0.01149039968946676,0.008294359377376085,False,1211,1211,True
Chronological minus DOI-grouped on identical future records,Jsc,mA cm^-2,Cs presence,Cs absent,chronological - DOI-grouped,interval_90_mean_width,0.33449043442127646,0.18925258636365702,0.48630552790419085,True,1211,1211,True
Chronological minus DOI-grouped on identical future records,Jsc,mA cm^-2,Cs presence,Cs present,chronological - DOI-grouped,MAE,0.20726559098434016,0.1360935445742883,0.27840966810250944,True,587,587,True
Chronological minus DOI-grouped on identical future records,Jsc,mA cm^-2,Cs presence,Cs present,chronological - DOI-grouped,bias,-0.39783512024910034,-0.4826788946300279,-0.32199978383376926,True,587,587,True
Chronological minus DOI-grouped on identical future records,Jsc,mA cm^-2,Cs presence,Cs present,chronological - DOI-grouped,RMSE,0.12421023912351892,0.02381895103164251,0.22551389353860007,True,587,587,True
Chronological minus DOI-grouped on identical future records,Jsc,mA cm^-2,Cs presence,Cs present,chronological - DOI-grouped,R2,-0.023221297883696645,-0.042680091418542274,-0.004401879018555005,True,587,587,True
Chronological minus DOI-grouped on identical future records,Jsc,mA cm^-2,Cs presence,Cs present,chronological - DOI-grouped,mean_feature_OOD_percentile,0.07178604889343576,0.06283826696268599,0.08162575746228995,True,587,587,True
Chronological minus DOI-grouped on identical future records,Jsc,mA cm^-2,Cs presence,Cs present,chronological - DOI-grouped,high_feature_OOD_fraction,0.10008253231190756,0.07811292499940406,0.12563067226586372,True,587,587,True
Chronological minus DOI-grouped on identical future records,Jsc,mA cm^-2,Cs presence,Cs present,chronological - DOI-grouped,coverage_90,0.0075382515181093845,-0.003912037178313557,0.020023434465941813,False,587,587,True
Chronological minus DOI-grouped on identical future records,Jsc,mA cm^-2,Cs presence,Cs present,chronological - DOI-grouped,interval_90_mean_width,1.0761736033777787,0.8398831124127144,1.3175986371878077,True,587,587,True
Chronological minus DOI-grouped on identical future records,Jsc,mA cm^-2,Pb presence,Pb absent,chronological - DOI-grouped,MAE,0.21971359171069915,-0.007512381554017542,0.4556382188075582,False,55,55,True
Chronological minus DOI-grouped on identical future records,Jsc,mA cm^-2,Pb presence,Pb absent,chronological - DOI-grouped,bias,-0.2778686200270325,-0.5417066307890457,-0.017852854672640736,True,55,55,True
Chronological minus DOI-grouped on identical future records,Jsc,mA cm^-2,Pb presence,Pb absent,chronological - DOI-grouped,RMSE,0.32047279529086303,0.07166116795195017,0.5709332509144148,True,55,55,True
Chronological minus DOI-grouped on identical future records,Jsc,mA cm^-2,Pb presence,Pb absent,chronological - DOI-grouped,R2,-0.040677767243003427,-0.08038161429044317,-0.008980056538091072,True,55,55,True
Chronological minus DOI-grouped on identical future records,Jsc,mA cm^-2,Pb presence,Pb absent,chronological - DOI-grouped,mean_feature_OOD_percentile,0.020345856481934765,9.852274295550374e-05,0.04599247287660268,True,55,55,True
Chronological minus DOI-grouped on identical future records,Jsc,mA cm^-2,Pb presence,Pb absent,chronological - DOI-grouped,high_feature_OOD_fraction,0.11030303030303024,0.014747564742219091,0.21322172619047614,True,55,55,True
Chronological minus DOI-grouped on identical future records,Jsc,mA cm^-2,Pb presence,Pb absent,chronological - DOI-grouped,coverage_90,-0.01546831955922856,-0.05657054030874778,0.007673617920343707,False,55,55,True
Chronological minus DOI-grouped on identical future records,Jsc,mA cm^-2,Pb presence,Pb absent,chronological - DOI-grouped,interval_90_mean_width,0.14118496562709204,-0.5512146949107881,0.8787588832109321,False,55,55,True
Chronological minus DOI-grouped on identical future records,Jsc,mA cm^-2,Pb presence,Pb present,chronological - DOI-grouped,MAE,0.2050647366974263,0.16252621053814495,0.24390340014685283,True,1680,1680,True
Chronological minus DOI-grouped on identical future records,Jsc,mA cm^-2,Pb presence,Pb present,chronological - DOI-grouped,bias,-0.35291926219307435,-0.4004093321278509,-0.30598047142608464,True,1680,1680,True
Chronological minus DOI-grouped on identical future records,Jsc,mA cm^-2,Pb presence,Pb present,chronological - DOI-grouped,RMSE,0.1475481656656643,0.09598911928904538,0.20130043234398776,True,1680,1680,True
Chronological minus DOI-grouped on identical future records,Jsc,mA cm^-2,Pb presence,Pb present,chronological - DOI-grouped,R2,-0.04604602803596758,-0.06324153693592828,-0.029738644394965204,True,1680,1680,True
Chronological minus DOI-grouped on identical future records,Jsc,mA cm^-2,Pb presence,Pb present,chronological - DOI-grouped,mean_feature_OOD_percentile,0.041513303391720435,0.03658220407988479,0.0470596563030423,True,1680,1680,True
Chronological minus DOI-grouped on identical future records,Jsc,mA cm^-2,Pb presence,Pb present,chronological - DOI-grouped,high_feature_OOD_fraction,0.05428697042466661,0.04398526331705644,0.06537364109711864,True,1680,1680,True
Chronological minus DOI-grouped on identical future records,Jsc,mA cm^-2,Pb presence,Pb present,chronological - DOI-grouped,coverage_90,0.001083479005934307,-0.006443862724887619,0.008675043987159696,False,1680,1680,True
Chronological minus DOI-grouped on identical future records,Jsc,mA cm^-2,Pb presence,Pb present,chronological - DOI-grouped,interval_90_mean_width,0.586524150928744,0.45424583217011627,0.7191777547077941,True,1680,1680,True
Chronological minus DOI-grouped on identical future records,Jsc,mA cm^-2,Sn presence,Sn absent,chronological - DOI-grouped,MAE,0.19310198630299613,0.15246699942837727,0.23068525402939333,True,1685,1685,True
Chronological minus DOI-grouped on identical future records,Jsc,mA cm^-2,Sn presence,Sn absent,chronological - DOI-grouped,bias,-0.3386113293703722,-0.38387454403487764,-0.29513836255852877,True,1685,1685,True
Chronological minus DOI-grouped on identical future records,Jsc,mA cm^-2,Sn presence,Sn absent,chronological - DOI-grouped,RMSE,0.13750606169813473,0.08565094063997807,0.18574579357151375,True,1685,1685,True
Chronological minus DOI-grouped on identical future records,Jsc,mA cm^-2,Sn presence,Sn absent,chronological - DOI-grouped,R2,-0.03713656561995615,-0.05105135157451875,-0.023034979841975185,True,1685,1685,True
Chronological minus DOI-grouped on identical future records,Jsc,mA cm^-2,Sn presence,Sn absent,chronological - DOI-grouped,mean_feature_OOD_percentile,0.04125318192800642,0.03602264508443827,0.04669466730442978,True,1685,1685,True
Chronological minus DOI-grouped on identical future records,Jsc,mA cm^-2,Sn presence,Sn absent,chronological - DOI-grouped,high_feature_OOD_fraction,0.054857830057432194,0.04461462639126075,0.06654687130308329,True,1685,1685,True
Chronological minus DOI-grouped on identical future records,Jsc,mA cm^-2,Sn presence,Sn absent,chronological - DOI-grouped,coverage_90,0.0017359089820364604,-0.005379476887066198,0.009329340087559436,False,1685,1685,True
Chronological minus DOI-grouped on identical future records,Jsc,mA cm^-2,Sn presence,Sn absent,chronological - DOI-grouped,interval_90_mean_width,0.5896636749965953,0.46733811403043074,0.7330016049466991,True,1685,1685,True
Chronological minus DOI-grouped on identical future records,Jsc,mA cm^-2,Sn presence,Sn present,chronological - DOI-grouped,MAE,0.6485338698411569,0.19733183130425827,0.9924542096749658,True,55,55,True
Chronological minus DOI-grouped on identical future records,Jsc,mA cm^-2,Sn presence,Sn present,chronological - DOI-grouped,bias,-0.7877748520489767,-1.1888356177234083,-0.31429700723669246,True,55,55,True
Chronological minus DOI-grouped on identical future records,Jsc,mA cm^-2,Sn presence,Sn present,chronological - DOI-grouped,RMSE,0.5517140949040691,0.07794397003412297,0.9485466601982898,True,55,55,True
Chronological minus DOI-grouped on identical future records,Jsc,mA cm^-2,Sn presence,Sn present,chronological - DOI-grouped,R2,-0.10240228768518544,-0.19361951890390655,-0.017121082252179294,True,55,55,True
Chronological minus DOI-grouped on identical future records,Jsc,mA cm^-2,Sn presence,Sn present,chronological - DOI-grouped,mean_feature_OOD_percentile,0.038122452600029666,0.020372460458496895,0.05830836776622514,True,55,55,True
Chronological minus DOI-grouped on identical future records,Jsc,mA cm^-2,Sn presence,Sn present,chronological - DOI-grouped,high_feature_OOD_fraction,0.10626262626262628,0.024783333333333303,0.20227083333333332,True,55,55,True
Chronological minus DOI-grouped on identical future records,Jsc,mA cm^-2,Sn presence,Sn present,chronological - DOI-grouped,coverage_90,-0.04464580873671775,-0.11698092068266698,0.02355893549280173,False,55,55,True
Chronological minus DOI-grouped on identical future records,Jsc,mA cm^-2,Sn presence,Sn present,chronological - DOI-grouped,interval_90_mean_width,0.10149119216941926,-0.8475728989202979,0.9489013212230172,False,55,55,True
Within chronological cohort,Jsc,mA cm^-2,A-site pattern,FA (no MA/Cs),FA (no MA/Cs) - MA (no FA/Cs),MAE,0.4068560605235061,-0.21248994208814914,1.0393549423215533,False,62,928,True
Within chronological cohort,Jsc,mA cm^-2,A-site pattern,FA (no MA/Cs),FA (no MA/Cs) - MA (no FA/Cs),bias,-1.0144537517488816,-1.899656597106001,-0.04516852498874531,True,62,928,True
Within chronological cohort,Jsc,mA cm^-2,A-site pattern,FA (no MA/Cs),FA (no MA/Cs) - MA (no FA/Cs),RMSE,0.4778366599211923,-0.3446639401170971,1.2878300866719024,False,62,928,True
Within chronological cohort,Jsc,mA cm^-2,A-site pattern,FA (no MA/Cs),FA (no MA/Cs) - MA (no FA/Cs),R2,-0.18117345920999162,-0.858374833123034,0.166698598556959,False,62,928,True
Within chronological cohort,Jsc,mA cm^-2,A-site pattern,FA (no MA/Cs),FA (no MA/Cs) - MA (no FA/Cs),mean_feature_OOD_percentile,0.2834683522426157,0.24713658630141172,0.3235899084961289,True,62,928,True
Within chronological cohort,Jsc,mA cm^-2,A-site pattern,FA (no MA/Cs),FA (no MA/Cs) - MA (no FA/Cs),high_feature_OOD_fraction,0.26790102499438445,0.16326048663988268,0.3899739133566919,True,62,928,True
Within chronological cohort,Jsc,mA cm^-2,A-site pattern,FA (no MA/Cs),FA (no MA/Cs) - MA (no FA/Cs),coverage_90,0.0699524884673367,0.03539686172881434,0.10067184235041157,True,62,928,True
Within chronological cohort,Jsc,mA cm^-2,A-site pattern,FA (no MA/Cs),FA (no MA/Cs) - MA (no FA/Cs),interval_90_mean_width,5.549011203008385,4.1821110375899115,6.906829782968082,True,62,928,True
Within chronological cohort,Jsc,mA cm^-2,A-site pattern,Cs (no FA/MA),Cs (no FA/MA) - MA (no FA/Cs),MAE,-0.6691944831327303,-0.9769228511757343,-0.3525151687070733,True,174,928,True
Within chronological cohort,Jsc,mA cm^-2,A-site pattern,Cs (no FA/MA),Cs (no FA/MA) - MA (no FA/Cs),bias,-0.2044777046680457,-0.6256311146084099,0.17304529227955281,False,174,928,True
Within chronological cohort,Jsc,mA cm^-2,A-site pattern,Cs (no FA/MA),Cs (no FA/MA) - MA (no FA/Cs),RMSE,-0.8939589728029311,-1.3224392128378457,-0.44827370812744466,True,174,928,True
Within chronological cohort,Jsc,mA cm^-2,A-site pattern,Cs (no FA/MA),Cs (no FA/MA) - MA (no FA/Cs),R2,0.33447509957972044,0.215761719612228,0.4511935754103981,True,174,928,True
Within chronological cohort,Jsc,mA cm^-2,A-site pattern,Cs (no FA/MA),Cs (no FA/MA) - MA (no FA/Cs),mean_feature_OOD_percentile,0.3632450471566453,0.339505608987391,0.38662635656596994,True,174,928,True
Within chronological cohort,Jsc,mA cm^-2,A-site pattern,Cs (no FA/MA),Cs (no FA/MA) - MA (no FA/Cs),high_feature_OOD_fraction,0.4225408919747606,0.35314826329218724,0.4916643039295065,True,174,928,True
Within chronological cohort,Jsc,mA cm^-2,A-site pattern,Cs (no FA/MA),Cs (no FA/MA) - MA (no FA/Cs),coverage_90,0.07633244620991964,0.05389309622964333,0.09765282068287494,True,174,928,True
Within chronological cohort,Jsc,mA cm^-2,A-site pattern,Cs (no FA/MA),Cs (no FA/MA) - MA (no FA/Cs),interval_90_mean_width,1.4714044162503708,0.7362358220104273,2.199264013422838,True,174,928,True
Within chronological cohort,Jsc,mA cm^-2,A-site pattern,FA+MA,FA+MA - MA (no FA/Cs),MAE,-0.7449755477320363,-0.9915629713427756,-0.4879465809522198,True,255,928,True
Within chronological cohort,Jsc,mA cm^-2,A-site pattern,FA+MA,FA+MA - MA (no FA/Cs),bias,-0.2763845847350139,-0.645391222549941,0.08905491391961474,False,255,928,True
Within chronological cohort,Jsc,mA cm^-2,A-site pattern,FA+MA,FA+MA - MA (no FA/Cs),RMSE,-0.8576135644087914,-1.2748513624044941,-0.444503540765477,True,255,928,True
Within chronological cohort,Jsc,mA cm^-2,A-site pattern,FA+MA,FA+MA - MA (no FA/Cs),R2,-0.17918208997844087,-0.4168977907846343,0.01201456176358668,False,255,928,True
Within chronological cohort,Jsc,mA cm^-2,A-site pattern,FA+MA,FA+MA - MA (no FA/Cs),mean_feature_OOD_percentile,0.11583303396014688,0.08102570288785205,0.14966936813949358,True,255,928,True
Within chronological cohort,Jsc,mA cm^-2,A-site pattern,FA+MA,FA+MA - MA (no FA/Cs),high_feature_OOD_fraction,0.022645110763138146,-0.01903231650155493,0.06414456533596245,False,255,928,True
Within chronological cohort,Jsc,mA cm^-2,A-site pattern,FA+MA,FA+MA - MA (no FA/Cs),coverage_90,0.0319581830679081,0.003572312217842666,0.058622812369885896,True,255,928,True
Within chronological cohort,Jsc,mA cm^-2,A-site pattern,FA+MA,FA+MA - MA (no FA/Cs),interval_90_mean_width,-1.7917428940434696,-2.4226706345105624,-1.1755982421561717,True,255,928,True
Within chronological cohort,Jsc,mA cm^-2,A-site pattern,FA+Cs,FA+Cs - MA (no FA/Cs),MAE,-0.4989048991540952,-0.9222747765070194,0.010283047281847686,False,72,928,True
Within chronological cohort,Jsc,mA cm^-2,A-site pattern,FA+Cs,FA+Cs - MA (no FA/Cs),bias,-0.07938495286026459,-0.7944823960659743,0.5670026310714288,False,72,928,True
Within chronological cohort,Jsc,mA cm^-2,A-site pattern,FA+Cs,FA+Cs - MA (no FA/Cs),RMSE,-0.6741548462318336,-1.202425663825109,-0.09862178109486618,True,72,928,True
Within chronological cohort,Jsc,mA cm^-2,A-site pattern,FA+Cs,FA+Cs - MA (no FA/Cs),R2,0.11311022830260853,-0.31988796350510396,0.33782307971782244,False,72,928,True
Within chronological cohort,Jsc,mA cm^-2,A-site pattern,FA+Cs,FA+Cs - MA (no FA/Cs),mean_feature_OOD_percentile,0.2538912903236382,0.2084162375631121,0.30011182355640675,True,72,928,True
Within chronological cohort,Jsc,mA cm^-2,A-site pattern,FA+Cs,FA+Cs - MA (no FA/Cs),high_feature_OOD_fraction,0.12658463529089797,0.03799646718891778,0.22288548048233028,True,72,928,True
Within chronological cohort,Jsc,mA cm^-2,A-site pattern,FA+Cs,FA+Cs - MA (no FA/Cs),coverage_90,0.04137883753145466,-0.013681287984654691,0.08600975890158745,False,72,928,True
Within chronological cohort,Jsc,mA cm^-2,A-site pattern,FA+Cs,FA+Cs - MA (no FA/Cs),interval_90_mean_width,1.0382966422024467,-0.21040191150552892,2.498505216428836,False,72,928,True
Within chronological cohort,Jsc,mA cm^-2,A-site pattern,MA+Cs,MA+Cs - MA (no FA/Cs),MAE,0.6877190488560707,-0.5583580655770898,2.0155961926092867,False,15,928,False
Within chronological cohort,Jsc,mA cm^-2,A-site pattern,MA+Cs,MA+Cs - MA (no FA/Cs),bias,-1.8094275921206469,-3.505752533294661,-0.08511030761490027,True,15,928,False
Within chronological cohort,Jsc,mA cm^-2,A-site pattern,MA+Cs,MA+Cs - MA (no FA/Cs),RMSE,0.6702022145569204,-0.8895887070439494,2.042368113696841,False,15,928,False
Within chronological cohort,Jsc,mA cm^-2,A-site pattern,MA+Cs,MA+Cs - MA (no FA/Cs),R2,-0.8995580561153905,-3.0880179705521598,-0.18284735146621803,True,15,928,False
Within chronological cohort,Jsc,mA cm^-2,A-site pattern,MA+Cs,MA+Cs - MA (no FA/Cs),mean_feature_OOD_percentile,0.15517273970693268,0.062388299193463725,0.24021015575325394,True,15,928,False
Within chronological cohort,Jsc,mA cm^-2,A-site pattern,MA+Cs,MA+Cs - MA (no FA/Cs),high_feature_OOD_fraction,-0.028970920264657585,-0.10775134452391613,0.1346747617942894,False,15,928,False
Within chronological cohort,Jsc,mA cm^-2,A-site pattern,MA+Cs,MA+Cs - MA (no FA/Cs),coverage_90,0.022416646173429866,-0.1306594469368506,0.10890636322077696,False,15,928,False
Within chronological cohort,Jsc,mA cm^-2,A-site pattern,MA+Cs,MA+Cs - MA (no FA/Cs),interval_90_mean_width,4.232817724668216,1.8013452378072135,6.60325344764659,True,15,928,False
Within chronological cohort,Jsc,mA cm^-2,A-site pattern,FA+MA+Cs,FA+MA+Cs - MA (no FA/Cs),MAE,-0.879686137374736,-1.1098974857407358,-0.6319409011422931,True,342,928,True
Within chronological cohort,Jsc,mA cm^-2,A-site pattern,FA+MA+Cs,FA+MA+Cs - MA (no FA/Cs),bias,0.4308052524880597,0.09674000755310835,0.7931643698428418,True,342,928,True
Within chronological cohort,Jsc,mA cm^-2,A-site pattern,FA+MA+Cs,FA+MA+Cs - MA (no FA/Cs),RMSE,-0.7670545221448593,-1.2256379357922398,-0.30721991235857676,True,342,928,True
Within chronological cohort,Jsc,mA cm^-2,A-site pattern,FA+MA+Cs,FA+MA+Cs - MA (no FA/Cs),R2,-0.22268275277600602,-0.3490298101344428,-0.09807026025751907,True,342,928,True
Within chronological cohort,Jsc,mA cm^-2,A-site pattern,FA+MA+Cs,FA+MA+Cs - MA (no FA/Cs),mean_feature_OOD_percentile,0.010035247290161808,-0.022653633911565232,0.045521753502748334,False,342,928,True
Within chronological cohort,Jsc,mA cm^-2,A-site pattern,FA+MA+Cs,FA+MA+Cs - MA (no FA/Cs),high_feature_OOD_fraction,0.010460992851466053,-0.025894422541736285,0.0477050896333508,False,342,928,True
Within chronological cohort,Jsc,mA cm^-2,A-site pattern,FA+MA+Cs,FA+MA+Cs - MA (no FA/Cs),coverage_90,0.007997857522185181,-0.023533685539646576,0.034891862732021564,False,342,928,True
Within chronological cohort,Jsc,mA cm^-2,A-site pattern,FA+MA+Cs,FA+MA+Cs - MA (no FA/Cs),interval_90_mean_width,-3.141252184062221,-3.5982597635096965,-2.659960057510233,True,342,928,True
Within chronological cohort,Jsc,mA cm^-2,A-site pattern,Other/unknown,Other/unknown - MA (no FA/Cs),MAE,2.7976366427343384,1.0415581564020326,4.463749155547526,True,25,928,True
Within chronological cohort,Jsc,mA cm^-2,A-site pattern,Other/unknown,Other/unknown - MA (no FA/Cs),bias,2.5344061850887822,-0.1764790043434408,5.4130893591162526,False,25,928,True
Within chronological cohort,Jsc,mA cm^-2,A-site pattern,Other/unknown,Other/unknown - MA (no FA/Cs),RMSE,3.2450960411638663,1.5304841137770482,4.618764967408198,True,25,928,True
Within chronological cohort,Jsc,mA cm^-2,A-site pattern,Other/unknown,Other/unknown - MA (no FA/Cs),R2,-0.11866965626662329,-1.5597889407028163,0.1614391154202842,False,25,928,True
Within chronological cohort,Jsc,mA cm^-2,A-site pattern,Other/unknown,Other/unknown - MA (no FA/Cs),mean_feature_OOD_percentile,0.42155839195380107,0.39548433580948317,0.44673188210907405,True,25,928,True
Within chronological cohort,Jsc,mA cm^-2,A-site pattern,Other/unknown,Other/unknown - MA (no FA/Cs),high_feature_OOD_fraction,0.7710290797353423,0.6397021646625238,0.8832189471837539,True,25,928,True
Within chronological cohort,Jsc,mA cm^-2,A-site pattern,Other/unknown,Other/unknown - MA (no FA/Cs),coverage_90,0.03352775728454094,-0.0690293115365486,0.10787898042246624,False,25,928,True
Within chronological cohort,Jsc,mA cm^-2,A-site pattern,Other/unknown,Other/unknown - MA (no FA/Cs),interval_90_mean_width,10.883979188899668,7.962644389867823,13.210004737450955,True,25,928,True
Within chronological cohort,Jsc,mA cm^-2,B-site pattern,Sn (no Pb),Sn (no Pb) - Pb (no Sn),MAE,1.9055889143959108,0.6455963966362467,3.134119949276865,True,30,1660,True
Within chronological cohort,Jsc,mA cm^-2,B-site pattern,Sn (no Pb),Sn (no Pb) - Pb (no Sn),bias,-0.480041758232432,-2.204748459990093,1.3542799636275131,False,30,1660,True
Within chronological cohort,Jsc,mA cm^-2,B-site pattern,Sn (no Pb),Sn (no Pb) - Pb (no Sn),RMSE,2.4359786617383663,0.8852264488991642,3.7505520422036738,True,30,1660,True
Within chronological cohort,Jsc,mA cm^-2,B-site pattern,Sn (no Pb),Sn (no Pb) - Pb (no Sn),R2,-0.2568035081818081,-0.6433026094563675,-0.04001151584821189,True,30,1660,True
Within chronological cohort,Jsc,mA cm^-2,B-site pattern,Sn (no Pb),Sn (no Pb) - Pb (no Sn),mean_feature_OOD_percentile,0.3198040584704194,0.2868246406421046,0.35069373567683904,True,30,1660,True
Within chronological cohort,Jsc,mA cm^-2,B-site pattern,Sn (no Pb),Sn (no Pb) - Pb (no Sn),high_feature_OOD_fraction,0.4802399738718477,0.3113343979549365,0.6472943639142641,True,30,1660,True
Within chronological cohort,Jsc,mA cm^-2,B-site pattern,Sn (no Pb),Sn (no Pb) - Pb (no Sn),coverage_90,-0.03419881305646655,-0.146447464176585,0.05801829804826196,False,30,1660,True
Within chronological cohort,Jsc,mA cm^-2,B-site pattern,Sn (no Pb),Sn (no Pb) - Pb (no Sn),interval_90_mean_width,8.398150677829765,6.848416888718094,9.994917025350862,True,30,1660,True
Within chronological cohort,Jsc,mA cm^-2,B-site pattern,Pb+Sn,Pb+Sn - Pb (no Sn),MAE,2.3379899507646273,1.3831435999509114,3.3809191743366673,True,25,1660,True
Within chronological cohort,Jsc,mA cm^-2,B-site pattern,Pb+Sn,Pb+Sn - Pb (no Sn),bias,-3.0406042406238414,-4.459654675102037,-1.471546087397649,True,25,1660,True
Within chronological cohort,Jsc,mA cm^-2,B-site pattern,Pb+Sn,Pb+Sn - Pb (no Sn),RMSE,2.344731530006372,1.1320222898931687,3.6788904517851053,True,25,1660,True
Within chronological cohort,Jsc,mA cm^-2,B-site pattern,Pb+Sn,Pb+Sn - Pb (no Sn),R2,-0.8566510316755451,-3.665159341925408,-0.3746872375974073,True,25,1660,True
Within chronological cohort,Jsc,mA cm^-2,B-site pattern,Pb+Sn,Pb+Sn - Pb (no Sn),mean_feature_OOD_percentile,0.2623487720824049,0.2244047836615343,0.29903553520517256,True,25,1660,True
Within chronological cohort,Jsc,mA cm^-2,B-site pattern,Pb+Sn,Pb+Sn - Pb (no Sn),high_feature_OOD_fraction,0.13676522639710026,-0.013703415943527902,0.3164140229650586,False,25,1660,True
Within chronological cohort,Jsc,mA cm^-2,B-site pattern,Pb+Sn,Pb+Sn - Pb (no Sn),coverage_90,-0.04343979429744782,-0.14529305257335526,0.04658025019309759,False,25,1660,True
Within chronological cohort,Jsc,mA cm^-2,B-site pattern,Pb+Sn,Pb+Sn - Pb (no Sn),interval_90_mean_width,4.522500485321695,3.347849201381832,5.950736858494653,True,25,1660,True
Within chronological cohort,Jsc,mA cm^-2,B-site pattern,Other/unknown,Other/unknown - Pb (no Sn),MAE,-0.7779620468560733,-1.509953356882326,0.255979307258782,False,25,1660,True
Within chronological cohort,Jsc,mA cm^-2,B-site pattern,Other/unknown,Other/unknown - Pb (no Sn),bias,0.7294292119772228,-0.5427629873823767,1.7471611861910112,False,25,1660,True
Within chronological cohort,Jsc,mA cm^-2,B-site pattern,Other/unknown,Other/unknown - Pb (no Sn),RMSE,-0.6008250608569474,-2.27283407630026,1.0382792538520977,False,25,1660,True
Within chronological cohort,Jsc,mA cm^-2,B-site pattern,Other/unknown,Other/unknown - Pb (no Sn),R2,0.2331853517370731,-0.9995305110485149,0.3249744043942025,False,25,1660,True
Within chronological cohort,Jsc,mA cm^-2,B-site pattern,Other/unknown,Other/unknown - Pb (no Sn),mean_feature_OOD_percentile,0.344221136778453,0.310883935899408,0.3734947792875929,True,25,1660,True
Within chronological cohort,Jsc,mA cm^-2,B-site pattern,Other/unknown,Other/unknown - Pb (no Sn),high_feature_OOD_fraction,0.6383207819526558,0.47749671530962606,0.7914211771392694,True,25,1660,True
Within chronological cohort,Jsc,mA cm^-2,B-site pattern,Other/unknown,Other/unknown - Pb (no Sn),coverage_90,0.0451951263374728,-0.05581595375617257,0.09277816181666558,False,25,1660,True
Within chronological cohort,Jsc,mA cm^-2,B-site pattern,Other/unknown,Other/unknown - Pb (no Sn),interval_90_mean_width,-0.5097882618033047,-2.7379007080475772,2.111462958753632,False,25,1660,True
Presence contrast within chronological cohort,Jsc,mA cm^-2,FA presence,FA present,FA present - absent,MAE,-0.6440084613922714,-0.8343958765768824,-0.43820816886481145,True,685,1124,True
Presence contrast within chronological cohort,Jsc,mA cm^-2,FA presence,FA present,FA present - absent,bias,0.01587482197961232,-0.25760411361942415,0.3095841427126258,False,685,1124,True
Presence contrast within chronological cohort,Jsc,mA cm^-2,FA presence,FA present,FA present - absent,RMSE,-0.6227448951878736,-0.9560257988303918,-0.303297013718424,True,685,1124,True
Presence contrast within chronological cohort,Jsc,mA cm^-2,FA presence,FA present,FA present - absent,R2,-0.3547158115262943,-0.4897048895487188,-0.2223600470543284,True,685,1124,True
Presence contrast within chronological cohort,Jsc,mA cm^-2,FA presence,FA present,FA present - absent,mean_feature_OOD_percentile,0.028275314901073267,0.002680946008250196,0.054610366595073095,True,685,1124,True
Presence contrast within chronological cohort,Jsc,mA cm^-2,FA presence,FA present,FA present - absent,high_feature_OOD_fraction,-0.0289514852288065,-0.056306012746461985,0.0016826321473482563,False,685,1124,True
Presence contrast within chronological cohort,Jsc,mA cm^-2,FA presence,FA present,FA present - absent,coverage_90,0.011747260757686617,-0.008651197624457787,0.031162293749851147,False,685,1124,True
Presence contrast within chronological cohort,Jsc,mA cm^-2,FA presence,FA present,FA present - absent,interval_90_mean_width,-2.0822907776440456,-2.5081220872187737,-1.6410338126970276,True,685,1124,True
Presence contrast within chronological cohort,Jsc,mA cm^-2,MA presence,MA present,MA present - absent,MAE,-0.12995716192120588,-0.4187226215171361,0.1467890787631085,False,1460,320,True
Presence contrast within chronological cohort,Jsc,mA cm^-2,MA presence,MA present,MA present - absent,bias,0.21880673649527693,-0.1819064603215207,0.6068983292487631,False,1460,320,True
Presence contrast within chronological cohort,Jsc,mA cm^-2,MA presence,MA present,MA present - absent,RMSE,-0.1619989268136348,-0.5609260924177357,0.2494248300089181,False,1460,320,True
Presence contrast within chronological cohort,Jsc,mA cm^-2,MA presence,MA present,MA present - absent,R2,-0.352074749688578,-0.4431211200990412,-0.26879549771571154,True,1460,320,True
Presence contrast within chronological cohort,Jsc,mA cm^-2,MA presence,MA present,MA present - absent,mean_feature_OOD_percentile,-0.3053772187210563,-0.32578434061801376,-0.28470073570642035,True,1460,320,True
Presence contrast within chronological cohort,Jsc,mA cm^-2,MA presence,MA present,MA present - absent,high_feature_OOD_fraction,-0.3403396830901964,-0.3908235874444633,-0.28946638076509407,True,1460,320,True
Presence contrast within chronological cohort,Jsc,mA cm^-2,MA presence,MA present,MA present - absent,coverage_90,-0.0587204264067801,-0.07794866208266671,-0.03899001390114839,True,1460,320,True
Presence contrast within chronological cohort,Jsc,mA cm^-2,MA presence,MA present,MA present - absent,interval_90_mean_width,-3.6510014634588828,-4.350632909866968,-2.9767154422479223,True,1460,320,True
Presence contrast within chronological cohort,Jsc,mA cm^-2,Cs presence,Cs present,Cs present - absent,MAE,-0.6534833908783209,-0.8376230959527997,-0.4636200833695167,True,587,1211,True
Presence contrast within chronological cohort,Jsc,mA cm^-2,Cs presence,Cs present,Cs present - absent,bias,0.19199135785705823,-0.08744885421286486,0.4640732447589902,False,587,1211,True
Presence contrast within chronological cohort,Jsc,mA cm^-2,Cs presence,Cs present,Cs present - absent,RMSE,-0.7072162629904648,-1.030598829834878,-0.40060447777574415,True,587,1211,True
Presence contrast within chronological cohort,Jsc,mA cm^-2,Cs presence,Cs present,Cs present - absent,R2,0.3246556958946679,0.2338338962546393,0.41367456799974317,True,587,1211,True
Presence contrast within chronological cohort,Jsc,mA cm^-2,Cs presence,Cs present,Cs present - absent,mean_feature_OOD_percentile,0.1041205014413511,0.07722148465179726,0.1317652386455422,True,587,1211,True
Presence contrast within chronological cohort,Jsc,mA cm^-2,Cs presence,Cs present,Cs present - absent,high_feature_OOD_fraction,0.11257115413879126,0.07725567746573572,0.14893584454231648,True,587,1211,True
Presence contrast within chronological cohort,Jsc,mA cm^-2,Cs presence,Cs present,Cs present - absent,coverage_90,0.026783665883337804,0.0066761143862712514,0.046157304556076806,True,587,1211,True
Presence contrast within chronological cohort,Jsc,mA cm^-2,Cs presence,Cs present,Cs present - absent,interval_90_mean_width,-1.1663644667855237,-1.6503521017773828,-0.7197652959304539,True,587,1211,True
Presence contrast within chronological cohort,Jsc,mA cm^-2,Pb presence,Pb present,Pb present - absent,MAE,-0.6539599814134123,-1.5958789727115534,0.18629651768657346,False,1680,55,True
Presence contrast within chronological cohort,Jsc,mA cm^-2,Pb presence,Pb present,Pb present - absent,bias,-0.10736655103971493,-1.21438511161029,1.0235645440872987,False,1680,55,True
Presence contrast within chronological cohort,Jsc,mA cm^-2,Pb presence,Pb present,Pb present - absent,RMSE,-1.2514102106612062,-2.3420067016629544,-0.08143702147059852,True,1680,55,True
Presence contrast within chronological cohort,Jsc,mA cm^-2,Pb presence,Pb present,Pb present - absent,R2,-0.2595761089067732,-0.3914468513844171,-0.1053986933169701,True,1680,55,True
Presence contrast within chronological cohort,Jsc,mA cm^-2,Pb presence,Pb present,Pb present - absent,mean_feature_OOD_percentile,-0.3275300153850973,-0.3515045321334969,-0.3031136248508467,True,1680,55,True
Presence contrast within chronological cohort,Jsc,mA cm^-2,Pb presence,Pb present,Pb present - absent,high_feature_OOD_fraction,-0.5502398773268912,-0.6694194994596127,-0.4334834043195454,True,1680,55,True
Presence contrast within chronological cohort,Jsc,mA cm^-2,Pb presence,Pb present,Pb present - absent,coverage_90,-0.002485090843275306,-0.060367718499857975,0.06630917849884921,False,1680,55,True
Presence contrast within chronological cohort,Jsc,mA cm^-2,Pb presence,Pb present,Pb present - absent,interval_90_mean_width,-4.287739579898224,-6.070561223317184,-2.429914262869078,True,1680,55,True
Presence contrast within chronological cohort,Jsc,mA cm^-2,Sn presence,Sn present,Sn present - absent,MAE,2.1136773036212606,1.2639865643076373,2.942019160741178,True,55,1685,True
Presence contrast within chronological cohort,Jsc,mA cm^-2,Sn presence,Sn present,Sn present - absent,bias,-1.654756187552171,-2.8599388087885225,-0.4014204653605308,True,55,1685,True
Presence contrast within chronological cohort,Jsc,mA cm^-2,Sn presence,Sn present,Sn present - absent,RMSE,2.4028555302281123,1.3988587248081124,3.3124192937143793,True,55,1685,True
Presence contrast within chronological cohort,Jsc,mA cm^-2,Sn presence,Sn present,Sn present - absent,R2,-0.08844937832808508,-0.33971074737335344,0.060428091398216234,False,55,1685,True
Presence contrast within chronological cohort,Jsc,mA cm^-2,Sn presence,Sn present,Sn present - absent,mean_feature_OOD_percentile,0.2885808806752699,0.2630008447109568,0.3172019517144141,True,55,1685,True
Presence contrast within chronological cohort,Jsc,mA cm^-2,Sn presence,Sn present,Sn present - absent,high_feature_OOD_fraction,0.3146444539089814,0.19588348227609778,0.448154296121228,True,55,1685,True
Presence contrast within chronological cohort,Jsc,mA cm^-2,Sn presence,Sn present,Sn present - absent,coverage_90,-0.03906980991096176,-0.11150128215345871,0.028208184414748958,False,55,1685,True
Presence contrast within chronological cohort,Jsc,mA cm^-2,Sn presence,Sn present,Sn present - absent,interval_90_mean_width,6.6440551234793706,5.534941611790428,7.906476680098035,True,55,1685,True
Chronological minus DOI-grouped on identical future records,FF,percentage point,A-site pattern,MA (no FA/Cs),chronological - DOI-grouped,MAE,0.29583180970358214,0.1584629169731167,0.44074076251149885,True,928,928,True
Chronological minus DOI-grouped on identical future records,FF,percentage point,A-site pattern,MA (no FA/Cs),chronological - DOI-grouped,bias,-0.4684728772240353,-0.6500460343105027,-0.30074871048601837,True,928,928,True
Chronological minus DOI-grouped on identical future records,FF,percentage point,A-site pattern,MA (no FA/Cs),chronological - DOI-grouped,RMSE,0.2113638105296225,0.058030850215471386,0.36552501723702957,True,928,928,True
Chronological minus DOI-grouped on identical future records,FF,percentage point,A-site pattern,MA (no FA/Cs),chronological - DOI-grouped,R2,-0.03219699610989635,-0.056217002827743924,-0.008829717511805144,True,928,928,True
Chronological minus DOI-grouped on identical future records,FF,percentage point,A-site pattern,MA (no FA/Cs),chronological - DOI-grouped,mean_feature_OOD_percentile,0.01813329941064934,0.010907098017057013,0.025231028254709447,True,928,928,True
Chronological minus DOI-grouped on identical future records,FF,percentage point,A-site pattern,MA (no FA/Cs),chronological - DOI-grouped,high_feature_OOD_fraction,0.03363830853054991,0.02168782136340278,0.04663314391797715,True,928,928,True
Chronological minus DOI-grouped on identical future records,FF,percentage point,A-site pattern,MA (no FA/Cs),chronological - DOI-grouped,coverage_90,-0.019118628869366217,-0.027202082794250383,-0.010865905599082315,True,928,928,True
Chronological minus DOI-grouped on identical future records,FF,percentage point,A-site pattern,MA (no FA/Cs),chronological - DOI-grouped,interval_90_mean_width,-1.6283091353789807,-2.00218663331572,-1.2179990732777168,True,928,928,True
Chronological minus DOI-grouped on identical future records,FF,percentage point,A-site pattern,FA (no MA/Cs),chronological - DOI-grouped,MAE,0.4161759551905746,-0.08278576743261454,0.9177035231446165,False,62,62,True
Chronological minus DOI-grouped on identical future records,FF,percentage point,A-site pattern,FA (no MA/Cs),chronological - DOI-grouped,bias,-1.250966708159206,-1.7851243435149597,-0.7234111197061138,True,62,62,True
Chronological minus DOI-grouped on identical future records,FF,percentage point,A-site pattern,FA (no MA/Cs),chronological - DOI-grouped,RMSE,0.3225624636329041,-0.1508076974051964,0.8712764925213284,False,62,62,True
Chronological minus DOI-grouped on identical future records,FF,percentage point,A-site pattern,FA (no MA/Cs),chronological - DOI-grouped,R2,-0.0604934627039565,-0.1809437231030895,0.02730775476233724,False,62,62,True
Chronological minus DOI-grouped on identical future records,FF,percentage point,A-site pattern,FA (no MA/Cs),chronological - DOI-grouped,mean_feature_OOD_percentile,0.025548131172159816,0.001042197462254499,0.050773283838473064,True,62,62,True
Chronological minus DOI-grouped on identical future records,FF,percentage point,A-site pattern,FA (no MA/Cs),chronological - DOI-grouped,high_feature_OOD_fraction,0.021505376344086002,-0.031463399656104174,0.07830988455988448,False,62,62,True
Chronological minus DOI-grouped on identical future records,FF,percentage point,A-site pattern,FA (no MA/Cs),chronological - DOI-grouped,coverage_90,-0.07096774193548394,-0.12704500786163508,-0.020530936454849373,True,62,62,True
Chronological minus DOI-grouped on identical future records,FF,percentage point,A-site pattern,FA (no MA/Cs),chronological - DOI-grouped,interval_90_mean_width,-2.066483977156828,-3.472947718946299,-0.6502533954367002,True,62,62,True
Chronological minus DOI-grouped on identical future records,FF,percentage point,A-site pattern,Cs (no FA/MA),chronological - DOI-grouped,MAE,2.0148711645939716,1.5159675921752755,2.570629437894494,True,174,174,True
Chronological minus DOI-grouped on identical future records,FF,percentage point,A-site pattern,Cs (no FA/MA),chronological - DOI-grouped,bias,-3.2595599999436975,-3.8283725763619327,-2.678994170150534,True,174,174,True
Chronological minus DOI-grouped on identical future records,FF,percentage point,A-site pattern,Cs (no FA/MA),chronological - DOI-grouped,RMSE,1.653141577394445,1.087061666594533,2.2574315585588023,True,174,174,True
Chronological minus DOI-grouped on identical future records,FF,percentage point,A-site pattern,Cs (no FA/MA),chronological - DOI-grouped,R2,-0.24153508732947548,-0.38001188025123867,-0.14850248779134226,True,174,174,True
Chronological minus DOI-grouped on identical future records,FF,percentage point,A-site pattern,Cs (no FA/MA),chronological - DOI-grouped,mean_feature_OOD_percentile,0.04753136488900733,0.03608049201246659,0.059922335774836945,True,174,174,True
Chronological minus DOI-grouped on identical future records,FF,percentage point,A-site pattern,Cs (no FA/MA),chronological - DOI-grouped,high_feature_OOD_fraction,0.20240113529225623,0.14938365557351344,0.2624523413938603,True,174,174,True
Chronological minus DOI-grouped on identical future records,FF,percentage point,A-site pattern,Cs (no FA/MA),chronological - DOI-grouped,coverage_90,0.0031346254977085986,-0.02397432481056934,0.02803048079592212,False,174,174,True
Chronological minus DOI-grouped on identical future records,FF,percentage point,A-site pattern,Cs (no FA/MA),chronological - DOI-grouped,interval_90_mean_width,3.8234247528146206,2.6484106161301137,5.024719559066282,True,174,174,True
Chronological minus DOI-grouped on identical future records,FF,percentage point,A-site pattern,FA+MA,chronological - DOI-grouped,MAE,0.40657322851415234,0.15317970570771597,0.6579731340740647,True,255,255,True
Chronological minus DOI-grouped on identical future records,FF,percentage point,A-site pattern,FA+MA,chronological - DOI-grouped,bias,-0.889916060300715,-1.2051393467317901,-0.5639877312856845,True,255,255,True
Chronological minus DOI-grouped on identical future records,FF,percentage point,A-site pattern,FA+MA,chronological - DOI-grouped,RMSE,0.3018768990660661,0.05130789213699015,0.5454314135542634,True,255,255,True
Chronological minus DOI-grouped on identical future records,FF,percentage point,A-site pattern,FA+MA,chronological - DOI-grouped,R2,-0.06548751831714261,-0.12635565642962876,-0.010724887747225577,True,255,255,True
Chronological minus DOI-grouped on identical future records,FF,percentage point,A-site pattern,FA+MA,chronological - DOI-grouped,mean_feature_OOD_percentile,0.059284149563402444,0.04294137547944132,0.07411198727906766,True,255,255,True
Chronological minus DOI-grouped on identical future records,FF,percentage point,A-site pattern,FA+MA,chronological - DOI-grouped,high_feature_OOD_fraction,0.036888492770845716,0.015750030620720275,0.059155783874365035,True,255,255,True
Chronological minus DOI-grouped on identical future records,FF,percentage point,A-site pattern,FA+MA,chronological - DOI-grouped,coverage_90,-0.00365480924304451,-0.019148702265294026,0.011631068930374213,False,255,255,True
Chronological minus DOI-grouped on identical future records,FF,percentage point,A-site pattern,FA+MA,chronological - DOI-grouped,interval_90_mean_width,-0.4592393854660983,-1.2633301378068271,0.312799348232006,False,255,255,True
Chronological minus DOI-grouped on identical future records,FF,percentage point,A-site pattern,FA+Cs,chronological - DOI-grouped,MAE,0.768778134594859,0.2750137879175961,1.2217528177400614,True,72,72,True
Chronological minus DOI-grouped on identical future records,FF,percentage point,A-site pattern,FA+Cs,chronological - DOI-grouped,bias,-1.1531742440778971,-1.652919328329464,-0.7426146754242653,True,72,72,True
Chronological minus DOI-grouped on identical future records,FF,percentage point,A-site pattern,FA+Cs,chronological - DOI-grouped,RMSE,0.635316760366516,0.11638306782002297,1.1132880142347898,True,72,72,True
Chronological minus DOI-grouped on identical future records,FF,percentage point,A-site pattern,FA+Cs,chronological - DOI-grouped,R2,-0.1258870718189481,-0.2791347926249732,-0.02009125226994323,True,72,72,True
Chronological minus DOI-grouped on identical future records,FF,percentage point,A-site pattern,FA+Cs,chronological - DOI-grouped,mean_feature_OOD_percentile,0.06122274590344401,0.03884252905968661,0.0833647485439586,True,72,72,True
Chronological minus DOI-grouped on identical future records,FF,percentage point,A-site pattern,FA+Cs,chronological - DOI-grouped,high_feature_OOD_fraction,0.07407407407407404,0.02487310071265295,0.13336538461538458,True,72,72,True
Chronological minus DOI-grouped on identical future records,FF,percentage point,A-site pattern,FA+Cs,chronological - DOI-grouped,coverage_90,-0.02328493265993259,-0.06321923179160004,0.008974026358894919,False,72,72,True
Chronological minus DOI-grouped on identical future records,FF,percentage point,A-site pattern,FA+Cs,chronological - DOI-grouped,interval_90_mean_width,-0.21191147625285822,-1.3865686079537014,0.9977366173064368,False,72,72,True
Chronological minus DOI-grouped on identical future records,FF,percentage point,A-site pattern,MA+Cs,chronological - DOI-grouped,MAE,0.9482056513137511,-0.5028167689035011,2.253148504482462,False,15,15,False
Chronological minus DOI-grouped on identical future records,FF,percentage point,A-site pattern,MA+Cs,chronological - DOI-grouped,bias,-0.43250426534194997,-2.015787484748804,1.054798659901603,False,15,15,False
Chronological minus DOI-grouped on identical future records,FF,percentage point,A-site pattern,MA+Cs,chronological - DOI-grouped,RMSE,0.6236110607338077,-0.707126567954271,1.7149895709162033,False,15,15,False
Chronological minus DOI-grouped on identical future records,FF,percentage point,A-site pattern,MA+Cs,chronological - DOI-grouped,R2,-0.1431254178835102,-0.6134205723311675,0.22115414676060893,False,15,15,False
Chronological minus DOI-grouped on identical future records,FF,percentage point,A-site pattern,MA+Cs,chronological - DOI-grouped,mean_feature_OOD_percentile,0.06808611892701888,0.03836121129011563,0.1013365684410013,True,15,15,False
Chronological minus DOI-grouped on identical future records,FF,percentage point,A-site pattern,MA+Cs,chronological - DOI-grouped,high_feature_OOD_fraction,0.0,-0.2,0.2,False,15,15,False
Chronological minus DOI-grouped on identical future records,FF,percentage point,A-site pattern,MA+Cs,chronological - DOI-grouped,coverage_90,0.0,0.0,0.0,False,15,15,False
Chronological minus DOI-grouped on identical future records,FF,percentage point,A-site pattern,MA+Cs,chronological - DOI-grouped,interval_90_mean_width,-2.709530158512571,-5.245123556581061,-0.16615438123648593,True,15,15,False
Chronological minus DOI-grouped on identical future records,FF,percentage point,A-site pattern,FA+MA+Cs,chronological - DOI-grouped,MAE,0.13261315153036257,-0.12105876269275699,0.4024388948026049,False,342,342,True
Chronological minus DOI-grouped on identical future records,FF,percentage point,A-site pattern,FA+MA+Cs,chronological - DOI-grouped,bias,-0.5062018448638923,-0.8005277483764021,-0.19808770094757538,True,342,342,True
Chronological minus DOI-grouped on identical future records,FF,percentage point,A-site pattern,FA+MA+Cs,chronological - DOI-grouped,RMSE,-0.03411844672948128,-0.33183571781393384,0.3062048782771686,False,342,342,True
Chronological minus DOI-grouped on identical future records,FF,percentage point,A-site pattern,FA+MA+Cs,chronological - DOI-grouped,R2,0.006750930482626871,-0.06152663053404953,0.06350943724090402,False,342,342,True
Chronological minus DOI-grouped on identical future records,FF,percentage point,A-site pattern,FA+MA+Cs,chronological - DOI-grouped,mean_feature_OOD_percentile,0.08690099758603759,0.07351169433258956,0.10159152341718898,True,342,342,True
Chronological minus DOI-grouped on identical future records,FF,percentage point,A-site pattern,FA+MA+Cs,chronological - DOI-grouped,high_feature_OOD_fraction,0.05917018854325355,0.0353406950448773,0.0844048198943035,True,342,342,True
Chronological minus DOI-grouped on identical future records,FF,percentage point,A-site pattern,FA+MA+Cs,chronological - DOI-grouped,coverage_90,-0.0030844167776571396,-0.02052565277072074,0.01360779992013533,False,342,342,True
Chronological minus DOI-grouped on identical future records,FF,percentage point,A-site pattern,FA+MA+Cs,chronological - DOI-grouped,interval_90_mean_width,-0.7454679608099362,-1.4471670010911197,-0.06280941591025963,True,342,342,True
Chronological minus DOI-grouped on identical future records,FF,percentage point,A-site pattern,Other/unknown,chronological - DOI-grouped,MAE,0.061479164700543265,-1.3720372075280391,1.3415582734277365,False,25,25,True
Chronological minus DOI-grouped on identical future records,FF,percentage point,A-site pattern,Other/unknown,chronological - DOI-grouped,bias,-0.3549321194023065,-1.8328627533209858,1.0603905797626236,False,25,25,True
Chronological minus DOI-grouped on identical future records,FF,percentage point,A-site pattern,Other/unknown,chronological - DOI-grouped,RMSE,0.482932087074909,-0.998988087660557,1.794962617251081,False,25,25,True
Chronological minus DOI-grouped on identical future records,FF,percentage point,A-site pattern,Other/unknown,chronological - DOI-grouped,R2,-0.0582103349658365,-0.2543632885547125,0.1162189847095662,False,25,25,True
Chronological minus DOI-grouped on identical future records,FF,percentage point,A-site pattern,Other/unknown,chronological - DOI-grouped,mean_feature_OOD_percentile,0.01711543368520596,-0.016109926205388383,0.054069751482533096,False,25,25,True
Chronological minus DOI-grouped on identical future records,FF,percentage point,A-site pattern,Other/unknown,chronological - DOI-grouped,high_feature_OOD_fraction,0.053333333333333344,-0.08342391304347829,0.2020421607378131,False,25,25,True
Chronological minus DOI-grouped on identical future records,FF,percentage point,A-site pattern,Other/unknown,chronological - DOI-grouped,coverage_90,0.00592592592592589,-0.06584809447128291,0.10774776753037639,False,25,25,True
Chronological minus DOI-grouped on identical future records,FF,percentage point,A-site pattern,Other/unknown,chronological - DOI-grouped,interval_90_mean_width,-4.265179643655031,-6.726719276804916,-1.8406253934386816,True,25,25,True
Chronological minus DOI-grouped on identical future records,FF,percentage point,B-site pattern,Pb (no Sn),chronological - DOI-grouped,MAE,0.49956088274378274,0.3827131255650593,0.6130305185797882,True,1660,1660,True
Chronological minus DOI-grouped on identical future records,FF,percentage point,B-site pattern,Pb (no Sn),chronological - DOI-grouped,bias,-0.8526955127472426,-0.9912194594590057,-0.710874378111867,True,1660,1660,True
Chronological minus DOI-grouped on identical future records,FF,percentage point,B-site pattern,Pb (no Sn),chronological - DOI-grouped,RMSE,0.3594851419177907,0.23262901230455127,0.48591589965881643,True,1660,1660,True
Chronological minus DOI-grouped on identical future records,FF,percentage point,B-site pattern,Pb (no Sn),chronological - DOI-grouped,R2,-0.060823085263711274,-0.08321270807880135,-0.03923291755419429,True,1660,1660,True
Chronological minus DOI-grouped on identical future records,FF,percentage point,B-site pattern,Pb (no Sn),chronological - DOI-grouped,mean_feature_OOD_percentile,0.041338449034659996,0.036234377231108596,0.04683008274183731,True,1660,1660,True
Chronological minus DOI-grouped on identical future records,FF,percentage point,B-site pattern,Pb (no Sn),chronological - DOI-grouped,high_feature_OOD_fraction,0.053675970068337284,0.043215464575992374,0.0647208508900687,True,1660,1660,True
Chronological minus DOI-grouped on identical future records,FF,percentage point,B-site pattern,Pb (no Sn),chronological - DOI-grouped,coverage_90,-0.013464331636377391,-0.020412931971347366,-0.007305075149671759,True,1660,1660,True
Chronological minus DOI-grouped on identical future records,FF,percentage point,B-site pattern,Pb (no Sn),chronological - DOI-grouped,interval_90_mean_width,-0.624391389024769,-0.9375051283888172,-0.31119509158562764,True,1660,1660,True
Chronological minus DOI-grouped on identical future records,FF,percentage point,B-site pattern,Sn (no Pb),chronological - DOI-grouped,MAE,0.22560526508321033,-0.4361891301417447,0.9570911842653903,False,30,30,True
Chronological minus DOI-grouped on identical future records,FF,percentage point,B-site pattern,Sn (no Pb),chronological - DOI-grouped,bias,-1.3301065554758962,-2.072421621255526,-0.5458036068725922,True,30,30,True
Chronological minus DOI-grouped on identical future records,FF,percentage point,B-site pattern,Sn (no Pb),chronological - DOI-grouped,RMSE,0.08379337873140713,-0.8849994128708238,1.1110785171618283,False,30,30,True
Chronological minus DOI-grouped on identical future records,FF,percentage point,B-site pattern,Sn (no Pb),chronological - DOI-grouped,R2,-0.009068735551052032,-0.15765870326058376,0.08620712591974886,False,30,30,True
Chronological minus DOI-grouped on identical future records,FF,percentage point,B-site pattern,Sn (no Pb),chronological - DOI-grouped,mean_feature_OOD_percentile,0.007641198511704084,-0.002807832899946344,0.01977809672368737,False,30,30,True
Chronological minus DOI-grouped on identical future records,FF,percentage point,B-site pattern,Sn (no Pb),chronological - DOI-grouped,high_feature_OOD_fraction,0.09111111111111103,-0.016064814814814816,0.2083522727272727,False,30,30,True
Chronological minus DOI-grouped on identical future records,FF,percentage point,B-site pattern,Sn (no Pb),chronological - DOI-grouped,coverage_90,-0.05585858585858594,-0.18392167552587355,0.06668831168831164,False,30,30,True
Chronological minus DOI-grouped on identical future records,FF,percentage point,B-site pattern,Sn (no Pb),chronological - DOI-grouped,interval_90_mean_width,-3.2925268653833584,-5.7324707021279595,-1.05535552541055,True,30,30,True
Chronological minus DOI-grouped on identical future records,FF,percentage point,B-site pattern,Pb+Sn,chronological - DOI-grouped,MAE,0.39223733265857064,-0.46115161794188886,1.1975605804797327,False,25,25,True
Chronological minus DOI-grouped on identical future records,FF,percentage point,B-site pattern,Pb+Sn,chronological - DOI-grouped,bias,-1.9789410104579508,-2.9298187327829655,-0.9278098777852406,True,25,25,True
Chronological minus DOI-grouped on identical future records,FF,percentage point,B-site pattern,Pb+Sn,chronological - DOI-grouped,RMSE,0.43726609393860727,-0.5686024953282385,1.384169252327874,False,25,25,True
Chronological minus DOI-grouped on identical future records,FF,percentage point,B-site pattern,Pb+Sn,chronological - DOI-grouped,R2,-0.14327436827445905,-0.5814874329063536,0.17831476589195666,False,25,25,True
Chronological minus DOI-grouped on identical future records,FF,percentage point,B-site pattern,Pb+Sn,chronological - DOI-grouped,mean_feature_OOD_percentile,0.07469995750602021,0.041935878035980374,0.11187896824296993,True,25,25,True
Chronological minus DOI-grouped on identical future records,FF,percentage point,B-site pattern,Pb+Sn,chronological - DOI-grouped,high_feature_OOD_fraction,0.12444444444444444,0.005840643274853802,0.2778333333333333,True,25,25,True
Chronological minus DOI-grouped on identical future records,FF,percentage point,B-site pattern,Pb+Sn,chronological - DOI-grouped,coverage_90,0.064888888888889,-0.027084027777777683,0.18232374698067627,False,25,25,True
Chronological minus DOI-grouped on identical future records,FF,percentage point,B-site pattern,Pb+Sn,chronological - DOI-grouped,interval_90_mean_width,-1.0356595429046749,-3.81840417813774,1.3265266631838446,False,25,25,True
Chronological minus DOI-grouped on identical future records,FF,percentage point,B-site pattern,Other/unknown,chronological - DOI-grouped,MAE,-0.9410841833087336,-2.1147849916832353,0.24316729912555415,False,25,25,True
Chronological minus DOI-grouped on identical future records,FF,percentage point,B-site pattern,Other/unknown,chronological - DOI-grouped,bias,-0.16176447083988899,-1.5267232160941115,1.179234357787495,False,25,25,True
Chronological minus DOI-grouped on identical future records,FF,percentage point,B-site pattern,Other/unknown,chronological - DOI-grouped,RMSE,-0.6514425961069854,-1.9685195410338585,0.6513182273090238,False,25,25,True
Chronological minus DOI-grouped on identical future records,FF,percentage point,B-site pattern,Other/unknown,chronological - DOI-grouped,R2,0.08342280506634225,-0.09978835201641414,0.2828826009200346,False,25,25,True
Chronological minus DOI-grouped on identical future records,FF,percentage point,B-site pattern,Other/unknown,chronological - DOI-grouped,mean_feature_OOD_percentile,0.03559144604621145,-0.006607192074769991,0.09215760784950086,False,25,25,True
Chronological minus DOI-grouped on identical future records,FF,percentage point,B-site pattern,Other/unknown,chronological - DOI-grouped,high_feature_OOD_fraction,0.13333333333333341,-0.029509803921568628,0.3148467432950191,False,25,25,True
Chronological minus DOI-grouped on identical future records,FF,percentage point,B-site pattern,Other/unknown,chronological - DOI-grouped,coverage_90,-0.024444444444444602,-0.09793650793650796,0.055615942028985475,False,25,25,True
Chronological minus DOI-grouped on identical future records,FF,percentage point,B-site pattern,Other/unknown,chronological - DOI-grouped,interval_90_mean_width,-4.741238524468045,-7.830431853824314,-1.2600907679929885,True,25,25,True
Chronological minus DOI-grouped on identical future records,FF,percentage point,A x B domain,Cs (no FA/MA) / Other/unknown,chronological - DOI-grouped,MAE,-0.7967328533564366,-2.505190541011311,0.9003370259321352,False,12,12,False
Chronological minus DOI-grouped on identical future records,FF,percentage point,A x B domain,Cs (no FA/MA) / Other/unknown,chronological - DOI-grouped,bias,1.6031430676521004,-0.3828881278189692,3.44699645647028,False,12,12,False
Chronological minus DOI-grouped on identical future records,FF,percentage point,A x B domain,Cs (no FA/MA) / Other/unknown,chronological - DOI-grouped,RMSE,-0.8276194087310937,-2.707306965549303,1.2283892560801948,False,12,12,False
Chronological minus DOI-grouped on identical future records,FF,percentage point,A x B domain,Cs (no FA/MA) / Other/unknown,chronological - DOI-grouped,R2,0.1039567007149742,-0.1824142590868171,0.42878844831478385,False,12,12,False
Chronological minus DOI-grouped on identical future records,FF,percentage point,A x B domain,Cs (no FA/MA) / Other/unknown,chronological - DOI-grouped,mean_feature_OOD_percentile,0.09693207105442425,0.016639677649072218,0.2019284018573247,True,12,12,False
Chronological minus DOI-grouped on identical future records,FF,percentage point,A x B domain,Cs (no FA/MA) / Other/unknown,chronological - DOI-grouped,high_feature_OOD_fraction,0.375,0.128125,0.6875,True,12,12,False
Chronological minus DOI-grouped on identical future records,FF,percentage point,A x B domain,Cs (no FA/MA) / Other/unknown,chronological - DOI-grouped,coverage_90,-0.05555555555555558,-0.2857142857142857,0.1428571428571428,False,12,12,False
Chronological minus DOI-grouped on identical future records,FF,percentage point,A x B domain,Cs (no FA/MA) / Other/unknown,chronological - DOI-grouped,interval_90_mean_width,-6.652435774121372,-11.127559722087174,-2.137177256290184,True,12,12,False
Chronological minus DOI-grouped on identical future records,FF,percentage point,A x B domain,Cs (no FA/MA) / Pb (no Sn),chronological - DOI-grouped,MAE,2.2557191667319607,1.7369150059825302,2.8163174150648898,True,159,159,True
Chronological minus DOI-grouped on identical future records,FF,percentage point,A x B domain,Cs (no FA/MA) / Pb (no Sn),chronological - DOI-grouped,bias,-3.6915139353473343,-4.23945206312157,-3.1646517318607663,True,159,159,True
Chronological minus DOI-grouped on identical future records,FF,percentage point,A x B domain,Cs (no FA/MA) / Pb (no Sn),chronological - DOI-grouped,RMSE,1.948936878458131,1.3761439936143698,2.5273219046165347,True,159,159,True
Chronological minus DOI-grouped on identical future records,FF,percentage point,A x B domain,Cs (no FA/MA) / Pb (no Sn),chronological - DOI-grouped,R2,-0.4098406159361484,-0.6036419891751159,-0.259204809188631,True,159,159,True
Chronological minus DOI-grouped on identical future records,FF,percentage point,A x B domain,Cs (no FA/MA) / Pb (no Sn),chronological - DOI-grouped,mean_feature_OOD_percentile,0.04452113340939168,0.032464737484485945,0.05673232629161674,True,159,159,True
Chronological minus DOI-grouped on identical future records,FF,percentage point,A x B domain,Cs (no FA/MA) / Pb (no Sn),chronological - DOI-grouped,high_feature_OOD_fraction,0.19319369522548796,0.13546451830287215,0.2558854215702063,True,159,159,True
Chronological minus DOI-grouped on identical future records,FF,percentage point,A x B domain,Cs (no FA/MA) / Pb (no Sn),chronological - DOI-grouped,coverage_90,0.007623217001685334,-0.015979198483508858,0.029562367325847657,False,159,159,True
Chronological minus DOI-grouped on identical future records,FF,percentage point,A x B domain,Cs (no FA/MA) / Pb (no Sn),chronological - DOI-grouped,interval_90_mean_width,4.767467146699815,3.72888757594275,5.996082649253765,True,159,159,True
Chronological minus DOI-grouped on identical future records,FF,percentage point,A x B domain,Cs (no FA/MA) / Pb+Sn,chronological - DOI-grouped,MAE,-0.14661069011594208,-0.14661069011594208,-0.14661069011594208,True,1,1,False
Chronological minus DOI-grouped on identical future records,FF,percentage point,A x B domain,Cs (no FA/MA) / Pb+Sn,chronological - DOI-grouped,bias,-4.783977376062488,-4.783977376062488,-4.783977376062488,True,1,1,False
Chronological minus DOI-grouped on identical future records,FF,percentage point,A x B domain,Cs (no FA/MA) / Pb+Sn,chronological - DOI-grouped,RMSE,0.07334192192928146,0.07334192192928146,0.07334192192928146,True,1,1,False
Chronological minus DOI-grouped on identical future records,FF,percentage point,A x B domain,Cs (no FA/MA) / Pb+Sn,chronological - DOI-grouped,R2,-0.04935206072305309,-0.04935206072305309,-0.04935206072305309,True,1,1,False
Chronological minus DOI-grouped on identical future records,FF,percentage point,A x B domain,Cs (no FA/MA) / Pb+Sn,chronological - DOI-grouped,mean_feature_OOD_percentile,0.011549503434041264,0.011549503434041264,0.011549503434041375,True,1,1,False
Chronological minus DOI-grouped on identical future records,FF,percentage point,A x B domain,Cs (no FA/MA) / Pb+Sn,chronological - DOI-grouped,high_feature_OOD_fraction,0.0,0.0,0.0,False,1,1,False
Chronological minus DOI-grouped on identical future records,FF,percentage point,A x B domain,Cs (no FA/MA) / Pb+Sn,chronological - DOI-grouped,coverage_90,0.0,0.0,0.0,False,1,1,False
Chronological minus DOI-grouped on identical future records,FF,percentage point,A x B domain,Cs (no FA/MA) / Pb+Sn,chronological - DOI-grouped,interval_90_mean_width,-0.864893175822516,-0.864893175822516,-0.864893175822516,True,1,1,False
Chronological minus DOI-grouped on identical future records,FF,percentage point,A x B domain,Cs (no FA/MA) / Sn (no Pb),chronological - DOI-grouped,MAE,0.8178200296812541,0.02781368468883727,1.607826374673671,True,2,2,False
Chronological minus DOI-grouped on identical future records,FF,percentage point,A x B domain,Cs (no FA/MA) / Sn (no Pb),chronological - DOI-grouped,bias,2.6667681471300675,0.02781368468883727,5.305722609571298,True,2,2,False
Chronological minus DOI-grouped on identical future records,FF,percentage point,A x B domain,Cs (no FA/MA) / Sn (no Pb),chronological - DOI-grouped,RMSE,0.5851056755972266,0.14884167394621883,2.879133610254395,True,2,2,False
Chronological minus DOI-grouped on identical future records,FF,percentage point,A x B domain,Cs (no FA/MA) / Sn (no Pb),chronological - DOI-grouped,R2,-0.09509637059517506,-1.311746989368357,-0.027037836903241352,True,2,2,False
Chronological minus DOI-grouped on identical future records,FF,percentage point,A x B domain,Cs (no FA/MA) / Sn (no Pb),chronological - DOI-grouped,mean_feature_OOD_percentile,0.008431461253454398,-0.0018518011506378773,0.018714723657546894,False,2,2,False
Chronological minus DOI-grouped on identical future records,FF,percentage point,A x B domain,Cs (no FA/MA) / Sn (no Pb),chronological - DOI-grouped,high_feature_OOD_fraction,0.0,0.0,0.0,False,2,2,False
Chronological minus DOI-grouped on identical future records,FF,percentage point,A x B domain,Cs (no FA/MA) / Sn (no Pb),chronological - DOI-grouped,coverage_90,0.0,0.0,0.0,False,2,2,False
Chronological minus DOI-grouped on identical future records,FF,percentage point,A x B domain,Cs (no FA/MA) / Sn (no Pb),chronological - DOI-grouped,interval_90_mean_width,-6.028623435124047,-14.839489115451045,2.7822422452029585,False,2,2,False
Chronological minus DOI-grouped on identical future records,FF,percentage point,A x B domain,FA (no MA/Cs) / Pb (no Sn),chronological - DOI-grouped,MAE,0.1543656989797597,-0.542640589733852,0.8323959279495236,False,41,41,True
Chronological minus DOI-grouped on identical future records,FF,percentage point,A x B domain,FA (no MA/Cs) / Pb (no Sn),chronological - DOI-grouped,bias,-1.3434579303770637,-2.009523490890338,-0.6805297227217996,True,41,41,True
Chronological minus DOI-grouped on identical future records,FF,percentage point,A x B domain,FA (no MA/Cs) / Pb (no Sn),chronological - DOI-grouped,RMSE,0.11380829584980745,-0.4479377012183736,0.6544671282823026,False,41,41,True
Chronological minus DOI-grouped on identical future records,FF,percentage point,A x B domain,FA (no MA/Cs) / Pb (no Sn),chronological - DOI-grouped,R2,-0.02186704286910157,-0.14716017109563434,0.08777186102092017,False,41,41,True
Chronological minus DOI-grouped on identical future records,FF,percentage point,A x B domain,FA (no MA/Cs) / Pb (no Sn),chronological - DOI-grouped,mean_feature_OOD_percentile,0.033359832734851214,-0.0031299578173721557,0.06980706107762058,False,41,41,True
Chronological minus DOI-grouped on identical future records,FF,percentage point,A x B domain,FA (no MA/Cs) / Pb (no Sn),chronological - DOI-grouped,high_feature_OOD_fraction,-0.008130081300812997,-0.06099107458465889,0.033333333333333326,False,41,41,True
Chronological minus DOI-grouped on identical future records,FF,percentage point,A x B domain,FA (no MA/Cs) / Pb (no Sn),chronological - DOI-grouped,coverage_90,-0.05650406504065031,-0.11628378378378393,-0.009750290360046368,True,41,41,True
Chronological minus DOI-grouped on identical future records,FF,percentage point,A x B domain,FA (no MA/Cs) / Pb (no Sn),chronological - DOI-grouped,interval_90_mean_width,-1.4551885119744696,-3.104505454405971,0.10041700551209985,False,41,41,True
Chronological minus DOI-grouped on identical future records,FF,percentage point,A x B domain,FA (no MA/Cs) / Pb+Sn,chronological - DOI-grouped,MAE,0.9510841015464422,0.9510841015464422,0.9510841015464422,True,1,1,False
Chronological minus DOI-grouped on identical future records,FF,percentage point,A x B domain,FA (no MA/Cs) / Pb+Sn,chronological - DOI-grouped,bias,-0.9510841015464422,-0.9510841015464422,-0.9510841015464422,True,1,1,False
Chronological minus DOI-grouped on identical future records,FF,percentage point,A x B domain,FA (no MA/Cs) / Pb+Sn,chronological - DOI-grouped,RMSE,0.9510841015464422,0.9510841015464422,0.9510841015464422,True,1,1,False
Chronological minus DOI-grouped on identical future records,FF,percentage point,A x B domain,FA (no MA/Cs) / Pb+Sn,chronological - DOI-grouped,R2,,-33846436512841.188,-33846436512841.188,True,1,1,False
Chronological minus DOI-grouped on identical future records,FF,percentage point,A x B domain,FA (no MA/Cs) / Pb+Sn,chronological - DOI-grouped,mean_feature_OOD_percentile,-0.0015507743643952132,-0.0015507743643952132,-0.0015507743643952132,True,1,1,False
Chronological minus DOI-grouped on identical future records,FF,percentage point,A x B domain,FA (no MA/Cs) / Pb+Sn,chronological - DOI-grouped,high_feature_OOD_fraction,0.0,0.0,0.0,False,1,1,False
Chronological minus DOI-grouped on identical future records,FF,percentage point,A x B domain,FA (no MA/Cs) / Pb+Sn,chronological - DOI-grouped,coverage_90,0.0,0.0,0.0,False,1,1,False
Chronological minus DOI-grouped on identical future records,FF,percentage point,A x B domain,FA (no MA/Cs) / Pb+Sn,chronological - DOI-grouped,interval_90_mean_width,-10.978016331721264,-10.978016331721264,-10.978016331721264,True,1,1,False
Chronological minus DOI-grouped on identical future records,FF,percentage point,A x B domain,FA (no MA/Cs) / Sn (no Pb),chronological - DOI-grouped,MAE,0.9261415731049505,0.12011178413160264,1.8180494597738752,True,20,20,True
Chronological minus DOI-grouped on identical future records,FF,percentage point,A x B domain,FA (no MA/Cs) / Sn (no Pb),chronological - DOI-grouped,bias,-1.0763538329432336,-2.001771211001178,-0.12950640961074858,True,20,20,True
Chronological minus DOI-grouped on identical future records,FF,percentage point,A x B domain,FA (no MA/Cs) / Sn (no Pb),chronological - DOI-grouped,RMSE,0.7309334525972542,-0.367358592622378,1.9839442457453642,False,20,20,True
Chronological minus DOI-grouped on identical future records,FF,percentage point,A x B domain,FA (no MA/Cs) / Sn (no Pb),chronological - DOI-grouped,R2,-0.1599949446822505,-0.579329020578158,0.0741473474505555,False,20,20,True
Chronological minus DOI-grouped on identical future records,FF,percentage point,A x B domain,FA (no MA/Cs) / Sn (no Pb),chronological - DOI-grouped,mean_feature_OOD_percentile,0.010889088245470191,-0.0036399226609716783,0.02877081973857534,False,20,20,True
Chronological minus DOI-grouped on identical future records,FF,percentage point,A x B domain,FA (no MA/Cs) / Sn (no Pb),chronological - DOI-grouped,high_feature_OOD_fraction,0.08333333333333337,-0.04909620098039225,0.2436111111111111,False,20,20,True
Chronological minus DOI-grouped on identical future records,FF,percentage point,A x B domain,FA (no MA/Cs) / Sn (no Pb),chronological - DOI-grouped,coverage_90,-0.10416666666666674,-0.25,0.0,False,20,20,True
Chronological minus DOI-grouped on identical future records,FF,percentage point,A x B domain,FA (no MA/Cs) / Sn (no Pb),chronological - DOI-grouped,interval_90_mean_width,-2.8740630630524215,-5.521056793262709,-0.221317906433001,True,20,20,True
Chronological minus DOI-grouped on identical future records,FF,percentage point,A x B domain,FA+Cs / Pb (no Sn),chronological - DOI-grouped,MAE,0.7765082562512093,0.27531617223834653,1.2392624182598149,True,71,71,True
Chronological minus DOI-grouped on identical future records,FF,percentage point,A x B domain,FA+Cs / Pb (no Sn),chronological - DOI-grouped,bias,-1.1875704320988976,-1.6733932526963384,-0.7681867316213824,True,71,71,True
Chronological minus DOI-grouped on identical future records,FF,percentage point,A x B domain,FA+Cs / Pb (no Sn),chronological - DOI-grouped,RMSE,0.6389902938995089,0.11638306782002297,1.1238141236280634,True,71,71,True
Chronological minus DOI-grouped on identical future records,FF,percentage point,A x B domain,FA+Cs / Pb (no Sn),chronological - DOI-grouped,R2,-0.12593710050531381,-0.2797092819204933,-0.019796303156625183,True,71,71,True
Chronological minus DOI-grouped on identical future records,FF,percentage point,A x B domain,FA+Cs / Pb (no Sn),chronological - DOI-grouped,mean_feature_OOD_percentile,0.06100248655725582,0.038591553930356265,0.08353327316730776,True,71,71,True
Chronological minus DOI-grouped on identical future records,FF,percentage point,A x B domain,FA+Cs / Pb (no Sn),chronological - DOI-grouped,high_feature_OOD_fraction,0.07511737089201878,0.025114155251141575,0.13543037280701756,True,71,71,True
Chronological minus DOI-grouped on identical future records,FF,percentage point,A x B domain,FA+Cs / Pb (no Sn),chronological - DOI-grouped,coverage_90,-0.02361288945796003,-0.06398964571816142,0.009216738044863157,False,71,71,True
Chronological minus DOI-grouped on identical future records,FF,percentage point,A x B domain,FA+Cs / Pb (no Sn),chronological - DOI-grouped,interval_90_mean_width,-0.11489672926858319,-1.3023626690929178,1.0826730729424066,False,71,71,True
Chronological minus DOI-grouped on identical future records,FF,percentage point,A x B domain,FA+Cs / Pb+Sn,chronological - DOI-grouped,MAE,0.2199394969939874,0.2199394969939874,0.2199394969939874,True,1,1,False
Chronological minus DOI-grouped on identical future records,FF,percentage point,A x B domain,FA+Cs / Pb+Sn,chronological - DOI-grouped,bias,1.2889551054130852,1.2889551054130852,1.2889551054130852,True,1,1,False
Chronological minus DOI-grouped on identical future records,FF,percentage point,A x B domain,FA+Cs / Pb+Sn,chronological - DOI-grouped,RMSE,0.2781028457106882,0.2781028457106882,0.2781028457106882,True,1,1,False
Chronological minus DOI-grouped on identical future records,FF,percentage point,A x B domain,FA+Cs / Pb+Sn,chronological - DOI-grouped,R2,-0.20275366404443607,-0.20275366404443607,-0.20275366404443607,True,1,1,False
Chronological minus DOI-grouped on identical future records,FF,percentage point,A x B domain,FA+Cs / Pb+Sn,chronological - DOI-grouped,mean_feature_OOD_percentile,0.07686115948280858,0.07686115948280858,0.07686115948280858,True,1,1,False
Chronological minus DOI-grouped on identical future records,FF,percentage point,A x B domain,FA+Cs / Pb+Sn,chronological - DOI-grouped,high_feature_OOD_fraction,0.0,0.0,0.0,False,1,1,False
Chronological minus DOI-grouped on identical future records,FF,percentage point,A x B domain,FA+Cs / Pb+Sn,chronological - DOI-grouped,coverage_90,0.0,0.0,0.0,False,1,1,False
Chronological minus DOI-grouped on identical future records,FF,percentage point,A x B domain,FA+Cs / Pb+Sn,chronological - DOI-grouped,interval_90_mean_width,-7.099958512136279,-7.099958512136279,-7.099958512136279,True,1,1,False
Chronological minus DOI-grouped on identical future records,FF,percentage point,A x B domain,FA+MA / Pb (no Sn),chronological - DOI-grouped,MAE,0.38905468176749824,0.13263511043438392,0.6597698912558839,True,237,237,True
Chronological minus DOI-grouped on identical future records,FF,percentage point,A x B domain,FA+MA / Pb (no Sn),chronological - DOI-grouped,bias,-0.8336327292268588,-1.1656400696285385,-0.5026959936535403,True,237,237,True
Chronological minus DOI-grouped on identical future records,FF,percentage point,A x B domain,FA+MA / Pb (no Sn),chronological - DOI-grouped,RMSE,0.25609433011313776,0.000502645225359767,0.5107293446325502,True,237,237,True
Chronological minus DOI-grouped on identical future records,FF,percentage point,A x B domain,FA+MA / Pb (no Sn),chronological - DOI-grouped,R2,-0.05720793139217384,-0.12490863948080873,-0.00010408773238481242,True,237,237,True
Chronological minus DOI-grouped on identical future records,FF,percentage point,A x B domain,FA+MA / Pb (no Sn),chronological - DOI-grouped,mean_feature_OOD_percentile,0.0601153748062111,0.04212691898422164,0.07599894904874352,True,237,237,True
Chronological minus DOI-grouped on identical future records,FF,percentage point,A x B domain,FA+MA / Pb (no Sn),chronological - DOI-grouped,high_feature_OOD_fraction,0.030782508630609884,0.01221099719367397,0.050873055294483986,True,237,237,True
Chronological minus DOI-grouped on identical future records,FF,percentage point,A x B domain,FA+MA / Pb (no Sn),chronological - DOI-grouped,coverage_90,-0.0035740747766063174,-0.016128587768142726,0.01047183049650144,False,237,237,True
Chronological minus DOI-grouped on identical future records,FF,percentage point,A x B domain,FA+MA / Pb (no Sn),chronological - DOI-grouped,interval_90_mean_width,-0.44364141187612205,-1.2948403708838605,0.38397820720499565,False,237,237,True
Chronological minus DOI-grouped on identical future records,FF,percentage point,A x B domain,FA+MA / Pb+Sn,chronological - DOI-grouped,MAE,0.6264444343565092,-0.4536644173225653,1.6222514185275991,False,14,14,False
Chronological minus DOI-grouped on identical future records,FF,percentage point,A x B domain,FA+MA / Pb+Sn,chronological - DOI-grouped,bias,-1.720508748519154,-2.8010319593114237,-0.48591246854320336,True,14,14,False
Chronological minus DOI-grouped on identical future records,FF,percentage point,A x B domain,FA+MA / Pb+Sn,chronological - DOI-grouped,RMSE,0.9907197723787,-0.2282672903854658,1.8741196394327029,False,14,14,False
Chronological minus DOI-grouped on identical future records,FF,percentage point,A x B domain,FA+MA / Pb+Sn,chronological - DOI-grouped,R2,-0.4512337182958577,-1.4988017021531592,0.08129866722169903,False,14,14,False
Chronological minus DOI-grouped on identical future records,FF,percentage point,A x B domain,FA+MA / Pb+Sn,chronological - DOI-grouped,mean_feature_OOD_percentile,0.09132928768152915,0.03979648523543123,0.14753476868114435,True,14,14,False
Chronological minus DOI-grouped on identical future records,FF,percentage point,A x B domain,FA+MA / Pb+Sn,chronological - DOI-grouped,high_feature_OOD_fraction,0.07936507936507937,0.0,0.25013888888888874,False,14,14,False
Chronological minus DOI-grouped on identical future records,FF,percentage point,A x B domain,FA+MA / Pb+Sn,chronological - DOI-grouped,coverage_90,0.055158730158730185,-0.025000000000000022,0.14674428104575166,False,14,14,False
Chronological minus DOI-grouped on identical future records,FF,percentage point,A x B domain,FA+MA / Pb+Sn,chronological - DOI-grouped,interval_90_mean_width,-0.16235843276623285,-3.1527407425797342,2.2886546571101865,False,14,14,False
Chronological minus DOI-grouped on identical future records,FF,percentage point,A x B domain,FA+MA / Sn (no Pb),chronological - DOI-grouped,MAE,0.8760785645475213,-0.8469388889445204,2.937262433154388,False,5,5,False
Chronological minus DOI-grouped on identical future records,FF,percentage point,A x B domain,FA+MA / Sn (no Pb),chronological - DOI-grouped,bias,-1.3901834564330775,-3.414206231816965,1.068997794726097,False,5,5,False
Chronological minus DOI-grouped on identical future records,FF,percentage point,A x B domain,FA+MA / Sn (no Pb),chronological - DOI-grouped,RMSE,1.0596991277563674,-0.5383083286346991,2.7918929566304773,False,5,5,False
Chronological minus DOI-grouped on identical future records,FF,percentage point,A x B domain,FA+MA / Sn (no Pb),chronological - DOI-grouped,R2,-0.1808596204637254,-2.9518750463721295,0.0952885751488396,False,5,5,False
Chronological minus DOI-grouped on identical future records,FF,percentage point,A x B domain,FA+MA / Sn (no Pb),chronological - DOI-grouped,mean_feature_OOD_percentile,-0.002347611496628099,-0.03361281509937992,0.026099512915311193,False,5,5,False
Chronological minus DOI-grouped on identical future records,FF,percentage point,A x B domain,FA+MA / Sn (no Pb),chronological - DOI-grouped,high_feature_OOD_fraction,0.20000000000000007,0.0,0.6666666666666667,False,5,5,False
Chronological minus DOI-grouped on identical future records,FF,percentage point,A x B domain,FA+MA / Sn (no Pb),chronological - DOI-grouped,coverage_90,-0.17142857142857137,-0.6666666666666667,0.09523809523809512,False,5,5,False
Chronological minus DOI-grouped on identical future records,FF,percentage point,A x B domain,FA+MA / Sn (no Pb),chronological - DOI-grouped,interval_90_mean_width,-1.7965156136919944,-6.99987446185456,5.179358746544594,False,5,5,False
Chronological minus DOI-grouped on identical future records,FF,percentage point,A x B domain,FA+MA+Cs / Pb (no Sn),chronological - DOI-grouped,MAE,0.14170963000778514,-0.11028799886518625,0.4116002037823408,False,334,334,True
Chronological minus DOI-grouped on identical future records,FF,percentage point,A x B domain,FA+MA+Cs / Pb (no Sn),chronological - DOI-grouped,bias,-0.45726239788088296,-0.7483332727397422,-0.13409527610899266,True,334,334,True
Chronological minus DOI-grouped on identical future records,FF,percentage point,A x B domain,FA+MA+Cs / Pb (no Sn),chronological - DOI-grouped,RMSE,-0.02530926077036888,-0.32333151375404456,0.3086982088674283,False,334,334,True
Chronological minus DOI-grouped on identical future records,FF,percentage point,A x B domain,FA+MA+Cs / Pb (no Sn),chronological - DOI-grouped,R2,0.0049704628792953676,-0.06196031287978446,0.06126442460759325,False,334,334,True
Chronological minus DOI-grouped on identical future records,FF,percentage point,A x B domain,FA+MA+Cs / Pb (no Sn),chronological - DOI-grouped,mean_feature_OOD_percentile,0.08744353488198453,0.07366616085306718,0.10242522732895573,True,334,334,True
Chronological minus DOI-grouped on identical future records,FF,percentage point,A x B domain,FA+MA+Cs / Pb (no Sn),chronological - DOI-grouped,high_feature_OOD_fraction,0.057593426592193755,0.03380351570057452,0.08171474832763567,True,334,334,True
Chronological minus DOI-grouped on identical future records,FF,percentage point,A x B domain,FA+MA+Cs / Pb (no Sn),chronological - DOI-grouped,coverage_90,-0.0057032052034694525,-0.023338063924682004,0.009443287693895895,False,334,334,True
Chronological minus DOI-grouped on identical future records,FF,percentage point,A x B domain,FA+MA+Cs / Pb (no Sn),chronological - DOI-grouped,interval_90_mean_width,-0.7888459162776904,-1.5133860123234473,-0.10037749675569006,True,334,334,True
Chronological minus DOI-grouped on identical future records,FF,percentage point,A x B domain,FA+MA+Cs / Pb+Sn,chronological - DOI-grouped,MAE,-0.24716482490210012,-2.7278819445561635,2.0679296665242375,False,8,8,False
Chronological minus DOI-grouped on identical future records,FF,percentage point,A x B domain,FA+MA+Cs / Pb+Sn,chronological - DOI-grouped,bias,-2.54942375640453,-5.173630296510235,0.5725807570497459,False,8,8,False
Chronological minus DOI-grouped on identical future records,FF,percentage point,A x B domain,FA+MA+Cs / Pb+Sn,chronological - DOI-grouped,RMSE,-0.3756373922942622,-2.9200646604961347,2.021893968289755,False,8,8,False
Chronological minus DOI-grouped on identical future records,FF,percentage point,A x B domain,FA+MA+Cs / Pb+Sn,chronological - DOI-grouped,R2,0.11061629899394942,-2.7732101039697614,1.5303790687082492,False,8,8,False
Chronological minus DOI-grouped on identical future records,FF,percentage point,A x B domain,FA+MA+Cs / Pb+Sn,chronological - DOI-grouped,mean_feature_OOD_percentile,0.0642500654802467,0.022159429439175482,0.1436286956681115,True,8,8,False
Chronological minus DOI-grouped on identical future records,FF,percentage point,A x B domain,FA+MA+Cs / Pb+Sn,chronological - DOI-grouped,high_feature_OOD_fraction,0.125,0.0,0.4285714285714286,False,8,8,False
Chronological minus DOI-grouped on identical future records,FF,percentage point,A x B domain,FA+MA+Cs / Pb+Sn,chronological - DOI-grouped,coverage_90,0.10624999999999996,-0.1333333333333333,0.44999999999999996,False,8,8,False
Chronological minus DOI-grouped on identical future records,FF,percentage point,A x B domain,FA+MA+Cs / Pb+Sn,chronological - DOI-grouped,interval_90_mean_width,1.0655616799689938,-3.7517549268066626,6.121644660632505,False,8,8,False
Chronological minus DOI-grouped on identical future records,FF,percentage point,A x B domain,MA (no FA/Cs) / Other/unknown,chronological - DOI-grouped,MAE,-0.7525409406354608,-3.5348431562918265,1.7639655891981156,False,8,8,False
Chronological minus DOI-grouped on identical future records,FF,percentage point,A x B domain,MA (no FA/Cs) / Other/unknown,chronological - DOI-grouped,bias,-0.747604518795965,-3.337867426921062,1.6530892704072895,False,8,8,False
Chronological minus DOI-grouped on identical future records,FF,percentage point,A x B domain,MA (no FA/Cs) / Other/unknown,chronological - DOI-grouped,RMSE,-0.014807702742587026,-4.119432170351297,2.5745668750525956,False,8,8,False
Chronological minus DOI-grouped on identical future records,FF,percentage point,A x B domain,MA (no FA/Cs) / Other/unknown,chronological - DOI-grouped,R2,0.004447300199025728,-0.7919208260769918,4.358921994638062,False,8,8,False
Chronological minus DOI-grouped on identical future records,FF,percentage point,A x B domain,MA (no FA/Cs) / Other/unknown,chronological - DOI-grouped,mean_feature_OOD_percentile,0.0011474250944831788,-0.021183883934332227,0.03167963568431519,False,8,8,False
Chronological minus DOI-grouped on identical future records,FF,percentage point,A x B domain,MA (no FA/Cs) / Other/unknown,chronological - DOI-grouped,high_feature_OOD_fraction,0.0,0.0,0.0,False,8,8,False
Chronological minus DOI-grouped on identical future records,FF,percentage point,A x B domain,MA (no FA/Cs) / Other/unknown,chronological - DOI-grouped,coverage_90,0.0,0.0,0.0,False,8,8,False
Chronological minus DOI-grouped on identical future records,FF,percentage point,A x B domain,MA (no FA/Cs) / Other/unknown,chronological - DOI-grouped,interval_90_mean_width,-2.935576509072419,-8.73192435368662,2.9293107585066167,False,8,8,False
Chronological minus DOI-grouped on identical future records,FF,percentage point,A x B domain,MA (no FA/Cs) / Pb (no Sn),chronological - DOI-grouped,MAE,0.3188360090528404,0.18780760706275543,0.46955227840038166,True,915,915,True
Chronological minus DOI-grouped on identical future records,FF,percentage point,A x B domain,MA (no FA/Cs) / Pb (no Sn),chronological - DOI-grouped,bias,-0.4539556565913636,-0.636541696679798,-0.28018157739564664,True,915,915,True
Chronological minus DOI-grouped on identical future records,FF,percentage point,A x B domain,MA (no FA/Cs) / Pb (no Sn),chronological - DOI-grouped,RMSE,0.22569476483837647,0.07536130756532149,0.3841569300352856,True,915,915,True
Chronological minus DOI-grouped on identical future records,FF,percentage point,A x B domain,MA (no FA/Cs) / Pb (no Sn),chronological - DOI-grouped,R2,-0.03591218198080748,-0.06078449136833876,-0.012209485696147663,True,915,915,True
Chronological minus DOI-grouped on identical future records,FF,percentage point,A x B domain,MA (no FA/Cs) / Pb (no Sn),chronological - DOI-grouped,mean_feature_OOD_percentile,0.01833781110132393,0.010987206792695428,0.025463056263600233,True,915,915,True
Chronological minus DOI-grouped on identical future records,FF,percentage point,A x B domain,MA (no FA/Cs) / Pb (no Sn),chronological - DOI-grouped,high_feature_OOD_fraction,0.034043370108943885,0.021896384322396736,0.04721722714671513,True,915,915,True
Chronological minus DOI-grouped on identical future records,FF,percentage point,A x B domain,MA (no FA/Cs) / Pb (no Sn),chronological - DOI-grouped,coverage_90,-0.0194631194070366,-0.027697379180430512,-0.011097271088529419,True,915,915,True
Chronological minus DOI-grouped on identical future records,FF,percentage point,A x B domain,MA (no FA/Cs) / Pb (no Sn),chronological - DOI-grouped,interval_90_mean_width,-1.6058155596967119,-1.9791945287722528,-1.1959683926632552,True,915,915,True
Chronological minus DOI-grouped on identical future records,FF,percentage point,A x B domain,MA (no FA/Cs) / Pb+Sn,chronological - DOI-grouped,MAE,-0.012628346047704575,-0.04091930862623272,0.01566261653082268,False,2,2,False
Chronological minus DOI-grouped on identical future records,FF,percentage point,A x B domain,MA (no FA/Cs) / Pb+Sn,chronological - DOI-grouped,bias,0.7997060880274618,0.4757356967682276,1.1236764792866958,True,2,2,False
Chronological minus DOI-grouped on identical future records,FF,percentage point,A x B domain,MA (no FA/Cs) / Pb+Sn,chronological - DOI-grouped,RMSE,0.3172092297303184,0.15147845944580673,0.7061911756446273,True,2,2,False
Chronological minus DOI-grouped on identical future records,FF,percentage point,A x B domain,MA (no FA/Cs) / Pb+Sn,chronological - DOI-grouped,R2,-0.07215095832815566,-0.3218036584773516,-0.027202784988088036,True,2,2,False
Chronological minus DOI-grouped on identical future records,FF,percentage point,A x B domain,MA (no FA/Cs) / Pb+Sn,chronological - DOI-grouped,mean_feature_OOD_percentile,0.06682537738818617,0.053503707075169826,0.08014704770120262,True,2,2,False
Chronological minus DOI-grouped on identical future records,FF,percentage point,A x B domain,MA (no FA/Cs) / Pb+Sn,chronological - DOI-grouped,high_feature_OOD_fraction,0.5,0.0,1.0,False,2,2,False
Chronological minus DOI-grouped on identical future records,FF,percentage point,A x B domain,MA (no FA/Cs) / Pb+Sn,chronological - DOI-grouped,coverage_90,0.0,0.0,0.0,False,2,2,False
Chronological minus DOI-grouped on identical future records,FF,percentage point,A x B domain,MA (no FA/Cs) / Pb+Sn,chronological - DOI-grouped,interval_90_mean_width,-5.370788285784542,-11.703925217722446,0.9623486461533588,False,2,2,False
Chronological minus DOI-grouped on identical future records,FF,percentage point,A x B domain,MA (no FA/Cs) / Sn (no Pb),chronological - DOI-grouped,MAE,-2.244557992361388,-4.726221137188835,-0.30414019922088187,True,5,5,False
Chronological minus DOI-grouped on identical future records,FF,percentage point,A x B domain,MA (no FA/Cs) / Sn (no Pb),chronological - DOI-grouped,bias,-2.803452023297266,-5.579233105307137,-0.42214549374734034,True,5,5,False
Chronological minus DOI-grouped on identical future records,FF,percentage point,A x B domain,MA (no FA/Cs) / Sn (no Pb),chronological - DOI-grouped,RMSE,-2.4211470932308234,-4.561013581622022,-0.2963161729961552,True,5,5,False
Chronological minus DOI-grouped on identical future records,FF,percentage point,A x B domain,MA (no FA/Cs) / Sn (no Pb),chronological - DOI-grouped,R2,0.42406678965391287,0.12240962911169309,5.73408297365384,True,5,5,False
Chronological minus DOI-grouped on identical future records,FF,percentage point,A x B domain,MA (no FA/Cs) / Sn (no Pb),chronological - DOI-grouped,mean_feature_OOD_percentile,-0.01624899860255158,-0.053170719373810044,0.011718553423558098,False,5,5,False
Chronological minus DOI-grouped on identical future records,FF,percentage point,A x B domain,MA (no FA/Cs) / Sn (no Pb),chronological - DOI-grouped,high_feature_OOD_fraction,0.013333333333333253,0.0,0.044444444444444446,False,5,5,False
Chronological minus DOI-grouped on identical future records,FF,percentage point,A x B domain,MA (no FA/Cs) / Sn (no Pb),chronological - DOI-grouped,coverage_90,0.013333333333333308,0.0,0.0444444444444444,False,5,5,False
Chronological minus DOI-grouped on identical future records,FF,percentage point,A x B domain,MA (no FA/Cs) / Sn (no Pb),chronological - DOI-grouped,interval_90_mean_width,-3.133174532305226,-11.486440735050216,4.566269604190975,False,5,5,False
Chronological minus DOI-grouped on identical future records,FF,percentage point,A x B domain,MA+Cs / Pb (no Sn),chronological - DOI-grouped,MAE,0.9482056513137511,-0.5028167689035011,2.253148504482462,False,15,15,False
Chronological minus DOI-grouped on identical future records,FF,percentage point,A x B domain,MA+Cs / Pb (no Sn),chronological - DOI-grouped,bias,-0.43250426534194997,-2.015787484748804,1.054798659901603,False,15,15,False
Chronological minus DOI-grouped on identical future records,FF,percentage point,A x B domain,MA+Cs / Pb (no Sn),chronological - DOI-grouped,RMSE,0.6236110607338077,-0.707126567954271,1.7149895709162033,False,15,15,False
Chronological minus DOI-grouped on identical future records,FF,percentage point,A x B domain,MA+Cs / Pb (no Sn),chronological - DOI-grouped,R2,-0.1431254178835102,-0.6134205723311675,0.22115414676060893,False,15,15,False
Chronological minus DOI-grouped on identical future records,FF,percentage point,A x B domain,MA+Cs / Pb (no Sn),chronological - DOI-grouped,mean_feature_OOD_percentile,0.06808611892701888,0.03836121129011563,0.1013365684410013,True,15,15,False
Chronological minus DOI-grouped on identical future records,FF,percentage point,A x B domain,MA+Cs / Pb (no Sn),chronological - DOI-grouped,high_feature_OOD_fraction,0.0,-0.2,0.2,False,15,15,False
Chronological minus DOI-grouped on identical future records,FF,percentage point,A x B domain,MA+Cs / Pb (no Sn),chronological - DOI-grouped,coverage_90,0.0,0.0,0.0,False,15,15,False
Chronological minus DOI-grouped on identical future records,FF,percentage point,A x B domain,MA+Cs / Pb (no Sn),chronological - DOI-grouped,interval_90_mean_width,-2.709530158512571,-5.245123556581061,-0.16615438123648593,True,15,15,False
Chronological minus DOI-grouped on identical future records,FF,percentage point,A x B domain,Other/unknown / Other/unknown,chronological - DOI-grouped,MAE,-1.2855691174691284,-3.6125117894498677,0.7366308445064028,False,7,7,False
Chronological minus DOI-grouped on identical future records,FF,percentage point,A x B domain,Other/unknown / Other/unknown,chronological - DOI-grouped,bias,-2.642340261679369,-4.528119606081762,-0.8639096955309992,True,7,7,False
Chronological minus DOI-grouped on identical future records,FF,percentage point,A x B domain,Other/unknown / Other/unknown,chronological - DOI-grouped,RMSE,-0.6097057084401953,-3.0386350225698644,0.8249981881042069,False,7,7,False
Chronological minus DOI-grouped on identical future records,FF,percentage point,A x B domain,Other/unknown / Other/unknown,chronological - DOI-grouped,R2,0.05745192459829118,-0.10966519833267227,1.1834330352447693,False,7,7,False
Chronological minus DOI-grouped on identical future records,FF,percentage point,A x B domain,Other/unknown / Other/unknown,chronological - DOI-grouped,mean_feature_OOD_percentile,-0.030451614636042734,-0.09026495556571586,0.00029998302133622546,False,7,7,False
Chronological minus DOI-grouped on identical future records,FF,percentage point,A x B domain,Other/unknown / Other/unknown,chronological - DOI-grouped,high_feature_OOD_fraction,-0.1428571428571429,-0.43015873015873013,0.0,False,7,7,False
Chronological minus DOI-grouped on identical future records,FF,percentage point,A x B domain,Other/unknown / Other/unknown,chronological - DOI-grouped,coverage_90,-0.0634920634920636,-0.16666666666666663,0.0,False,7,7,False
Chronological minus DOI-grouped on identical future records,FF,percentage point,A x B domain,Other/unknown / Other/unknown,chronological - DOI-grouped,interval_90_mean_width,-6.020153292546674,-13.329137207525221,1.4787033633454698,False,7,7,False
Chronological minus DOI-grouped on identical future records,FF,percentage point,A x B domain,Other/unknown / Pb (no Sn),chronological - DOI-grouped,MAE,1.112465393814901,-0.8804447334729223,2.9537456923215704,False,14,14,False
Chronological minus DOI-grouped on identical future records,FF,percentage point,A x B domain,Other/unknown / Pb (no Sn),chronological - DOI-grouped,bias,0.9725065478283845,-1.1922558863649821,3.046713914653936,False,14,14,False
Chronological minus DOI-grouped on identical future records,FF,percentage point,A x B domain,Other/unknown / Pb (no Sn),chronological - DOI-grouped,RMSE,1.488623471549614,-0.5705236147502555,3.0745452763896615,False,14,14,False
Chronological minus DOI-grouped on identical future records,FF,percentage point,A x B domain,Other/unknown / Pb (no Sn),chronological - DOI-grouped,R2,-0.20981340946867522,-0.6167025263279378,0.08158903053400009,False,14,14,False
Chronological minus DOI-grouped on identical future records,FF,percentage point,A x B domain,Other/unknown / Pb (no Sn),chronological - DOI-grouped,mean_feature_OOD_percentile,0.046662655080264126,-3.523251724031057e-05,0.1043506054160293,False,14,14,False
Chronological minus DOI-grouped on identical future records,FF,percentage point,A x B domain,Other/unknown / Pb (no Sn),chronological - DOI-grouped,high_feature_OOD_fraction,0.16666666666666663,-0.030378787878787953,0.3999999999999999,False,14,14,False
Chronological minus DOI-grouped on identical future records,FF,percentage point,A x B domain,Other/unknown / Pb (no Sn),chronological - DOI-grouped,coverage_90,-0.029100529100529182,-0.08333333333333326,0.0,False,14,14,False
Chronological minus DOI-grouped on identical future records,FF,percentage point,A x B domain,Other/unknown / Pb (no Sn),chronological - DOI-grouped,interval_90_mean_width,-3.3774081612511537,-5.654506954786044,-1.155254775243335,True,14,14,False
Chronological minus DOI-grouped on identical future records,FF,percentage point,A x B domain,Other/unknown / Sn (no Pb),chronological - DOI-grouped,MAE,-1.2596381434027766,-4.98201926648202,0.4646757152666794,False,4,4,False
Chronological minus DOI-grouped on identical future records,FF,percentage point,A x B domain,Other/unknown / Sn (no Pb),chronological - DOI-grouped,bias,-0.9980032057248698,-4.98201926648202,0.5652411301965318,False,4,4,False
Chronological minus DOI-grouped on identical future records,FF,percentage point,A x B domain,Other/unknown / Sn (no Pb),chronological - DOI-grouped,RMSE,-1.2647099381266145,-4.98201926648202,1.1894141840343995,False,4,4,False
Chronological minus DOI-grouped on identical future records,FF,percentage point,A x B domain,Other/unknown / Sn (no Pb),chronological - DOI-grouped,R2,0.18228267390805408,-0.8379628027308677,3.0723913565550474,False,4,4,False
Chronological minus DOI-grouped on identical future records,FF,percentage point,A x B domain,Other/unknown / Sn (no Pb),chronological - DOI-grouped,mean_feature_OOD_percentile,-0.003057506635313345,-0.008879303171792863,0.0037526486268877335,False,4,4,False
Chronological minus DOI-grouped on identical future records,FF,percentage point,A x B domain,Other/unknown / Sn (no Pb),chronological - DOI-grouped,high_feature_OOD_fraction,0.0,0.0,0.0,False,4,4,False
Chronological minus DOI-grouped on identical future records,FF,percentage point,A x B domain,Other/unknown / Sn (no Pb),chronological - DOI-grouped,coverage_90,0.25,0.0,1.0,False,4,4,False
Chronological minus DOI-grouped on identical future records,FF,percentage point,A x B domain,Other/unknown / Sn (no Pb),chronological - DOI-grouped,interval_90_mean_width,-4.301175946508259,-10.037359191109681,1.299703561256905,False,4,4,False
Chronological minus DOI-grouped on identical future records,FF,percentage point,FA presence,FA absent,chronological - DOI-grouped,MAE,0.5593747831937197,0.41737031711434885,0.7117662968426341,True,1124,1124,True
Chronological minus DOI-grouped on identical future records,FF,percentage point,FA presence,FA absent,chronological - DOI-grouped,bias,-0.9029684313975966,-1.0753826455603956,-0.7204740841484913,True,1124,1124,True
Chronological minus DOI-grouped on identical future records,FF,percentage point,FA presence,FA absent,chronological - DOI-grouped,RMSE,0.43034429431837395,0.2785025368569693,0.5853255997260218,True,1124,1124,True
Chronological minus DOI-grouped on identical future records,FF,percentage point,FA presence,FA absent,chronological - DOI-grouped,R2,-0.06334246223480222,-0.08749389733864454,-0.041398133769457036,True,1124,1124,True
Chronological minus DOI-grouped on identical future records,FF,percentage point,FA presence,FA absent,chronological - DOI-grouped,mean_feature_OOD_percentile,0.02301596619170687,0.016709364329967967,0.02916494185028876,True,1124,1124,True
Chronological minus DOI-grouped on identical future records,FF,percentage point,FA presence,FA absent,chronological - DOI-grouped,high_feature_OOD_fraction,0.05881699046484894,0.045200550607096074,0.07314163190992527,True,1124,1124,True
Chronological minus DOI-grouped on identical future records,FF,percentage point,FA presence,FA absent,chronological - DOI-grouped,coverage_90,-0.014722877763365227,-0.02212119598990372,-0.0069052641125278875,True,1124,1124,True
Chronological minus DOI-grouped on identical future records,FF,percentage point,FA presence,FA absent,chronological - DOI-grouped,interval_90_mean_width,-0.8372353033944187,-1.2234962753407077,-0.41665142797994403,True,1124,1124,True
Chronological minus DOI-grouped on identical future records,FF,percentage point,FA presence,FA present,chronological - DOI-grouped,MAE,0.29839978597212014,0.1360971448131773,0.4674539338274378,True,685,685,True
Chronological minus DOI-grouped on identical future records,FF,percentage point,FA presence,FA present,chronological - DOI-grouped,bias,-0.774210348534669,-0.9798655012628572,-0.5688829236027155,True,685,685,True
Chronological minus DOI-grouped on identical future records,FF,percentage point,FA presence,FA present,chronological - DOI-grouped,RMSE,0.15012920254805273,-0.026927107387784588,0.3488704384216101,False,685,685,True
Chronological minus DOI-grouped on identical future records,FF,percentage point,FA presence,FA present,chronological - DOI-grouped,R2,-0.029707529949926204,-0.07042180945109303,0.005137125729455292,False,685,685,True
Chronological minus DOI-grouped on identical future records,FF,percentage point,FA presence,FA present,chronological - DOI-grouped,mean_feature_OOD_percentile,0.06942898943819886,0.06047160042587486,0.07850981227956894,True,685,685,True
Chronological minus DOI-grouped on identical future records,FF,percentage point,FA presence,FA present,chronological - DOI-grouped,high_feature_OOD_fraction,0.050486490990999375,0.035827703758074834,0.0666962946516301,True,685,685,True
Chronological minus DOI-grouped on identical future records,FF,percentage point,FA presence,FA present,chronological - DOI-grouped,coverage_90,-0.011453291830063161,-0.02304036999116968,0.00026816018831276255,False,685,685,True
Chronological minus DOI-grouped on identical future records,FF,percentage point,FA presence,FA present,chronological - DOI-grouped,interval_90_mean_width,-0.6764319334928999,-1.152024715508299,-0.2168311403818929,True,685,685,True
Chronological minus DOI-grouped on identical future records,FF,percentage point,MA presence,MA absent,chronological - DOI-grouped,MAE,1.3198106404508119,0.9878437284891896,1.686720799168177,True,320,320,True
Chronological minus DOI-grouped on identical future records,FF,percentage point,MA presence,MA absent,chronological - DOI-grouped,bias,-2.2621114735365695,-2.648128284045727,-1.8764018354502792,True,320,320,True
Chronological minus DOI-grouped on identical future records,FF,percentage point,MA presence,MA absent,chronological - DOI-grouped,RMSE,1.0930457314493953,0.7142213576488211,1.4718622016153837,True,320,320,True
Chronological minus DOI-grouped on identical future records,FF,percentage point,MA presence,MA absent,chronological - DOI-grouped,R2,-0.1469067744835133,-0.2107487497803453,-0.09301243792430063,True,320,320,True
Chronological minus DOI-grouped on identical future records,FF,percentage point,MA presence,MA absent,chronological - DOI-grouped,mean_feature_OOD_percentile,0.045114833843236224,0.03504238125912291,0.05478022661042248,True,320,320,True
Chronological minus DOI-grouped on identical future records,FF,percentage point,MA presence,MA absent,chronological - DOI-grouped,high_feature_OOD_fraction,0.13007017824706385,0.09446016935701909,0.16723739661536757,True,320,320,True
Chronological minus DOI-grouped on identical future records,FF,percentage point,MA presence,MA absent,chronological - DOI-grouped,coverage_90,-0.014929333160031755,-0.034035011977808546,0.006882347518921418,False,320,320,True
Chronological minus DOI-grouped on identical future records,FF,percentage point,MA presence,MA absent,chronological - DOI-grouped,interval_90_mean_width,1.4022102479970613,0.6241811541376052,2.2065443386585013,True,320,320,True
Chronological minus DOI-grouped on identical future records,FF,percentage point,MA presence,MA present,chronological - DOI-grouped,MAE,0.29412223559235073,0.18345654162474317,0.40714925917962314,True,1460,1460,True
Chronological minus DOI-grouped on identical future records,FF,percentage point,MA presence,MA present,chronological - DOI-grouped,bias,-0.5591371004169576,-0.702646797697573,-0.42840807678759124,True,1460,1460,True
Chronological minus DOI-grouped on identical future records,FF,percentage point,MA presence,MA present,chronological - DOI-grouped,RMSE,0.1771516814732923,0.052555871677639754,0.300975858794397,True,1460,1460,True
Chronological minus DOI-grouped on identical future records,FF,percentage point,MA presence,MA present,chronological - DOI-grouped,R2,-0.02849210217764797,-0.04838516219216909,-0.008550676026770782,True,1460,1460,True
Chronological minus DOI-grouped on identical future records,FF,percentage point,MA presence,MA present,chronological - DOI-grouped,mean_feature_OOD_percentile,0.04028323390756061,0.03465815552036667,0.046226311920585975,True,1460,1460,True
Chronological minus DOI-grouped on identical future records,FF,percentage point,MA presence,MA present,chronological - DOI-grouped,high_feature_OOD_fraction,0.04028452644588823,0.029795750149285007,0.051596561719013556,True,1460,1460,True
Chronological minus DOI-grouped on identical future records,FF,percentage point,MA presence,MA present,chronological - DOI-grouped,coverage_90,-0.013723926057331748,-0.021080890328408534,-0.006970540685399962,True,1460,1460,True
Chronological minus DOI-grouped on identical future records,FF,percentage point,MA presence,MA present,chronological - DOI-grouped,interval_90_mean_width,-1.2363482187744097,-1.5700022335163162,-0.9254276095776117,True,1460,1460,True
Chronological minus DOI-grouped on identical future records,FF,percentage point,Cs presence,Cs absent,chronological - DOI-grouped,MAE,0.32877511383228963,0.2201500989092691,0.44837154502936905,True,1211,1211,True
Chronological minus DOI-grouped on identical future records,FF,percentage point,Cs presence,Cs absent,chronological - DOI-grouped,bias,-0.5863248195784976,-0.7359967248701433,-0.444553038687205,True,1211,1211,True
Chronological minus DOI-grouped on identical future records,FF,percentage point,Cs presence,Cs absent,chronological - DOI-grouped,RMSE,0.2382398302541553,0.10923587064587115,0.3685812575986588,True,1211,1211,True
Chronological minus DOI-grouped on identical future records,FF,percentage point,Cs presence,Cs absent,chronological - DOI-grouped,R2,-0.03626852003260783,-0.056533713663633925,-0.016666169726478226,True,1211,1211,True
Chronological minus DOI-grouped on identical future records,FF,percentage point,Cs presence,Cs absent,chronological - DOI-grouped,mean_feature_OOD_percentile,0.026421264195992333,0.020246931498673817,0.032720747272544135,True,1211,1211,True
Chronological minus DOI-grouped on identical future records,FF,percentage point,Cs presence,Cs absent,chronological - DOI-grouped,high_feature_OOD_fraction,0.03379446112120456,0.02301718868148517,0.04440859646162047,True,1211,1211,True
Chronological minus DOI-grouped on identical future records,FF,percentage point,Cs presence,Cs absent,chronological - DOI-grouped,coverage_90,-0.018877622097014712,-0.02629179389273225,-0.01093471225661767,True,1211,1211,True
Chronological minus DOI-grouped on identical future records,FF,percentage point,Cs presence,Cs absent,chronological - DOI-grouped,interval_90_mean_width,-1.460585136779212,-1.8063214304874395,-1.115754837047121,True,1211,1211,True
Chronological minus DOI-grouped on identical future records,FF,percentage point,Cs presence,Cs present,chronological - DOI-grouped,MAE,0.7503204476757777,0.5078791324429822,0.9843655292091735,True,587,587,True
Chronological minus DOI-grouped on identical future records,FF,percentage point,Cs presence,Cs present,chronological - DOI-grouped,bias,-1.3743538743786279,-1.6478280467017932,-1.1061874486168939,True,587,587,True
Chronological minus DOI-grouped on identical future records,FF,percentage point,Cs presence,Cs present,chronological - DOI-grouped,RMSE,0.5501713592159714,0.2878740635232075,0.8329959827007484,True,587,587,True
Chronological minus DOI-grouped on identical future records,FF,percentage point,Cs presence,Cs present,chronological - DOI-grouped,R2,-0.0957156892291311,-0.14950737268000822,-0.048412460366599616,True,587,587,True
Chronological minus DOI-grouped on identical future records,FF,percentage point,Cs presence,Cs present,chronological - DOI-grouped,mean_feature_OOD_percentile,0.07178604889343576,0.06283826696268599,0.08162575746228995,True,587,587,True
Chronological minus DOI-grouped on identical future records,FF,percentage point,Cs presence,Cs present,chronological - DOI-grouped,high_feature_OOD_fraction,0.10008253231190756,0.07811292499940406,0.12563067226586372,True,587,587,True
Chronological minus DOI-grouped on identical future records,FF,percentage point,Cs presence,Cs present,chronological - DOI-grouped,coverage_90,-0.0019825189619259165,-0.015239629465569888,0.010173355649958561,False,587,587,True
Chronological minus DOI-grouped on identical future records,FF,percentage point,Cs presence,Cs present,chronological - DOI-grouped,interval_90_mean_width,0.5926097946841757,-0.015233052093976423,1.1412784172488684,False,587,587,True
Chronological minus DOI-grouped on identical future records,FF,percentage point,Pb presence,Pb absent,chronological - DOI-grouped,MAE,-0.3047081205494919,-0.9914025222149855,0.38332960059316157,False,55,55,True
Chronological minus DOI-grouped on identical future records,FF,percentage point,Pb presence,Pb absent,chronological - DOI-grouped,bias,-0.7990419715504384,-1.6008586776111295,0.014620300261395417,False,55,55,True
Chronological minus DOI-grouped on identical future records,FF,percentage point,Pb presence,Pb absent,chronological - DOI-grouped,RMSE,-0.2940211482322308,-1.1094019372280743,0.5387087146006674,False,55,55,True
Chronological minus DOI-grouped on identical future records,FF,percentage point,Pb presence,Pb absent,chronological - DOI-grouped,R2,0.0332812611478992,-0.06724375114430807,0.12794068426738064,False,55,55,True
Chronological minus DOI-grouped on identical future records,FF,percentage point,Pb presence,Pb absent,chronological - DOI-grouped,mean_feature_OOD_percentile,0.020345856481934765,9.852274295550374e-05,0.04599247287660268,True,55,55,True
Chronological minus DOI-grouped on identical future records,FF,percentage point,Pb presence,Pb absent,chronological - DOI-grouped,high_feature_OOD_fraction,0.11030303030303024,0.014747564742219091,0.21322172619047614,True,55,55,True
Chronological minus DOI-grouped on identical future records,FF,percentage point,Pb presence,Pb absent,chronological - DOI-grouped,coverage_90,-0.041579430670339756,-0.11852493276461622,0.030257752116304687,False,55,55,True
Chronological minus DOI-grouped on identical future records,FF,percentage point,Pb presence,Pb absent,chronological - DOI-grouped,interval_90_mean_width,-3.951032164967316,-5.803205225754119,-2.020129072542305,True,55,55,True
Chronological minus DOI-grouped on identical future records,FF,percentage point,Pb presence,Pb present,chronological - DOI-grouped,MAE,0.49464244301452,0.37768948359568993,0.6083845844988414,True,1680,1680,True
Chronological minus DOI-grouped on identical future records,FF,percentage point,Pb presence,Pb present,chronological - DOI-grouped,bias,-0.8677310782342009,-1.0092748095923318,-0.7207498873072855,True,1680,1680,True
Chronological minus DOI-grouped on identical future records,FF,percentage point,Pb presence,Pb present,chronological - DOI-grouped,RMSE,0.35752473870836177,0.23267923554275338,0.4882866799098458,True,1680,1680,True
Chronological minus DOI-grouped on identical future records,FF,percentage point,Pb presence,Pb present,chronological - DOI-grouped,R2,-0.06077567198548306,-0.08374258239218148,-0.03938923829539088,True,1680,1680,True
Chronological minus DOI-grouped on identical future records,FF,percentage point,Pb presence,Pb present,chronological - DOI-grouped,mean_feature_OOD_percentile,0.041513303391720435,0.03658220407988479,0.0470596563030423,True,1680,1680,True
Chronological minus DOI-grouped on identical future records,FF,percentage point,Pb presence,Pb present,chronological - DOI-grouped,high_feature_OOD_fraction,0.05428697042466661,0.04398526331705644,0.06537364109711864,True,1680,1680,True
Chronological minus DOI-grouped on identical future records,FF,percentage point,Pb presence,Pb present,chronological - DOI-grouped,coverage_90,-0.012487243032240691,-0.01961788192295049,-0.006105840859845913,True,1680,1680,True
Chronological minus DOI-grouped on identical future records,FF,percentage point,Pb presence,Pb present,chronological - DOI-grouped,interval_90_mean_width,-0.6307940615671193,-0.9548315178108131,-0.32573593409176016,True,1680,1680,True
Chronological minus DOI-grouped on identical future records,FF,percentage point,Sn presence,Sn absent,chronological - DOI-grouped,MAE,0.4781863268676334,0.3661088605029348,0.5943032527914467,True,1685,1685,True
Chronological minus DOI-grouped on identical future records,FF,percentage point,Sn presence,Sn absent,chronological - DOI-grouped,bias,-0.8424443103450565,-0.981920946881149,-0.696035373552333,True,1685,1685,True
Chronological minus DOI-grouped on identical future records,FF,percentage point,Sn presence,Sn absent,chronological - DOI-grouped,RMSE,0.33908483077291507,0.21161135883978305,0.4692602064251467,True,1685,1685,True
Chronological minus DOI-grouped on identical future records,FF,percentage point,Sn presence,Sn absent,chronological - DOI-grouped,R2,-0.054741714554373044,-0.07668457600441675,-0.03353641439201704,True,1685,1685,True
Chronological minus DOI-grouped on identical future records,FF,percentage point,Sn presence,Sn absent,chronological - DOI-grouped,mean_feature_OOD_percentile,0.04125318192800642,0.03602264508443827,0.04669466730442978,True,1685,1685,True
Chronological minus DOI-grouped on identical future records,FF,percentage point,Sn presence,Sn absent,chronological - DOI-grouped,high_feature_OOD_fraction,0.054857830057432194,0.04461462639126075,0.06654687130308329,True,1685,1685,True
Chronological minus DOI-grouped on identical future records,FF,percentage point,Sn presence,Sn absent,chronological - DOI-grouped,coverage_90,-0.013627241321957029,-0.020671719093850162,-0.007210334351911671,True,1685,1685,True
Chronological minus DOI-grouped on identical future records,FF,percentage point,Sn presence,Sn absent,chronological - DOI-grouped,interval_90_mean_width,-0.6854722070580515,-1.0079112403007233,-0.38147690022602704,True,1685,1685,True
Chronological minus DOI-grouped on identical future records,FF,percentage point,Sn presence,Sn present,chronological - DOI-grouped,MAE,0.3013471139811008,-0.23882337124174957,0.8273468134455405,False,55,55,True
Chronological minus DOI-grouped on identical future records,FF,percentage point,Sn presence,Sn present,chronological - DOI-grouped,bias,-1.6250313077404674,-2.2259355267321097,-0.9689996784909933,True,55,55,True
Chronological minus DOI-grouped on identical future records,FF,percentage point,Sn presence,Sn present,chronological - DOI-grouped,RMSE,0.22588954549865115,-0.436539257870152,0.9513900089812429,False,55,55,True
Chronological minus DOI-grouped on identical future records,FF,percentage point,Sn presence,Sn present,chronological - DOI-grouped,R2,-0.022741843280177476,-0.11853895213653433,0.0426367196462134,False,55,55,True
Chronological minus DOI-grouped on identical future records,FF,percentage point,Sn presence,Sn present,chronological - DOI-grouped,mean_feature_OOD_percentile,0.038122452600029666,0.020372460458496895,0.05830836776622514,True,55,55,True
Chronological minus DOI-grouped on identical future records,FF,percentage point,Sn presence,Sn present,chronological - DOI-grouped,high_feature_OOD_fraction,0.10626262626262628,0.024783333333333303,0.20227083333333332,True,55,55,True
Chronological minus DOI-grouped on identical future records,FF,percentage point,Sn presence,Sn present,chronological - DOI-grouped,coverage_90,-0.000973370064279111,-0.08269461859979105,0.08114935928433246,False,55,55,True
Chronological minus DOI-grouped on identical future records,FF,percentage point,Sn presence,Sn present,chronological - DOI-grouped,interval_90_mean_width,-2.266678082438517,-3.9945717992914442,-0.6939807397297754,True,55,55,True
Within chronological cohort,FF,percentage point,A-site pattern,FA (no MA/Cs),FA (no MA/Cs) - MA (no FA/Cs),MAE,0.12592226108746374,-0.9766095534882925,1.3882041636143536,False,62,928,True
Within chronological cohort,FF,percentage point,A-site pattern,FA (no MA/Cs),FA (no MA/Cs) - MA (no FA/Cs),bias,-2.5636591470091323,-4.58376585344624,-0.3780084883887857,True,62,928,True
Within chronological cohort,FF,percentage point,A-site pattern,FA (no MA/Cs),FA (no MA/Cs) - MA (no FA/Cs),RMSE,-0.7935652811380294,-2.1026255203949034,0.6417013936210922,False,62,928,True
Within chronological cohort,FF,percentage point,A-site pattern,FA (no MA/Cs),FA (no MA/Cs) - MA (no FA/Cs),R2,-0.12159669535825635,-0.4335881746477752,0.06234627550761591,False,62,928,True
Within chronological cohort,FF,percentage point,A-site pattern,FA (no MA/Cs),FA (no MA/Cs) - MA (no FA/Cs),mean_feature_OOD_percentile,0.2834683522426157,0.24713658630141172,0.3235899084961289,True,62,928,True
Within chronological cohort,FF,percentage point,A-site pattern,FA (no MA/Cs),FA (no MA/Cs) - MA (no FA/Cs),high_feature_OOD_fraction,0.26790102499438445,0.16326048663988268,0.3899739133566919,True,62,928,True
Within chronological cohort,FF,percentage point,A-site pattern,FA (no MA/Cs),FA (no MA/Cs) - MA (no FA/Cs),coverage_90,-0.008709207488200033,-0.08416284992934642,0.054188686629209365,False,62,928,True
Within chronological cohort,FF,percentage point,A-site pattern,FA (no MA/Cs),FA (no MA/Cs) - MA (no FA/Cs),interval_90_mean_width,2.5820534572358227,0.5628505142839256,4.572919029804206,True,62,928,True
Within chronological cohort,FF,percentage point,A-site pattern,Cs (no FA/MA),Cs (no FA/MA) - MA (no FA/Cs),MAE,1.1519165635133728,0.4014356218093665,1.9701335326515592,True,174,928,True
Within chronological cohort,FF,percentage point,A-site pattern,Cs (no FA/MA),Cs (no FA/MA) - MA (no FA/Cs),bias,-3.515293165427471,-4.874099110153039,-2.205446673750929,True,174,928,True
Within chronological cohort,FF,percentage point,A-site pattern,Cs (no FA/MA),Cs (no FA/MA) - MA (no FA/Cs),RMSE,0.4017360370087495,-0.530874835503596,1.3737917027040263,False,174,928,True
Within chronological cohort,FF,percentage point,A-site pattern,Cs (no FA/MA),Cs (no FA/MA) - MA (no FA/Cs),R2,-0.05308760107965127,-0.30738983949864546,0.11468125175404487,False,174,928,True
Within chronological cohort,FF,percentage point,A-site pattern,Cs (no FA/MA),Cs (no FA/MA) - MA (no FA/Cs),mean_feature_OOD_percentile,0.3632450471566453,0.339505608987391,0.38662635656596994,True,174,928,True
Within chronological cohort,FF,percentage point,A-site pattern,Cs (no FA/MA),Cs (no FA/MA) - MA (no FA/Cs),high_feature_OOD_fraction,0.4225408919747606,0.35314826329218724,0.4916643039295065,True,174,928,True
Within chronological cohort,FF,percentage point,A-site pattern,Cs (no FA/MA),Cs (no FA/MA) - MA (no FA/Cs),coverage_90,0.039948826584183306,0.006669351039114305,0.07082982124914508,True,174,928,True
Within chronological cohort,FF,percentage point,A-site pattern,Cs (no FA/MA),Cs (no FA/MA) - MA (no FA/Cs),interval_90_mean_width,4.84089085151907,3.624158252271279,6.080065432219679,True,174,928,True
Within chronological cohort,FF,percentage point,A-site pattern,FA+MA,FA+MA - MA (no FA/Cs),MAE,-1.5979263739590746,-2.160207423583084,-0.9453749550784506,True,255,928,True
Within chronological cohort,FF,percentage point,A-site pattern,FA+MA,FA+MA - MA (no FA/Cs),bias,-1.1341250673887657,-2.1299398906383202,-0.06391106960591629,True,255,928,True
Within chronological cohort,FF,percentage point,A-site pattern,FA+MA,FA+MA - MA (no FA/Cs),RMSE,-2.2057596686978087,-3.1724675236072826,-1.237813698306523,True,255,928,True
Within chronological cohort,FF,percentage point,A-site pattern,FA+MA,FA+MA - MA (no FA/Cs),R2,-0.1156348873291938,-0.2795323955841318,0.018427672949524403,False,255,928,True
Within chronological cohort,FF,percentage point,A-site pattern,FA+MA,FA+MA - MA (no FA/Cs),mean_feature_OOD_percentile,0.11583303396014688,0.08102570288785205,0.14966936813949358,True,255,928,True
Within chronological cohort,FF,percentage point,A-site pattern,FA+MA,FA+MA - MA (no FA/Cs),high_feature_OOD_fraction,0.022645110763138146,-0.01903231650155493,0.06414456533596245,False,255,928,True
Within chronological cohort,FF,percentage point,A-site pattern,FA+MA,FA+MA - MA (no FA/Cs),coverage_90,0.04610725477608013,0.019182486803524197,0.07150596987926278,True,255,928,True
Within chronological cohort,FF,percentage point,A-site pattern,FA+MA,FA+MA - MA (no FA/Cs),interval_90_mean_width,-3.2432899494014364,-4.216387044406062,-2.195217642821963,True,255,928,True
Within chronological cohort,FF,percentage point,A-site pattern,FA+Cs,FA+Cs - MA (no FA/Cs),MAE,-0.21448030373120375,-1.25073759130742,0.7936052840713926,False,72,928,True
Within chronological cohort,FF,percentage point,A-site pattern,FA+Cs,FA+Cs - MA (no FA/Cs),bias,-1.4776487158541722,-3.310731497040329,0.44826387330505624,False,72,928,True
Within chronological cohort,FF,percentage point,A-site pattern,FA+Cs,FA+Cs - MA (no FA/Cs),RMSE,-0.8942721171240553,-2.4931603428299884,0.9593082336651307,False,72,928,True
Within chronological cohort,FF,percentage point,A-site pattern,FA+Cs,FA+Cs - MA (no FA/Cs),R2,-0.18143117360747318,-0.4980162371796428,0.05583551040732199,False,72,928,True
Within chronological cohort,FF,percentage point,A-site pattern,FA+Cs,FA+Cs - MA (no FA/Cs),mean_feature_OOD_percentile,0.2538912903236382,0.2084162375631121,0.30011182355640675,True,72,928,True
Within chronological cohort,FF,percentage point,A-site pattern,FA+Cs,FA+Cs - MA (no FA/Cs),high_feature_OOD_fraction,0.12658463529089797,0.03799646718891778,0.22288548048233028,True,72,928,True
Within chronological cohort,FF,percentage point,A-site pattern,FA+Cs,FA+Cs - MA (no FA/Cs),coverage_90,0.029955497355940386,-0.022257365052694104,0.07886346418856541,False,72,928,True
Within chronological cohort,FF,percentage point,A-site pattern,FA+Cs,FA+Cs - MA (no FA/Cs),interval_90_mean_width,-0.36814810541449816,-2.193566001985308,1.7695896588965376,False,72,928,True
Within chronological cohort,FF,percentage point,A-site pattern,MA+Cs,MA+Cs - MA (no FA/Cs),MAE,0.16022119957704284,-2.0006622780845102,2.638356650645878,False,15,928,False
Within chronological cohort,FF,percentage point,A-site pattern,MA+Cs,MA+Cs - MA (no FA/Cs),bias,-2.8259485597323692,-7.2075957324459345,1.7490045698712797,False,15,928,False
Within chronological cohort,FF,percentage point,A-site pattern,MA+Cs,MA+Cs - MA (no FA/Cs),RMSE,-0.7413823935894683,-3.337267677150822,1.6560614572575123,False,15,928,False
Within chronological cohort,FF,percentage point,A-site pattern,MA+Cs,MA+Cs - MA (no FA/Cs),R2,-0.3574996288530994,-2.542457568251378,0.09025630588990033,False,15,928,False
Within chronological cohort,FF,percentage point,A-site pattern,MA+Cs,MA+Cs - MA (no FA/Cs),mean_feature_OOD_percentile,0.15517273970693268,0.062388299193463725,0.24021015575325394,True,15,928,False
Within chronological cohort,FF,percentage point,A-site pattern,MA+Cs,MA+Cs - MA (no FA/Cs),high_feature_OOD_fraction,-0.028970920264657585,-0.10775134452391613,0.1346747617942894,False,15,928,False
Within chronological cohort,FF,percentage point,A-site pattern,MA+Cs,MA+Cs - MA (no FA/Cs),coverage_90,0.08024484920779218,0.025829226515751535,0.12127151494348068,True,15,928,False
Within chronological cohort,FF,percentage point,A-site pattern,MA+Cs,MA+Cs - MA (no FA/Cs),interval_90_mean_width,3.339496825655239,0.14756998098194782,6.347683377661724,True,15,928,False
Within chronological cohort,FF,percentage point,A-site pattern,FA+MA+Cs,FA+MA+Cs - MA (no FA/Cs),MAE,-1.3516203231043793,-1.968685644672858,-0.7461648388852784,True,342,928,True
Within chronological cohort,FF,percentage point,A-site pattern,FA+MA+Cs,FA+MA+Cs - MA (no FA/Cs),bias,-0.0033116519585757453,-1.0136137308997912,1.0189592134515915,False,342,928,True
Within chronological cohort,FF,percentage point,A-site pattern,FA+MA+Cs,FA+MA+Cs - MA (no FA/Cs),RMSE,-1.1665317946807132,-2.164023814920914,-0.19580732461256958,True,342,928,True
Within chronological cohort,FF,percentage point,A-site pattern,FA+MA+Cs,FA+MA+Cs - MA (no FA/Cs),R2,-0.11890673460503365,-0.219788948410886,-0.03253289086131523,True,342,928,True
Within chronological cohort,FF,percentage point,A-site pattern,FA+MA+Cs,FA+MA+Cs - MA (no FA/Cs),mean_feature_OOD_percentile,0.010035247290161808,-0.022653633911565232,0.045521753502748334,False,342,928,True
Within chronological cohort,FF,percentage point,A-site pattern,FA+MA+Cs,FA+MA+Cs - MA (no FA/Cs),high_feature_OOD_fraction,0.010460992851466053,-0.025894422541736285,0.0477050896333508,False,342,928,True
Within chronological cohort,FF,percentage point,A-site pattern,FA+MA+Cs,FA+MA+Cs - MA (no FA/Cs),coverage_90,0.010613115224923031,-0.018583746986730525,0.03788657024334249,False,342,928,True
Within chronological cohort,FF,percentage point,A-site pattern,FA+MA+Cs,FA+MA+Cs - MA (no FA/Cs),interval_90_mean_width,-5.208037264926151,-6.178818184292291,-4.188316943530439,True,342,928,True
Within chronological cohort,FF,percentage point,A-site pattern,Other/unknown,Other/unknown - MA (no FA/Cs),MAE,4.614172542864592,1.8057703021643576,7.2440799801592375,True,25,928,True
Within chronological cohort,FF,percentage point,A-site pattern,Other/unknown,Other/unknown - MA (no FA/Cs),bias,3.872533376898992,-1.4206869507729658,9.117094769961858,False,25,928,True
Within chronological cohort,FF,percentage point,A-site pattern,Other/unknown,Other/unknown - MA (no FA/Cs),RMSE,4.281393606553303,0.9608224420907117,7.261597417911213,True,25,928,True
Within chronological cohort,FF,percentage point,A-site pattern,Other/unknown,Other/unknown - MA (no FA/Cs),R2,-0.09423854884546146,-0.6083237664365864,0.18052711417053469,False,25,928,True
Within chronological cohort,FF,percentage point,A-site pattern,Other/unknown,Other/unknown - MA (no FA/Cs),mean_feature_OOD_percentile,0.42155839195380107,0.39548433580948317,0.44673188210907405,True,25,928,True
Within chronological cohort,FF,percentage point,A-site pattern,Other/unknown,Other/unknown - MA (no FA/Cs),high_feature_OOD_fraction,0.7710290797353423,0.6397021646625238,0.8832189471837539,True,25,928,True
Within chronological cohort,FF,percentage point,A-site pattern,Other/unknown,Other/unknown - MA (no FA/Cs),coverage_90,-0.008273669310726373,-0.11630117909275646,0.07833749842487442,False,25,928,True
Within chronological cohort,FF,percentage point,A-site pattern,Other/unknown,Other/unknown - MA (no FA/Cs),interval_90_mean_width,10.81697138213709,8.422632494021007,12.788505934078593,True,25,928,True
Within chronological cohort,FF,percentage point,B-site pattern,Sn (no Pb),Sn (no Pb) - Pb (no Sn),MAE,0.7070847962692293,-1.0325467911017807,2.537087271465469,False,30,1660,True
Within chronological cohort,FF,percentage point,B-site pattern,Sn (no Pb),Sn (no Pb) - Pb (no Sn),bias,-0.2060936881056208,-3.4808076092092755,2.9185324892858393,False,30,1660,True
Within chronological cohort,FF,percentage point,B-site pattern,Sn (no Pb),Sn (no Pb) - Pb (no Sn),RMSE,0.35008639190910884,-1.9714628240177208,2.531596054621601,False,30,1660,True
Within chronological cohort,FF,percentage point,B-site pattern,Sn (no Pb),Sn (no Pb) - Pb (no Sn),R2,0.30726412079389753,-0.06814220461336551,0.46202560755794253,False,30,1660,True
Within chronological cohort,FF,percentage point,B-site pattern,Sn (no Pb),Sn (no Pb) - Pb (no Sn),mean_feature_OOD_percentile,0.3198040584704194,0.2868246406421046,0.35069373567683904,True,30,1660,True
Within chronological cohort,FF,percentage point,B-site pattern,Sn (no Pb),Sn (no Pb) - Pb (no Sn),high_feature_OOD_fraction,0.4802399738718477,0.3113343979549365,0.6472943639142641,True,30,1660,True
Within chronological cohort,FF,percentage point,B-site pattern,Sn (no Pb),Sn (no Pb) - Pb (no Sn),coverage_90,-0.04314468429335949,-0.17878846675060775,0.05730467285473038,False,30,1660,True
Within chronological cohort,FF,percentage point,B-site pattern,Sn (no Pb),Sn (no Pb) - Pb (no Sn),interval_90_mean_width,4.852892742159224,1.5548597710001835,8.011900959391914,True,30,1660,True
Within chronological cohort,FF,percentage point,B-site pattern,Pb+Sn,Pb+Sn - Pb (no Sn),MAE,-0.40519048045910644,-2.085747715005527,1.2200143649490047,False,25,1660,True
Within chronological cohort,FF,percentage point,B-site pattern,Pb+Sn,Pb+Sn - Pb (no Sn),bias,-3.495301515326694,-5.9356610432829395,-1.286437669635996,True,25,1660,True
Within chronological cohort,FF,percentage point,B-site pattern,Pb+Sn,Pb+Sn - Pb (no Sn),RMSE,-1.4046268534765414,-3.267811714048815,0.25596673740512776,False,25,1660,True
Within chronological cohort,FF,percentage point,B-site pattern,Pb+Sn,Pb+Sn - Pb (no Sn),R2,-0.6046852123345529,-1.9279759853468856,-0.042272845048620764,True,25,1660,True
Within chronological cohort,FF,percentage point,B-site pattern,Pb+Sn,Pb+Sn - Pb (no Sn),mean_feature_OOD_percentile,0.2623487720824049,0.2244047836615343,0.29903553520517256,True,25,1660,True
Within chronological cohort,FF,percentage point,B-site pattern,Pb+Sn,Pb+Sn - Pb (no Sn),high_feature_OOD_fraction,0.13676522639710026,-0.013703415943527902,0.3164140229650586,False,25,1660,True
Within chronological cohort,FF,percentage point,B-site pattern,Pb+Sn,Pb+Sn - Pb (no Sn),coverage_90,0.03880481065613561,-0.016673804734234125,0.08828745738761704,False,25,1660,True
Within chronological cohort,FF,percentage point,B-site pattern,Pb+Sn,Pb+Sn - Pb (no Sn),interval_90_mean_width,0.18292168840560308,-3.388502142823982,3.9518710386108085,False,25,1660,True
Within chronological cohort,FF,percentage point,B-site pattern,Other/unknown,Other/unknown - Pb (no Sn),MAE,2.890594450554686,0.4290552256501088,5.573086168860041,True,25,1660,True
Within chronological cohort,FF,percentage point,B-site pattern,Other/unknown,Other/unknown - Pb (no Sn),bias,0.6873003823370076,-4.308000534252835,5.134676984283473,False,25,1660,True
Within chronological cohort,FF,percentage point,B-site pattern,Other/unknown,Other/unknown - Pb (no Sn),RMSE,2.993526255350851,-0.08773053579369124,6.041052799647884,False,25,1660,True
Within chronological cohort,FF,percentage point,B-site pattern,Other/unknown,Other/unknown - Pb (no Sn),R2,0.05535362599156335,-0.37380706035680344,0.309722885271717,False,25,1660,True
Within chronological cohort,FF,percentage point,B-site pattern,Other/unknown,Other/unknown - Pb (no Sn),mean_feature_OOD_percentile,0.344221136778453,0.310883935899408,0.3734947792875929,True,25,1660,True
Within chronological cohort,FF,percentage point,B-site pattern,Other/unknown,Other/unknown - Pb (no Sn),high_feature_OOD_fraction,0.6383207819526558,0.47749671530962606,0.7914211771392694,True,25,1660,True
Within chronological cohort,FF,percentage point,B-site pattern,Other/unknown,Other/unknown - Pb (no Sn),coverage_90,-0.0026396337883090037,-0.08190008848037277,0.06360992302444456,False,25,1660,True
Within chronological cohort,FF,percentage point,B-site pattern,Other/unknown,Other/unknown - Pb (no Sn),interval_90_mean_width,9.538816921070147,7.218200894385354,11.844234629872682,True,25,1660,True
Presence contrast within chronological cohort,FF,percentage point,FA presence,FA present,FA present - absent,MAE,-1.4902611538238162,-1.9227092539999193,-1.040611493946316,True,685,1124,True
Presence contrast within chronological cohort,FF,percentage point,FA presence,FA present,FA present - absent,bias,-0.1693715294574758,-0.9503837979376304,0.6467842287634966,False,685,1124,True
Presence contrast within chronological cohort,FF,percentage point,FA presence,FA present,FA present - absent,RMSE,-1.6121726467702153,-2.313793757088599,-0.9402415050081042,True,685,1124,True
Presence contrast within chronological cohort,FF,percentage point,FA presence,FA present,FA present - absent,R2,-0.10718968199526824,-0.19314395871764983,-0.02057661319070376,True,685,1124,True
Presence contrast within chronological cohort,FF,percentage point,FA presence,FA present,FA present - absent,mean_feature_OOD_percentile,0.028275314901073267,0.002680946008250196,0.054610366595073095,True,685,1124,True
Presence contrast within chronological cohort,FF,percentage point,FA presence,FA present,FA present - absent,high_feature_OOD_fraction,-0.0289514852288065,-0.056306012746461985,0.0016826321473482563,False,685,1124,True
Presence contrast within chronological cohort,FF,percentage point,FA presence,FA present,FA present - absent,coverage_90,0.01665459578842099,-0.0033916242974368982,0.0375156154674229,False,685,1124,True
Presence contrast within chronological cohort,FF,percentage point,FA presence,FA present,FA present - absent,interval_90_mean_width,-4.361092566189782,-5.085869518415577,-3.5717972640927305,True,685,1124,True
Presence contrast within chronological cohort,FF,percentage point,MA presence,MA present,MA present - absent,MAE,-1.390715481899039,-1.9806511185796762,-0.7720152099102094,True,1460,320,True
Presence contrast within chronological cohort,FF,percentage point,MA presence,MA present,MA present - absent,bias,2.3096994435416556,1.268774931171145,3.3555118357031604,True,1460,320,True
Presence contrast within chronological cohort,FF,percentage point,MA presence,MA present,MA present - absent,RMSE,-0.765684228858003,-1.5785774913200723,0.008030318018516037,False,1460,320,True
Presence contrast within chronological cohort,FF,percentage point,MA presence,MA present,MA present - absent,R2,-0.05187479196725153,-0.15898887477484897,0.08859963141214758,False,1460,320,True
Presence contrast within chronological cohort,FF,percentage point,MA presence,MA present,MA present - absent,mean_feature_OOD_percentile,-0.3053772187210563,-0.32578434061801376,-0.28470073570642035,True,1460,320,True
Presence contrast within chronological cohort,FF,percentage point,MA presence,MA present,MA present - absent,high_feature_OOD_fraction,-0.3403396830901964,-0.3908235874444633,-0.28946638076509407,True,1460,320,True
Presence contrast within chronological cohort,FF,percentage point,MA presence,MA present,MA present - absent,coverage_90,-0.018403433191690355,-0.0439093558740753,0.008742280332583802,False,1460,320,True
Presence contrast within chronological cohort,FF,percentage point,MA presence,MA present,MA present - absent,interval_90_mean_width,-5.270100794145961,-6.232167314916654,-4.318445959179674,True,1460,320,True
Presence contrast within chronological cohort,FF,percentage point,Cs presence,Cs present,Cs present - absent,MAE,-0.24171074086027922,-0.7191497480243793,0.26934581629665505,False,587,1211,True
Presence contrast within chronological cohort,FF,percentage point,Cs presence,Cs present,Cs present - absent,bias,-0.8363157321618098,-1.640645978333927,-0.049841541487872204,True,587,1211,True
Presence contrast within chronological cohort,FF,percentage point,Cs presence,Cs present,Cs present - absent,RMSE,-0.28517442883739363,-0.9837600327825694,0.3975577440612467,False,587,1211,True
Presence contrast within chronological cohort,FF,percentage point,Cs presence,Cs present,Cs present - absent,R2,-0.10349235193465789,-0.21747191791973508,-0.003225651657116752,True,587,1211,True
Presence contrast within chronological cohort,FF,percentage point,Cs presence,Cs present,Cs present - absent,mean_feature_OOD_percentile,0.1041205014413511,0.07722148465179726,0.1317652386455422,True,587,1211,True
Presence contrast within chronological cohort,FF,percentage point,Cs presence,Cs present,Cs present - absent,high_feature_OOD_fraction,0.11257115413879126,0.07725567746573572,0.14893584454231648,True,587,1211,True
Presence contrast within chronological cohort,FF,percentage point,Cs presence,Cs present,Cs present - absent,coverage_90,0.015962616483277348,-0.005636970227512655,0.03736607408322755,False,587,1211,True
Presence contrast within chronological cohort,FF,percentage point,Cs presence,Cs present,Cs present - absent,interval_90_mean_width,-1.1130190151656052,-1.9960388138233098,-0.23179945052959658,True,587,1211,True
Presence contrast within chronological cohort,FF,percentage point,Pb presence,Pb present,Pb present - absent,MAE,-1.7030901125940643,-3.1960138007376546,-0.28760922681175016,True,1680,55,True
Presence contrast within chronological cohort,FF,percentage point,Pb presence,Pb present,Pb present - absent,bias,-0.24021752344416347,-2.9138037086891435,2.7013327858614447,False,1680,55,True
Presence contrast within chronological cohort,FF,percentage point,Pb presence,Pb present,Pb present - absent,RMSE,-1.6382883736341611,-3.5146084961420483,0.2912929236776647,False,1680,55,True
Presence contrast within chronological cohort,FF,percentage point,Pb presence,Pb present,Pb present - absent,R2,-0.22216935827695317,-0.3687599945601462,-0.009680979800152263,True,1680,55,True
Presence contrast within chronological cohort,FF,percentage point,Pb presence,Pb present,Pb present - absent,mean_feature_OOD_percentile,-0.3275300153850973,-0.3515045321334969,-0.3031136248508467,True,1680,55,True
Presence contrast within chronological cohort,FF,percentage point,Pb presence,Pb present,Pb present - absent,high_feature_OOD_fraction,-0.5502398773268912,-0.6694194994596127,-0.4334834043195454,True,1680,55,True
Presence contrast within chronological cohort,FF,percentage point,Pb presence,Pb present,Pb present - absent,coverage_90,0.025173576058305835,-0.03741877564053662,0.10299726893947858,False,1680,55,True
Presence contrast within chronological cohort,FF,percentage point,Pb presence,Pb present,Pb present - absent,interval_90_mean_width,-6.974782753134637,-9.04050073005963,-4.9100537167507685,True,1680,55,True
Presence contrast within chronological cohort,FF,percentage point,Sn presence,Sn present,Sn present - absent,MAE,0.15861796700897646,-1.039719698538343,1.4334602409143777,False,55,1685,True
Presence contrast within chronological cohort,FF,percentage point,Sn presence,Sn present,Sn present - absent,bias,-1.7113854900738017,-3.9569227480212,0.47946628448542,False,55,1685,True
Presence contrast within chronological cohort,FF,percentage point,Sn presence,Sn present,Sn present - absent,RMSE,-0.45948292738068375,-2.081526645634977,1.0612028386170376,False,55,1685,True
Presence contrast within chronological cohort,FF,percentage point,Sn presence,Sn present,Sn present - absent,R2,0.3447907820152667,0.04680853846264928,0.48011873559274587,True,55,1685,True
Presence contrast within chronological cohort,FF,percentage point,Sn presence,Sn present,Sn present - absent,mean_feature_OOD_percentile,0.2885808806752699,0.2630008447109568,0.3172019517144141,True,55,1685,True
Presence contrast within chronological cohort,FF,percentage point,Sn presence,Sn present,Sn present - absent,high_feature_OOD_fraction,0.3146444539089814,0.19588348227609778,0.448154296121228,True,55,1685,True
Presence contrast within chronological cohort,FF,percentage point,Sn presence,Sn present,Sn present - absent,coverage_90,-0.005855750155712713,-0.08093697999758867,0.05512816775178157,False,55,1685,True
Presence contrast within chronological cohort,FF,percentage point,Sn presence,Sn present,Sn present - absent,interval_90_mean_width,2.5886531532102772,0.12994296336235192,5.1841436545683255,True,55,1685,True
